session_id,label,label_confidence,local_time,timestamp_ms,side,device_id,sync_id,packet_seq,p1,p2,p3,p4,p5,p6,t1,t2,t3,t4,ax,ay,az,gx,gy,gz,quality_flags,source
person_b_session_01,normal_reference,high,2026-08-14T21:40:00.188+08:00,1786714800188,right,foot_right_001,2402087,343639408,0.0046,0.0112,0.0149,0.0,0.0144,0.0447,30.87,31.34,24.1,31.22,3.92266,4.0795664,-6.7077485999999995,-6.4,-0.9,-1.4,0,ble
person_b_session_01,normal_reference,high,2026-08-14T21:40:00.194+08:00,1786714800194,left,foot_left_001,2402087,343639408,0.021,0.0046,0.0283,0.0024,0.0088,0.0669,30.87,32.06,31.16,31.16,-5.3152042999999995,2.2457228499999995,-6.7665885,0.8,0.4,2.2,0,ble
person_b_session_01,normal_reference,high,2026-08-14T21:40:00.388+08:00,1786714800388,right,foot_right_001,2402087,343639409,0.0046,0.0107,0.0149,0.0,0.0142,0.0449,30.87,31.34,24.1,31.22,3.93246665,4.1384063,-6.7077485999999995,-6.4,-0.9,-1.3,0,ble
person_b_session_01,normal_reference,high,2026-08-14T21:40:00.394+08:00,1786714800394,left,foot_left_001,2402087,343639409,0.0171,0.0034,0.0237,0.0012,0.0085,0.0686,30.9,32.09,31.22,31.22,-5.295590999999999,2.22610955,-6.7665885,0.6,0.2,2.2,0,ble
person_b_session_01,normal_reference,high,2026-08-14T21:40:00.588+08:00,1786714800588,right,foot_right_001,2402087,343639410,0.0046,0.011,0.0151,0.0,0.0142,0.0449,30.87,31.34,24.13,31.22,3.8834334,4.1384063,-6.678328649999999,-6.3,-0.8,-1.4,0,ble
person_b_session_01,normal_reference,high,2026-08-14T21:40:00.594+08:00,1786714800594,left,foot_left_001,2402087,343639410,0.0186,0.0042,0.0259,0.0015,0.0088,0.0674,30.9,32.09,31.22,31.25,-5.32501095,2.2457228499999995,-6.776395149999999,0.4,-0.3,2.0,0,ble
person_b_session_01,normal_reference,high,2026-08-14T21:40:00.788+08:00,1786714800788,right,foot_right_001,2402087,343639411,0.0049,0.011,0.0156,0.0,0.0144,0.0447,30.9,31.34,24.16,31.25,3.8932400499999997,4.10898635,-6.7077485999999995,-6.2,-0.9,-1.3,0,ble
person_b_session_01,normal_reference,high,2026-08-14T21:40:00.794+08:00,1786714800794,left,foot_left_001,2402087,343639411,0.0198,0.0046,0.0281,0.0017,0.0088,0.0664,30.96,32.09,31.25,31.34,-5.28578435,2.2359161999999997,-6.8058151,0.7,0.2,2.0,0,ble
person_b_session_01,normal_reference,high,2026-08-14T21:40:00.988+08:00,1786714800988,right,foot_right_001,2402087,343639412,0.0054,0.0112,0.0166,0.0,0.0147,0.0447,30.9,31.34,24.16,31.25,3.8834334,4.12859965,-6.6881353,-6.3,-1.0,-1.4,0,ble
person_b_session_01,normal_reference,high,2026-08-14T21:40:00.994+08:00,1786714800994,left,foot_left_001,2402087,343639412,0.0205,0.0046,0.0286,0.002,0.0088,0.0664,30.96,32.12,31.28,31.34,-5.295590999999999,2.2359161999999997,-6.776395149999999,0.7,0.4,2.2,0,ble
person_b_session_01,normal_reference,high,2026-08-14T21:40:01.188+08:00,1786714801188,right,foot_right_001,2402087,343639413,0.0049,0.011,0.0168,0.0,0.0147,0.0452,30.9,31.34,24.16,31.28,3.8834334,4.12859965,-6.69794195,-6.4,-0.9,-1.3,0,ble
person_b_session_01,normal_reference,high,2026-08-14T21:40:01.194+08:00,1786714801194,left,foot_left_001,2402087,343639413,0.0195,0.0046,0.0278,0.0022,0.0088,0.0674,30.96,32.12,31.28,31.34,-5.295590999999999,2.26533615,-6.7960084499999995,0.7,0.4,2.1,0,ble
person_b_session_01,normal_reference,high,2026-08-14T21:40:01.388+08:00,1786714801388,right,foot_right_001,2402087,343639414,0.0046,0.011,0.0168,0.0,0.0147,0.0452,30.96,31.39,24.16,31.34,3.8834334,4.12859965,-6.678328649999999,-6.3,-0.9,-1.3,0,ble
person_b_session_01,normal_reference,high,2026-08-14T21:40:01.394+08:00,1786714801394,left,foot_left_001,2402087,343639414,0.0186,0.0044,0.0274,0.0017,0.0088,0.0684,30.96,32.15,31.28,31.39,-5.30539765,2.2359161999999997,-6.756781849999999,0.6,0.3,2.2,0,ble
person_b_session_01,normal_reference,high,2026-08-14T21:40:01.588+08:00,1786714801588,right,foot_right_001,2402087,343639415,0.0054,0.0112,0.0168,0.0,0.0147,0.0452,30.96,31.39,24.21,31.34,3.9030467,4.1482129500000005,-6.69794195,-6.2,-0.9,-1.4,0,ble
person_b_session_01,normal_reference,high,2026-08-14T21:40:01.594+08:00,1786714801594,left,foot_left_001,2402087,343639415,0.02,0.0046,0.0288,0.0022,0.0093,0.0681,30.96,32.12,31.28,31.39,-5.30539765,2.2359161999999997,-6.7665885,0.5,0.1,2.0,0,ble
person_b_session_01,normal_reference,high,2026-08-14T21:40:01.788+08:00,1786714801788,right,foot_right_001,2402087,343639416,0.0051,0.011,0.0168,0.0,0.0149,0.0452,30.96,31.39,24.21,31.39,3.91285335,4.10898635,-6.717555249999999,-6.4,-0.9,-1.4,0,ble
person_b_session_01,normal_reference,high,2026-08-14T21:40:01.794+08:00,1786714801794,left,foot_left_001,2402087,343639416,0.0205,0.0049,0.0291,0.0024,0.009,0.0681,30.96,32.15,31.28,31.39,-5.30539765,2.22610955,-6.776395149999999,0.7,0.3,2.0,0,ble
person_b_session_01,normal_reference,high,2026-08-14T21:40:01.988+08:00,1786714801988,right,foot_right_001,2402087,343639417,0.0044,0.0107,0.0161,0.0,0.0149,0.0452,30.96,31.48,24.24,31.39,3.91285335,4.10898635,-6.668522,-6.2,-1.0,-1.5,0,ble
person_b_session_01,normal_reference,high,2026-08-14T21:40:01.994+08:00,1786714801994,left,foot_left_001,2402087,343639417,0.0193,0.0046,0.0286,0.0022,0.009,0.0684,30.96,32.15,31.34,31.39,-5.275977699999999,2.2359161999999997,-6.7960084499999995,0.8,0.4,2.2,0,ble
person_b_session_01,normal_reference,high,2026-08-14T21:40:02.188+08:00,1786714802188,right,foot_right_001,2402087,343639418,0.0037,0.0107,0.0149,0.0,0.0149,0.0452,30.96,31.39,24.24,31.48,3.8932400499999997,4.12859965,-6.6881353,-6.3,-1.0,-1.3,0,ble
person_b_session_01,normal_reference,high,2026-08-14T21:40:02.194+08:00,1786714802194,left,foot_left_001,2402087,343639418,0.0178,0.0039,0.0266,0.0015,0.009,0.0691,30.96,32.15,31.34,31.48,-5.295590999999999,2.2457228499999995,-6.776395149999999,0.7,0.2,2.2,0,ble
person_b_session_01,normal_reference,high,2026-08-14T21:40:02.388+08:00,1786714802388,right,foot_right_001,2402087,343639419,0.0046,0.0107,0.0147,0.0,0.0151,0.0454,30.96,31.48,24.27,31.48,3.8834334,4.118792999999999,-6.6881353,-6.2,-1.0,-1.3,0,ble
person_b_session_01,normal_reference,high,2026-08-14T21:40:02.394+08:00,1786714802394,left,foot_left_001,2402087,343639419,0.0176,0.0039,0.0269,0.0015,0.009,0.0689,30.96,32.15,31.34,31.48,-5.295590999999999,2.2359161999999997,-6.7960084499999995,0.6,0.2,2.2,0,ble
person_b_session_01,normal_reference,high,2026-08-14T21:40:02.588+08:00,1786714802588,right,foot_right_001,2402087,343639420,0.0051,0.0107,0.0147,0.0,0.0151,0.0452,30.96,31.48,24.27,31.48,3.9030467,4.10898635,-6.6881353,-6.2,-0.9,-1.3,0,ble
person_b_session_01,normal_reference,high,2026-08-14T21:40:02.594+08:00,1786714802594,left,foot_left_001,2402087,343639420,0.0176,0.0042,0.0276,0.002,0.0093,0.0684,30.96,32.15,31.34,31.48,-5.295590999999999,2.2457228499999995,-6.7665885,0.6,0.2,2.0,0,ble
person_b_session_01,normal_reference,high,2026-08-14T21:40:02.788+08:00,1786714802788,right,foot_right_001,2402087,343639421,0.0044,0.011,0.0149,0.0,0.0151,0.0452,30.96,31.48,24.29,31.54,3.92266,4.12859965,-6.678328649999999,-6.2,-1.0,-1.3,0,ble
person_b_session_01,normal_reference,high,2026-08-14T21:40:02.794+08:00,1786714802794,left,foot_left_001,2402087,343639421,0.0181,0.0042,0.0286,0.002,0.0095,0.0676,30.96,32.15,31.34,31.54,-5.26617105,2.2359161999999997,-6.7960084499999995,0.7,0.2,2.0,0,ble
person_b_session_01,normal_reference,high,2026-08-14T21:40:02.988+08:00,1786714802988,right,foot_right_001,2402087,343639422,0.0049,0.0112,0.0151,0.0,0.0151,0.0452,30.96,31.48,24.29,31.54,3.8932400499999997,4.12859965,-6.678328649999999,-6.3,-0.9,-1.4,0,ble
person_b_session_01,normal_reference,high,2026-08-14T21:40:02.994+08:00,1786714802994,left,foot_left_001,2402087,343639422,0.0181,0.0039,0.0286,0.002,0.0093,0.0681,30.96,32.18,31.34,31.54,-5.3152042999999995,2.22610955,-6.8058151,0.7,0.3,2.1,0,ble
person_b_session_01,normal_reference,high,2026-08-14T21:40:03.188+08:00,1786714803188,right,foot_right_001,2402087,343639423,0.0054,0.0112,0.0154,0.0,0.0154,0.0452,30.96,31.48,24.32,31.54,3.91285335,4.118792999999999,-6.678328649999999,-6.2,-0.9,-1.4,0,ble
person_b_session_01,normal_reference,high,2026-08-14T21:40:03.194+08:00,1786714803194,left,foot_left_001,2402087,343639423,0.0178,0.0042,0.0286,0.0017,0.0093,0.0679,30.96,32.18,31.39,31.57,-5.32501095,2.2163028999999996,-6.756781849999999,0.7,0.1,2.0,0,ble
person_b_session_01,normal_reference,high,2026-08-14T21:40:03.388+08:00,1786714803388,right,foot_right_001,2402087,343639424,0.0054,0.0115,0.0154,0.0,0.0154,0.0452,30.96,31.48,24.32,31.54,3.8834334,4.12859965,-6.6881353,-6.3,-0.8,-1.4,0,ble
person_b_session_01,normal_reference,high,2026-08-14T21:40:03.394+08:00,1786714803394,left,foot_left_001,2402087,343639424,0.0183,0.0042,0.0288,0.002,0.0093,0.0679,30.96,32.18,31.39,31.6,-5.295590999999999,2.20649625,-6.7469752,0.7,0.3,2.1,0,ble
person_b_session_01,normal_reference,high,2026-08-14T21:40:03.588+08:00,1786714803588,right,foot_right_001,2402087,343639425,0.0051,0.0117,0.0159,0.0,0.0161,0.0452,31.02,31.54,24.32,31.57,3.91285335,4.0991797,-6.7077485999999995,-6.3,-0.9,-1.4,0,ble
person_b_session_01,normal_reference,high,2026-08-14T21:40:03.594+08:00,1786714803594,left,foot_left_001,2402087,343639425,0.0181,0.0044,0.0288,0.002,0.0093,0.0676,31.02,32.18,31.39,31.66,-5.295590999999999,2.2457228499999995,-6.7273619,0.6,0.1,2.1,0,ble
person_b_session_01,normal_reference,high,2026-08-14T21:40:03.788+08:00,1786714803788,right,foot_right_001,2402087,343639426,0.0049,0.012,0.0161,0.0,0.0161,0.0449,31.02,31.54,24.37,31.57,3.9030467,4.12859965,-6.668522,-6.2,-1.0,-1.3,0,ble
person_b_session_01,normal_reference,high,2026-08-14T21:40:03.794+08:00,1786714803794,left,foot_left_001,2402087,343639426,0.0186,0.0044,0.0291,0.002,0.0093,0.0674,30.96,32.24,31.39,31.66,-5.30539765,2.2359161999999997,-6.7960084499999995,0.7,0.2,2.0,0,ble
person_b_session_01,normal_reference,high,2026-08-14T21:40:03.988+08:00,1786714803988,right,foot_right_001,2402087,343639427,0.0051,0.0122,0.0166,0.0,0.0164,0.0452,31.02,31.54,24.37,31.57,3.8638201,4.10898635,-6.7077485999999995,-6.3,-0.9,-1.4,0,ble
person_b_session_01,normal_reference,high,2026-08-14T21:40:03.994+08:00,1786714803994,left,foot_left_001,2402087,343639427,0.0188,0.0044,0.0293,0.0022,0.0093,0.0674,31.02,32.24,31.39,31.66,-5.3152042999999995,2.2555294999999997,-6.776395149999999,0.6,0.2,2.1,0,ble
person_b_session_01,normal_reference,high,2026-08-14T21:40:04.188+08:00,1786714804188,right,foot_right_001,2402087,343639428,0.0049,0.0122,0.0166,0.0,0.0161,0.0454,31.05,31.54,24.37,31.6,3.9030467,4.12859965,-6.7273619,-6.3,-0.8,-1.3,0,ble
person_b_session_01,normal_reference,high,2026-08-14T21:40:04.194+08:00,1786714804194,left,foot_left_001,2402087,343639428,0.0176,0.0044,0.0276,0.0015,0.0093,0.0684,31.02,32.24,31.39,31.66,-5.30539765,2.2359161999999997,-6.815621749999999,0.7,0.2,2.0,0,ble
person_b_session_01,normal_reference,high,2026-08-14T21:40:04.388+08:00,1786714804388,right,foot_right_001,2402087,343639429,0.0059,0.0127,0.0168,0.0,0.0156,0.0447,31.05,31.54,24.35,31.6,3.93246665,4.118792999999999,-6.6881353,-6.3,-0.9,-1.3,0,ble
person_b_session_01,normal_reference,high,2026-08-14T21:40:04.394+08:00,1786714804394,left,foot_left_001,2402087,343639429,0.0183,0.0044,0.0291,0.002,0.0095,0.0672,31.02,32.24,31.39,31.66,-5.28578435,2.2359161999999997,-6.83523505,0.5,0.0,2.0,0,ble
person_b_session_01,normal_reference,high,2026-08-14T21:40:04.588+08:00,1786714804588,right,foot_right_001,2402087,343639430,0.0051,0.0127,0.0171,0.0,0.0151,0.0444,31.05,31.54,24.4,31.66,3.9030467,4.10898635,-6.668522,-6.2,-0.9,-1.4,0,ble
person_b_session_01,normal_reference,high,2026-08-14T21:40:04.594+08:00,1786714804594,left,foot_left_001,2402087,343639430,0.02,0.0046,0.0303,0.0022,0.0095,0.0657,31.02,32.24,31.39,31.68,-5.30539765,2.2359161999999997,-6.8058151,0.7,0.2,2.1,0,ble
person_b_session_01,normal_reference,high,2026-08-14T21:40:04.788+08:00,1786714804788,right,foot_right_001,2402087,343639431,0.0056,0.0129,0.0173,0.0,0.0159,0.0447,31.05,31.54,24.35,31.66,3.8932400499999997,4.10898635,-6.69794195,-6.4,-1.0,-1.3,0,ble
person_b_session_01,normal_reference,high,2026-08-14T21:40:04.794+08:00,1786714804794,left,foot_left_001,2402087,343639431,0.02,0.0046,0.0303,0.0024,0.0095,0.0657,31.02,32.24,31.39,31.71,-5.30539765,2.2359161999999997,-6.7665885,0.6,0.1,2.0,0,ble
person_b_session_01,normal_reference,high,2026-08-14T21:40:04.988+08:00,1786714804988,right,foot_right_001,2402087,343639432,0.0059,0.0129,0.0173,0.0,0.0159,0.0449,31.05,31.54,24.4,31.66,3.8932400499999997,4.118792999999999,-6.7077485999999995,-6.4,-0.9,-1.4,0,ble
person_b_session_01,normal_reference,high,2026-08-14T21:40:04.994+08:00,1786714804994,left,foot_left_001,2402087,343639432,0.0203,0.0046,0.0305,0.0024,0.0093,0.0652,31.02,32.24,31.39,31.71,-5.275977699999999,2.22610955,-6.7862018,0.7,0.1,2.0,0,ble
person_b_session_01,normal_reference,high,2026-08-14T21:40:05.188+08:00,1786714805188,right,foot_right_001,2402087,343639433,0.0049,0.0125,0.0164,0.0,0.0166,0.0457,31.05,31.54,24.43,31.66,3.91285335,4.1384063,-6.678328649999999,-6.3,-0.9,-1.5,0,ble
person_b_session_01,normal_reference,high,2026-08-14T21:40:05.194+08:00,1786714805194,left,foot_left_001,2402087,343639433,0.019,0.0039,0.0295,0.0022,0.009,0.0669,31.05,32.24,31.39,31.71,-5.275977699999999,2.2163028999999996,-6.776395149999999,0.8,0.5,2.2,0,ble
person_b_session_01,normal_reference,high,2026-08-14T21:40:05.388+08:00,1786714805388,right,foot_right_001,2402087,343639434,0.0051,0.0112,0.0147,0.0,0.0159,0.0457,31.08,31.57,24.48,31.68,3.93246665,4.12859965,-6.717555249999999,-6.3,-0.9,-1.4,0,ble
person_b_session_01,normal_reference,high,2026-08-14T21:40:05.394+08:00,1786714805394,left,foot_left_001,2402087,343639434,0.0183,0.0034,0.0286,0.0022,0.0093,0.0686,31.05,32.27,31.48,31.77,-5.28578435,2.2457228499999995,-6.7469752,0.7,0.2,2.1,0,ble
person_b_session_01,normal_reference,high,2026-08-14T21:40:05.588+08:00,1786714805588,right,foot_right_001,2402087,343639435,0.0044,0.0107,0.0139,0.0,0.0159,0.0459,31.08,31.57,24.48,31.68,3.92266,4.10898635,-6.6881353,-6.3,-0.8,-1.3,0,ble
person_b_session_01,normal_reference,high,2026-08-14T21:40:05.594+08:00,1786714805594,left,foot_left_001,2402087,343639435,0.0178,0.0034,0.0281,0.002,0.0095,0.0689,31.05,32.24,31.39,31.77,-5.295590999999999,2.2555294999999997,-6.7862018,0.7,0.2,2.0,0,ble
person_b_session_01,normal_reference,high,2026-08-14T21:40:05.788+08:00,1786714805788,right,foot_right_001,2402087,343639436,0.0044,0.0107,0.0142,0.0,0.0159,0.0454,31.08,31.57,24.48,31.68,3.91285335,4.118792999999999,-6.7077485999999995,-6.3,-0.8,-1.4,0,ble
person_b_session_01,normal_reference,high,2026-08-14T21:40:05.794+08:00,1786714805794,left,foot_left_001,2402087,343639436,0.0178,0.0037,0.0283,0.002,0.0093,0.0694,31.05,32.27,31.48,31.77,-5.275977699999999,2.22610955,-6.8058151,0.6,0.2,2.1,0,ble
person_b_session_01,normal_reference,high,2026-08-14T21:40:05.988+08:00,1786714805988,right,foot_right_001,2402087,343639437,0.0049,0.0112,0.0142,0.0,0.0159,0.0452,31.1,31.57,24.48,31.68,3.91285335,4.10898635,-6.6881353,-6.4,-0.8,-1.3,0,ble
person_b_session_01,normal_reference,high,2026-08-14T21:40:05.994+08:00,1786714805994,left,foot_left_001,2402087,343639437,0.0186,0.0037,0.0293,0.0024,0.0095,0.0684,31.05,32.24,31.39,31.77,-5.26617105,2.22610955,-6.8058151,0.6,0.1,2.0,0,ble
person_b_session_01,normal_reference,high,2026-08-14T21:40:06.188+08:00,1786714806188,right,foot_right_001,2402087,343639438,0.0054,0.012,0.0147,0.0,0.0166,0.0449,31.08,31.57,24.48,31.71,3.91285335,4.1482129500000005,-6.69794195,-6.3,-1.0,-1.3,0,ble
person_b_session_01,normal_reference,high,2026-08-14T21:40:06.194+08:00,1786714806194,left,foot_left_001,2402087,343639438,0.019,0.0037,0.0295,0.0022,0.0095,0.0681,31.05,32.27,31.48,31.77,-5.3152042999999995,2.2457228499999995,-6.8254284,0.6,0.0,2.0,0,ble
person_b_session_01,normal_reference,high,2026-08-14T21:40:06.388+08:00,1786714806388,right,foot_right_001,2402087,343639439,0.0049,0.0122,0.0149,0.0,0.0168,0.0454,31.1,31.57,24.48,31.71,3.9030467,4.118792999999999,-6.678328649999999,-6.1,-0.9,-1.3,0,ble
person_b_session_01,normal_reference,high,2026-08-14T21:40:06.394+08:00,1786714806394,left,foot_left_001,2402087,343639439,0.0193,0.0039,0.0295,0.0024,0.0095,0.0681,31.05,32.24,31.48,31.77,-5.28578435,2.20649625,-6.8058151,0.8,0.3,2.0,0,ble
person_b_session_01,normal_reference,high,2026-08-14T21:40:06.588+08:00,1786714806588,right,foot_right_001,2402087,343639440,0.0046,0.0115,0.0149,0.0,0.0168,0.0454,31.08,31.57,24.48,31.71,3.92266,4.0991797,-6.6881353,-6.3,-0.9,-1.3,0,ble
person_b_session_01,normal_reference,high,2026-08-14T21:40:06.594+08:00,1786714806594,left,foot_left_001,2402087,343639440,0.0186,0.0039,0.0293,0.0024,0.0098,0.0689,31.05,32.27,31.48,31.83,-5.275977699999999,2.2359161999999997,-6.815621749999999,0.5,0.1,2.1,0,ble
person_b_session_01,normal_reference,high,2026-08-14T21:40:06.788+08:00,1786714806788,right,foot_right_001,2402087,343639441,0.0044,0.0112,0.0147,0.0,0.0168,0.0454,31.1,31.57,24.48,31.71,3.8932400499999997,4.0991797,-6.6881353,-6.3,-0.9,-1.3,0,ble
person_b_session_01,normal_reference,high,2026-08-14T21:40:06.794+08:00,1786714806794,left,foot_left_001,2402087,343639441,0.0186,0.0042,0.0295,0.0024,0.0095,0.0691,31.08,32.27,31.48,31.83,-5.28578435,2.22610955,-6.73716855,0.5,0.0,2.1,0,ble
person_b_session_01,normal_reference,high,2026-08-14T21:40:06.988+08:00,1786714806988,right,foot_right_001,2402087,343639442,0.0046,0.0115,0.0149,0.0,0.0171,0.0452,31.13,31.57,24.54,31.77,3.91285335,4.118792999999999,-6.7077485999999995,-6.2,-0.9,-1.4,0,ble
person_b_session_01,normal_reference,high,2026-08-14T21:40:06.994+08:00,1786714806994,left,foot_left_001,2402087,343639442,0.02,0.0042,0.0303,0.0024,0.0095,0.0681,31.08,32.27,31.48,31.83,-5.30539765,2.22610955,-6.776395149999999,0.7,0.1,2.0,0,ble
person_b_session_01,normal_reference,high,2026-08-14T21:40:07.188+08:00,1786714807188,right,foot_right_001,2402087,343639443,0.0042,0.0122,0.0156,0.0,0.0164,0.0452,31.1,31.6,24.54,31.77,3.8834334,4.0991797,-6.678328649999999,-6.3,-0.9,-1.3,0,ble
person_b_session_01,normal_reference,high,2026-08-14T21:40:07.194+08:00,1786714807194,left,foot_left_001,2402087,343639443,0.0198,0.0044,0.0308,0.0027,0.0095,0.0681,31.05,32.27,31.48,31.83,-5.28578435,2.2457228499999995,-6.7665885,0.6,0.1,2.0,0,ble
person_b_session_01,normal_reference,high,2026-08-14T21:40:07.388+08:00,1786714807388,right,foot_right_001,2402087,343639444,0.0046,0.0127,0.0161,0.0,0.0161,0.0449,31.1,31.57,24.54,31.77,3.8932400499999997,4.12859965,-6.717555249999999,-6.3,-0.9,-1.4,0,ble
person_b_session_01,normal_reference,high,2026-08-14T21:40:07.394+08:00,1786714807394,left,foot_left_001,2402087,343639444,0.0205,0.0042,0.0317,0.0024,0.0093,0.0672,31.08,32.3,31.48,31.83,-5.28578435,2.2359161999999997,-6.776395149999999,0.7,0.0,2.1,0,ble
person_b_session_01,normal_reference,high,2026-08-14T21:40:07.588+08:00,1786714807588,right,foot_right_001,2402087,343639445,0.0044,0.0127,0.0166,0.0,0.0161,0.0454,31.08,31.57,24.48,31.77,3.9030467,4.10898635,-6.717555249999999,-6.3,-0.9,-1.4,0,ble
person_b_session_01,normal_reference,high,2026-08-14T21:40:07.594+08:00,1786714807594,left,foot_left_001,2402087,343639445,0.0205,0.0044,0.0317,0.0024,0.0093,0.0674,31.08,32.3,31.48,31.86,-5.275977699999999,2.22610955,-6.776395149999999,0.8,0.4,2.1,0,ble
person_b_session_01,normal_reference,high,2026-08-14T21:40:07.788+08:00,1786714807788,right,foot_right_001,2402087,343639446,0.0046,0.0127,0.0168,0.0,0.0151,0.0454,31.1,31.57,24.48,31.77,3.8932400499999997,4.12859965,-6.69794195,-6.2,-0.9,-1.4,0,ble
person_b_session_01,normal_reference,high,2026-08-14T21:40:07.794+08:00,1786714807794,left,foot_left_001,2402087,343639446,0.0208,0.0044,0.0317,0.0027,0.0093,0.0672,31.08,32.3,31.48,31.86,-5.295590999999999,2.2457228499999995,-6.776395149999999,0.6,0.1,2.0,0,ble
person_b_session_01,normal_reference,high,2026-08-14T21:40:07.988+08:00,1786714807988,right,foot_right_001,2402087,343639447,0.0049,0.0127,0.0168,0.0,0.0149,0.0454,31.1,31.57,24.56,31.83,3.9030467,4.118792999999999,-6.69794195,-6.2,-0.9,-1.4,0,ble
person_b_session_01,normal_reference,high,2026-08-14T21:40:07.994+08:00,1786714807994,left,foot_left_001,2402087,343639447,0.0208,0.0046,0.0325,0.0027,0.009,0.0672,31.08,32.3,31.48,31.98,-5.30539765,2.22610955,-6.7862018,0.6,0.2,2.0,0,ble
person_b_session_01,normal_reference,high,2026-08-14T21:40:08.188+08:00,1786714808188,right,foot_right_001,2402087,343639448,0.0051,0.0127,0.0168,0.0,0.0147,0.0457,31.1,31.57,24.56,31.86,3.9030467,4.118792999999999,-6.6881353,-6.3,-0.9,-1.4,0,ble
person_b_session_01,normal_reference,high,2026-08-14T21:40:08.194+08:00,1786714808194,left,foot_left_001,2402087,343639448,0.0208,0.0046,0.0322,0.0027,0.0093,0.0672,31.08,32.33,31.48,32.01,-5.28578435,2.2359161999999997,-6.756781849999999,0.6,0.2,2.1,0,ble
person_b_session_01,normal_reference,high,2026-08-14T21:40:08.388+08:00,1786714808388,right,foot_right_001,2402087,343639449,0.0044,0.0127,0.0168,0.0,0.0149,0.0457,31.13,31.6,24.56,31.86,3.91285335,4.158019599999999,-6.668522,-6.3,-1.0,-1.4,0,ble
person_b_session_01,normal_reference,high,2026-08-14T21:40:08.394+08:00,1786714808394,left,foot_left_001,2402087,343639449,0.0205,0.0046,0.0325,0.0027,0.0093,0.0679,31.08,32.33,31.48,32.01,-5.295590999999999,2.2359161999999997,-6.756781849999999,0.7,0.1,2.1,0,ble
person_b_session_01,normal_reference,high,2026-08-14T21:40:08.588+08:00,1786714808588,right,foot_right_001,2402087,343639450,0.0049,0.0125,0.0168,0.0,0.0149,0.0459,31.1,31.6,24.56,31.86,3.9030467,4.118792999999999,-6.6881353,-6.4,-0.9,-1.4,0,ble
person_b_session_01,normal_reference,high,2026-08-14T21:40:08.594+08:00,1786714808594,left,foot_left_001,2402087,343639450,0.0205,0.0046,0.0322,0.0027,0.0093,0.0681,31.08,32.33,31.48,32.01,-5.275977699999999,2.20649625,-6.756781849999999,0.6,0.1,2.1,0,ble
person_b_session_01,normal_reference,high,2026-08-14T21:40:08.788+08:00,1786714808788,right,foot_right_001,2402087,343639451,0.0046,0.0115,0.0154,0.0,0.0149,0.0464,31.13,31.6,24.56,31.86,3.9030467,4.1482129500000005,-6.69794195,-6.4,-0.9,-1.4,0,ble
person_b_session_01,normal_reference,high,2026-08-14T21:40:08.794+08:00,1786714808794,left,foot_left_001,2402087,343639451,0.019,0.0044,0.0305,0.0024,0.009,0.0691,31.08,32.33,31.48,32.01,-5.28578435,2.2163028999999996,-6.7862018,0.7,0.3,2.1,0,ble
person_b_session_01,normal_reference,high,2026-08-14T21:40:08.988+08:00,1786714808988,right,foot_right_001,2402087,343639452,0.0049,0.0115,0.0154,0.0,0.0149,0.0457,31.13,31.6,24.56,31.86,3.8932400499999997,4.12859965,-6.668522,-6.4,-0.9,-1.3,0,ble
person_b_session_01,normal_reference,high,2026-08-14T21:40:08.994+08:00,1786714808994,left,foot_left_001,2402087,343639452,0.019,0.0044,0.0308,0.0024,0.0093,0.0706,31.08,32.3,31.48,32.03,-5.28578435,2.20649625,-6.8058151,0.5,0.1,2.0,0,ble
person_b_session_01,normal_reference,high,2026-08-14T21:40:09.188+08:00,1786714809188,right,foot_right_001,2402087,343639453,0.0044,0.012,0.0154,0.0,0.0151,0.0457,31.1,31.6,24.56,31.86,3.8932400499999997,4.118792999999999,-6.6881353,-6.4,-0.9,-1.3,0,ble
person_b_session_01,normal_reference,high,2026-08-14T21:40:09.194+08:00,1786714809194,left,foot_left_001,2402087,343639453,0.0195,0.0044,0.0322,0.0027,0.0095,0.0711,31.08,32.33,31.48,32.03,-5.2563644,2.22610955,-6.7665885,0.7,0.2,2.1,0,ble
person_b_session_01,normal_reference,high,2026-08-14T21:40:09.388+08:00,1786714809388,right,foot_right_001,2402087,343639454,0.0042,0.0125,0.0161,0.0,0.0151,0.0449,31.1,31.6,24.56,31.95,3.91285335,4.12859965,-6.73716855,-6.1,-0.9,-1.3,0,ble
person_b_session_01,normal_reference,high,2026-08-14T21:40:09.394+08:00,1786714809394,left,foot_left_001,2402087,343639454,0.0203,0.0049,0.0327,0.0027,0.0098,0.0701,31.1,32.39,31.54,32.06,-5.3152042999999995,2.22610955,-6.7862018,0.7,0.1,2.0,0,ble
person_b_session_01,normal_reference,high,2026-08-14T21:40:09.588+08:00,1786714809588,right,foot_right_001,2402087,343639455,0.0054,0.0127,0.0154,0.0,0.0147,0.0454,31.13,31.66,24.56,31.95,3.8638201,4.08937305,-6.73716855,-6.2,-0.9,-1.4,0,ble
person_b_session_01,normal_reference,high,2026-08-14T21:40:09.594+08:00,1786714809594,left,foot_left_001,2402087,343639455,0.0203,0.0049,0.033,0.0027,0.01,0.0694,31.1,32.33,31.54,32.06,-5.30539765,2.2163028999999996,-6.756781849999999,0.8,0.2,2.0,0,ble
person_b_session_01,normal_reference,high,2026-08-14T21:40:09.788+08:00,1786714809788,right,foot_right_001,2402087,343639456,0.0054,0.0127,0.0159,0.0,0.0151,0.0457,31.13,31.6,24.56,31.95,3.8834334,4.118792999999999,-6.65871535,-6.3,-0.8,-1.3,0,ble
person_b_session_01,normal_reference,high,2026-08-14T21:40:09.794+08:00,1786714809794,left,foot_left_001,2402087,343639456,0.0205,0.0046,0.033,0.0027,0.0098,0.0691,31.1,32.39,31.57,32.06,-5.295590999999999,2.2359161999999997,-6.717555249999999,0.7,0.1,2.1,0,ble
person_b_session_01,normal_reference,high,2026-08-14T21:40:09.988+08:00,1786714809988,right,foot_right_001,2402087,343639457,0.0063,0.0129,0.0164,0.0,0.0156,0.0457,31.13,31.66,24.59,31.95,3.8932400499999997,4.118792999999999,-6.69794195,-6.3,-1.0,-1.3,0,ble
person_b_session_01,normal_reference,high,2026-08-14T21:40:09.994+08:00,1786714809994,left,foot_left_001,2402087,343639457,0.0208,0.0046,0.033,0.0027,0.0098,0.0691,31.1,32.39,31.54,32.09,-5.28578435,2.2163028999999996,-6.7960084499999995,0.7,0.2,2.1,0,ble
person_b_session_01,normal_reference,high,2026-08-14T21:40:10.188+08:00,1786714810188,right,foot_right_001,2402087,343639458,0.0063,0.0129,0.0154,0.0,0.0156,0.0459,31.13,31.6,24.56,31.95,3.9030467,4.0991797,-6.717555249999999,-6.3,-0.9,-1.3,0,ble
person_b_session_01,normal_reference,high,2026-08-14T21:40:10.194+08:00,1786714810194,left,foot_left_001,2402087,343639458,0.0205,0.0046,0.033,0.0027,0.0098,0.0696,31.1,32.33,31.54,32.06,-5.295590999999999,2.2163028999999996,-6.7862018,0.6,0.1,2.0,0,ble
person_b_session_01,normal_reference,high,2026-08-14T21:40:10.388+08:00,1786714810388,right,foot_right_001,2402087,343639459,0.0066,0.0127,0.0149,0.0,0.0154,0.0462,31.13,31.66,24.59,31.98,3.8834334,4.0991797,-6.668522,-6.3,-0.9,-1.4,0,ble
person_b_session_01,normal_reference,high,2026-08-14T21:40:10.394+08:00,1786714810394,left,foot_left_001,2402087,343639459,0.02,0.0044,0.0327,0.0027,0.0098,0.0698,31.1,32.39,31.54,32.09,-5.30539765,2.22610955,-6.7960084499999995,0.9,0.5,2.1,0,ble
person_b_session_01,normal_reference,high,2026-08-14T21:40:10.588+08:00,1786714810588,right,foot_right_001,2402087,343639460,0.0061,0.0127,0.0149,0.0,0.0149,0.0459,31.16,31.66,24.62,31.98,3.91285335,4.0991797,-6.6881353,-6.2,-0.8,-1.2,0,ble
person_b_session_01,normal_reference,high,2026-08-14T21:40:10.594+08:00,1786714810594,left,foot_left_001,2402087,343639460,0.019,0.0042,0.0322,0.0027,0.0095,0.0713,31.13,32.39,31.54,32.09,-5.26617105,2.2163028999999996,-6.7862018,0.6,0.0,2.0,0,ble
person_b_session_01,normal_reference,high,2026-08-14T21:40:10.788+08:00,1786714810788,right,foot_right_001,2402087,343639461,0.0063,0.0129,0.0151,0.0,0.0147,0.0449,31.13,31.66,24.62,31.98,3.91285335,4.118792999999999,-6.6881353,-6.2,-0.9,-1.3,0,ble
person_b_session_01,normal_reference,high,2026-08-14T21:40:10.794+08:00,1786714810794,left,foot_left_001,2402087,343639461,0.0203,0.0046,0.033,0.0027,0.0098,0.0706,31.1,32.39,31.57,32.09,-5.295590999999999,2.22610955,-6.8254284,0.5,0.0,2.0,0,ble
person_b_session_01,normal_reference,high,2026-08-14T21:40:10.988+08:00,1786714810988,right,foot_right_001,2402087,343639462,0.0071,0.0132,0.0161,0.0,0.0147,0.0444,31.16,31.66,24.62,31.98,3.9030467,4.118792999999999,-6.717555249999999,-6.4,-0.8,-1.4,0,ble
person_b_session_01,normal_reference,high,2026-08-14T21:40:10.994+08:00,1786714810994,left,foot_left_001,2402087,343639462,0.0212,0.0054,0.0332,0.0032,0.0095,0.0686,31.1,32.39,31.57,32.09,-5.3152042999999995,2.22610955,-6.756781849999999,0.5,0.0,2.0,0,ble
person_b_session_01,normal_reference,high,2026-08-14T21:40:11.188+08:00,1786714811188,right,foot_right_001,2402087,343639463,0.0073,0.0134,0.0171,0.0,0.0151,0.0452,31.16,31.66,24.62,32.01,3.8932400499999997,4.10898635,-6.717555249999999,-6.4,-0.9,-1.4,0,ble
person_b_session_01,normal_reference,high,2026-08-14T21:40:11.194+08:00,1786714811194,left,foot_left_001,2402087,343639463,0.0217,0.0051,0.0339,0.0024,0.0095,0.0667,31.1,32.39,31.57,32.09,-5.295590999999999,2.2555294999999997,-6.7665885,0.6,0.0,2.1,0,ble
person_b_session_01,normal_reference,high,2026-08-14T21:40:11.388+08:00,1786714811388,right,foot_right_001,2402087,343639464,0.0073,0.0134,0.0173,0.0,0.0168,0.0454,31.16,31.66,24.62,32.01,3.91285335,4.118792999999999,-6.7077485999999995,-6.1,-1.0,-1.5,0,ble
person_b_session_01,normal_reference,high,2026-08-14T21:40:11.394+08:00,1786714811394,left,foot_left_001,2402087,343639464,0.022,0.0054,0.0344,0.0029,0.0095,0.0652,31.1,32.39,31.57,32.09,-5.28578435,2.2163028999999996,-6.7862018,0.6,0.1,2.1,0,ble
person_b_session_01,normal_reference,high,2026-08-14T21:40:11.588+08:00,1786714811588,right,foot_right_001,2402087,343639465,0.0083,0.0142,0.0178,0.0,0.0166,0.0454,31.16,31.66,24.62,32.01,3.91285335,4.0795664,-6.6881353,-6.5,-0.9,-1.3,0,ble
person_b_session_01,normal_reference,high,2026-08-14T21:40:11.594+08:00,1786714811594,left,foot_left_001,2402087,343639465,0.022,0.0054,0.0342,0.0034,0.0095,0.0632,31.1,32.39,31.57,32.09,-5.3152042999999995,2.20649625,-6.8058151,0.6,0.1,2.0,0,ble
person_b_session_01,normal_reference,high,2026-08-14T21:40:11.788+08:00,1786714811788,right,foot_right_001,2402087,343639466,0.0068,0.0142,0.0178,0.0,0.0171,0.0457,31.13,31.66,24.62,32.01,3.8834334,4.118792999999999,-6.6881353,-6.3,-1.0,-1.3,0,ble
person_b_session_01,normal_reference,high,2026-08-14T21:40:11.794+08:00,1786714811794,left,foot_left_001,2402087,343639466,0.022,0.0051,0.0347,0.0037,0.0093,0.062,31.13,32.39,31.57,32.09,-5.295590999999999,2.20649625,-6.776395149999999,0.6,0.1,2.1,0,ble
person_b_session_01,normal_reference,high,2026-08-14T21:40:11.988+08:00,1786714811988,right,foot_right_001,2402087,343639467,0.0068,0.0144,0.0181,0.0,0.0176,0.0454,31.16,31.66,24.62,32.01,3.91285335,4.0991797,-6.717555249999999,-6.3,-0.9,-1.3,0,ble
person_b_session_01,normal_reference,high,2026-08-14T21:40:11.994+08:00,1786714811994,left,foot_left_001,2402087,343639467,0.0222,0.0051,0.0357,0.0037,0.0095,0.0623,31.1,32.42,31.57,32.12,-5.295590999999999,2.22610955,-6.7960084499999995,0.6,0.0,2.0,0,ble
person_b_session_01,normal_reference,high,2026-08-14T21:40:12.188+08:00,1786714812188,right,foot_right_001,2402087,343639468,0.0068,0.0142,0.0181,0.0,0.0178,0.0454,31.16,31.66,24.62,32.01,3.9030467,4.118792999999999,-6.7273619,-6.3,-0.9,-1.3,0,ble
person_b_session_01,normal_reference,high,2026-08-14T21:40:12.194+08:00,1786714812194,left,foot_left_001,2402087,343639468,0.0232,0.0056,0.0361,0.0037,0.0093,0.0613,31.13,32.39,31.57,32.12,-5.3152042999999995,2.22610955,-6.8058151,0.6,0.2,2.1,0,ble
person_b_session_01,normal_reference,high,2026-08-14T21:40:12.388+08:00,1786714812388,right,foot_right_001,2402087,343639469,0.0066,0.0142,0.0181,0.0,0.0178,0.0457,31.13,31.66,24.62,32.01,3.8932400499999997,4.118792999999999,-6.6881353,-6.4,-0.9,-1.4,0,ble
person_b_session_01,normal_reference,high,2026-08-14T21:40:12.394+08:00,1786714812394,left,foot_left_001,2402087,343639469,0.023,0.0056,0.0361,0.0037,0.0093,0.063,31.1,32.39,31.57,32.12,-5.3152042999999995,2.2457228499999995,-6.8058151,0.7,0.3,2.1,0,ble
person_b_session_01,normal_reference,high,2026-08-14T21:40:12.588+08:00,1786714812588,right,foot_right_001,2402087,343639470,0.0066,0.0139,0.0181,0.0,0.0186,0.0459,31.16,31.66,24.62,32.01,3.9030467,4.12859965,-6.6881353,-6.3,-1.0,-1.4,0,ble
person_b_session_01,normal_reference,high,2026-08-14T21:40:12.594+08:00,1786714812594,left,foot_left_001,2402087,343639470,0.022,0.0049,0.0342,0.0032,0.0093,0.0659,31.13,32.42,31.57,32.12,-5.3152042999999995,2.2163028999999996,-6.7665885,0.7,0.3,2.2,0,ble
person_b_session_01,normal_reference,high,2026-08-14T21:40:12.788+08:00,1786714812788,right,foot_right_001,2402087,343639471,0.0061,0.0134,0.0178,0.0,0.0188,0.0466,31.16,31.66,24.62,32.01,3.85401345,4.118792999999999,-6.69794195,-6.4,-0.9,-1.4,0,ble
person_b_session_01,normal_reference,high,2026-08-14T21:40:12.794+08:00,1786714812794,left,foot_left_001,2402087,343639471,0.0195,0.0044,0.0308,0.0029,0.0095,0.0694,31.13,32.42,31.57,32.15,-5.30539765,2.2457228499999995,-6.73716855,0.9,0.3,2.1,0,ble
person_b_session_01,normal_reference,high,2026-08-14T21:40:12.988+08:00,1786714812988,right,foot_right_001,2402087,343639472,0.0059,0.0132,0.0176,0.0,0.0183,0.0474,31.16,31.66,24.62,32.01,3.92266,4.10898635,-6.678328649999999,-6.3,-0.9,-1.4,0,ble
person_b_session_01,normal_reference,high,2026-08-14T21:40:12.994+08:00,1786714812994,left,foot_left_001,2402087,343639472,0.0188,0.0044,0.03,0.0032,0.0093,0.0708,31.13,32.42,31.6,32.15,-5.28578435,2.2359161999999997,-6.83523505,0.6,0.1,2.1,0,ble
person_b_session_01,normal_reference,high,2026-08-14T21:40:13.188+08:00,1786714813188,right,foot_right_001,2402087,343639473,0.0056,0.0132,0.0166,0.0,0.0181,0.0474,31.19,31.68,24.67,32.03,3.8932400499999997,4.0991797,-6.6881353,-6.3,-0.9,-1.4,0,ble
person_b_session_01,normal_reference,high,2026-08-14T21:40:13.194+08:00,1786714813194,left,foot_left_001,2402087,343639473,0.0181,0.0042,0.0293,0.0027,0.0093,0.0706,31.13,32.42,31.6,32.15,-5.334817599999999,2.2457228499999995,-6.7665885,0.7,0.2,2.1,0,ble
person_b_session_01,normal_reference,high,2026-08-14T21:40:13.388+08:00,1786714813388,right,foot_right_001,2402087,343639474,0.0054,0.0127,0.0151,0.0,0.0181,0.0484,31.16,31.66,24.67,32.03,3.9030467,4.118792999999999,-6.65871535,-6.2,-1.0,-1.4,0,ble
person_b_session_01,normal_reference,high,2026-08-14T21:40:13.394+08:00,1786714813394,left,foot_left_001,2402087,343639474,0.0176,0.0029,0.0283,0.0027,0.0095,0.0711,31.13,32.42,31.6,32.15,-5.2563644,2.20649625,-6.776395149999999,0.9,0.3,2.1,0,ble
person_b_session_01,normal_reference,high,2026-08-14T21:40:13.588+08:00,1786714813588,right,foot_right_001,2402087,343639475,0.0049,0.012,0.0132,0.0,0.0176,0.0469,31.16,31.68,24.73,32.03,3.9030467,4.1482129500000005,-6.7077485999999995,-6.4,-1.0,-1.5,0,ble
person_b_session_01,normal_reference,high,2026-08-14T21:40:13.594+08:00,1786714813594,left,foot_left_001,2402087,343639475,0.0142,0.0024,0.0222,0.0007,0.009,0.0733,31.13,32.42,31.6,32.15,-5.275977699999999,2.22610955,-6.776395149999999,0.8,0.2,2.0,0,ble
person_b_session_01,normal_reference,high,2026-08-14T21:40:13.788+08:00,1786714813788,right,foot_right_001,2402087,343639476,0.0049,0.0122,0.0129,0.0,0.0183,0.0486,31.16,31.68,24.67,32.03,3.8834334,4.1482129500000005,-6.65871535,-6.4,-0.8,-1.4,0,ble
person_b_session_01,normal_reference,high,2026-08-14T21:40:13.794+08:00,1786714813794,left,foot_left_001,2402087,343639476,0.0144,0.0022,0.0217,0.001,0.009,0.0723,31.13,32.42,31.6,32.15,-5.26617105,2.2555294999999997,-6.7960084499999995,0.5,0.2,2.1,0,ble
person_b_session_01,normal_reference,high,2026-08-14T21:40:13.988+08:00,1786714813988,right,foot_right_001,2402087,343639477,0.0049,0.0127,0.0122,0.0,0.0183,0.0466,31.19,31.68,24.73,32.06,3.8932400499999997,4.10898635,-6.69794195,-6.4,-1.0,-1.5,0,ble
person_b_session_01,normal_reference,high,2026-08-14T21:40:13.994+08:00,1786714813994,left,foot_left_001,2402087,343639477,0.0149,0.0027,0.0239,0.0015,0.0093,0.0723,31.13,32.42,31.6,32.15,-5.295590999999999,2.20649625,-6.7469752,0.8,-0.1,1.9,0,ble
person_b_session_01,normal_reference,high,2026-08-14T21:40:14.188+08:00,1786714814188,right,foot_right_001,2402087,343639478,0.0039,0.0103,0.0088,0.0,0.0176,0.0496,31.19,31.66,24.67,32.03,3.8932400499999997,4.12859965,-6.7273619,-6.2,-0.9,-1.4,0,ble
person_b_session_01,normal_reference,high,2026-08-14T21:40:14.194+08:00,1786714814194,left,foot_left_001,2402087,343639478,0.0117,0.0017,0.0103,0.0002,0.0066,0.075,31.13,32.45,31.66,32.15,-5.275977699999999,2.2457228499999995,-6.864655,0.7,1.1,2.1,0,ble
person_b_session_01,normal_reference,high,2026-08-14T21:40:14.388+08:00,1786714814388,right,foot_right_001,2402087,343639479,0.0029,0.0032,0.0056,0.0,0.0149,0.053,31.19,31.66,24.73,32.03,3.8932400499999997,4.08937305,-6.69794195,-6.5,-0.7,-1.2,0,ble
person_b_session_01,normal_reference,high,2026-08-14T21:40:14.394+08:00,1786714814394,left,foot_left_001,2402087,343639479,0.0093,0.0,0.0049,0.0002,0.0046,0.0808,31.13,32.42,31.66,32.15,-5.2563644,2.1868829499999998,-6.815621749999999,1.0,-0.3,1.9,0,ble
person_b_session_01,normal_reference,high,2026-08-14T21:40:14.588+08:00,1786714814588,right,foot_right_001,2402087,343639480,0.0027,0.0044,0.0056,0.0,0.0129,0.0503,31.19,31.68,24.78,32.06,3.8932400499999997,4.10898635,-6.7469752,-6.1,-0.9,-1.7,0,ble
person_b_session_01,normal_reference,high,2026-08-14T21:40:14.594+08:00,1786714814594,left,foot_left_001,2402087,343639480,0.0127,0.0005,0.009,0.0012,0.0049,0.0813,31.16,32.45,31.66,32.15,-5.275977699999999,2.1770762999999995,-6.8450416999999995,0.4,0.4,1.8,0,ble
person_b_session_01,normal_reference,high,2026-08-14T21:40:14.788+08:00,1786714814788,right,foot_right_001,2402087,343639481,0.0012,0.0029,0.0042,0.0,0.0071,0.0357,31.19,31.68,24.78,32.09,3.87362675,4.1384063,-6.69794195,-6.8,-0.8,-2.2,0,ble
person_b_session_01,normal_reference,high,2026-08-14T21:40:14.794+08:00,1786714814794,left,foot_left_001,2402087,343639481,0.0186,0.0022,0.0178,0.0012,0.0068,0.0842,31.16,32.42,31.66,32.15,-5.2269444499999995,2.22610955,-6.7273619,0.2,-0.1,1.2,0,ble
person_b_session_01,normal_reference,high,2026-08-14T21:40:14.988+08:00,1786714814988,right,foot_right_001,2402087,343639482,0.0039,0.0046,0.0059,0.0,0.0066,0.0361,31.19,31.68,24.73,32.06,3.8932400499999997,4.069759749999999,-6.7469752,-6.7,-0.6,-2.0,0,ble
person_b_session_01,normal_reference,high,2026-08-14T21:40:14.994+08:00,1786714814994,left,foot_left_001,2402087,343639482,0.0225,0.0051,0.0308,0.002,0.0098,0.0723,31.13,32.42,31.66,32.15,-5.26617105,2.26533615,-6.7960084499999995,0.5,0.6,2.3,0,ble
person_b_session_01,transition,exclude,2026-08-14T21:40:15.188+08:00,1786714815188,right,foot_right_001,2402087,343639483,0.0059,0.0054,0.0088,0.0017,0.0061,0.032,31.19,31.68,24.67,32.09,3.9030467,4.03053315,-6.678328649999999,-6.4,-0.6,-1.1,0,ble
person_b_session_01,transition,exclude,2026-08-14T21:40:15.194+08:00,1786714815194,left,foot_left_001,2402087,343639483,0.0259,0.0061,0.0357,0.0017,0.011,0.0684,31.13,32.42,31.6,32.15,-5.2563644,2.1868829499999998,-6.7960084499999995,0.1,-0.6,1.8,0,ble
person_b_session_01,transition,exclude,2026-08-14T21:40:15.388+08:00,1786714815388,right,foot_right_001,2402087,343639484,0.0056,0.0063,0.0095,0.0017,0.0076,0.0408,31.19,31.68,24.67,32.09,3.8834334,4.118792999999999,-6.7077485999999995,-6.3,-1.2,-1.5,0,ble
person_b_session_01,transition,exclude,2026-08-14T21:40:15.394+08:00,1786714815394,left,foot_left_001,2402087,343639484,0.0232,0.0056,0.0352,0.0024,0.0095,0.0684,31.16,32.42,31.66,32.15,-5.275977699999999,2.2359161999999997,-6.756781849999999,1.4,0.3,2.3,0,ble
person_b_session_01,transition,exclude,2026-08-14T21:40:15.588+08:00,1786714815588,right,foot_right_001,2402087,343639485,0.0061,0.0061,0.0088,0.001,0.0095,0.0447,31.19,31.68,24.62,32.09,3.9030467,4.0991797,-6.717555249999999,-6.4,-0.8,-1.6,0,ble
person_b_session_01,transition,exclude,2026-08-14T21:40:15.594+08:00,1786714815594,left,foot_left_001,2402087,343639485,0.0205,0.0042,0.0288,0.002,0.0085,0.073,31.16,32.45,31.66,32.18,-5.295590999999999,2.1966895999999996,-6.815621749999999,0.9,0.2,2.1,0,ble
person_b_session_01,transition,exclude,2026-08-14T21:40:15.788+08:00,1786714815788,right,foot_right_001,2402087,343639486,0.0049,0.0059,0.0083,0.0,0.0098,0.0447,31.19,31.68,24.62,32.09,3.91285335,4.10898635,-6.69794195,-6.4,-0.9,-1.3,0,ble
person_b_session_01,transition,exclude,2026-08-14T21:40:15.794+08:00,1786714815794,left,foot_left_001,2402087,343639486,0.0186,0.0039,0.0261,0.0012,0.0085,0.0764,31.16,32.45,31.66,32.18,-5.275977699999999,2.1966895999999996,-6.7960084499999995,0.6,0.2,2.2,0,ble
person_b_session_01,transition,exclude,2026-08-14T21:40:15.988+08:00,1786714815988,right,foot_right_001,2402087,343639487,0.0029,0.0054,0.0071,0.0,0.0093,0.0444,31.16,31.68,24.62,32.09,3.91285335,4.1384063,-6.6489087,-6.3,-1.1,-1.3,0,ble
person_b_session_01,transition,exclude,2026-08-14T21:40:15.994+08:00,1786714815994,left,foot_left_001,2402087,343639487,0.0144,0.0024,0.019,0.0005,0.0081,0.0835,31.16,32.45,31.66,32.18,-5.2563644,2.2359161999999997,-6.8058151,1.0,0.9,2.5,0,ble
person_b_session_01,transition,exclude,2026-08-14T21:40:16.188+08:00,1786714816188,right,foot_right_001,2402087,343639488,0.0027,0.0051,0.0063,0.0,0.0083,0.0435,31.19,31.68,24.62,32.09,3.9030467,4.118792999999999,-6.7077485999999995,-6.3,-0.8,-1.3,0,ble
person_b_session_01,transition,exclude,2026-08-14T21:40:16.194+08:00,1786714816194,left,foot_left_001,2402087,343639488,0.0117,0.002,0.0173,0.0,0.0083,0.0879,31.16,32.42,31.66,32.18,-5.236751099999999,2.2163028999999996,-6.815621749999999,0.7,0.2,2.1,0,ble
person_b_session_01,transition,exclude,2026-08-14T21:40:16.388+08:00,1786714816388,right,foot_right_001,2402087,343639489,0.0027,0.0051,0.0061,0.0,0.009,0.0435,31.19,31.68,24.62,32.15,3.8834334,4.12859965,-6.7273619,-6.2,-1.0,-1.3,0,ble
person_b_session_01,transition,exclude,2026-08-14T21:40:16.394+08:00,1786714816394,left,foot_left_001,2402087,343639489,0.0107,0.002,0.0166,0.0002,0.0085,0.0896,31.13,32.42,31.66,32.18,-5.275977699999999,2.22610955,-6.8254284,0.6,0.2,2.2,0,ble
person_b_session_01,transition,exclude,2026-08-14T21:40:16.588+08:00,1786714816588,right,foot_right_001,2402087,343639490,0.0027,0.0051,0.0059,0.0,0.0095,0.0447,31.19,31.68,24.62,32.12,3.93246665,4.118792999999999,-6.717555249999999,-6.3,-0.9,-1.4,0,ble
person_b_session_01,transition,exclude,2026-08-14T21:40:16.594+08:00,1786714816594,left,foot_left_001,2402087,343639490,0.0098,0.0017,0.0142,0.0002,0.0083,0.0906,31.16,32.45,31.66,32.18,-5.24655775,2.20649625,-6.83523505,0.7,0.1,2.1,0,ble
person_b_session_01,transition,exclude,2026-08-14T21:40:16.788+08:00,1786714816788,right,foot_right_001,2402087,343639491,0.0027,0.0051,0.0061,0.0,0.0098,0.0457,31.19,31.68,24.62,32.09,3.91285335,4.118792999999999,-6.717555249999999,-6.3,-0.9,-1.4,0,ble
person_b_session_01,transition,exclude,2026-08-14T21:40:16.794+08:00,1786714816794,left,foot_left_001,2402087,343639491,0.0093,0.0015,0.011,0.0002,0.0076,0.0891,31.16,32.45,31.66,32.24,-5.24655775,2.2163028999999996,-6.7862018,0.7,0.2,2.1,0,ble
person_b_session_01,transition,exclude,2026-08-14T21:40:16.988+08:00,1786714816988,right,foot_right_001,2402087,343639492,0.0027,0.0051,0.0061,0.0,0.01,0.0462,31.19,31.68,24.59,32.09,3.8932400499999997,4.08937305,-6.717555249999999,-6.2,-0.8,-1.3,0,ble
person_b_session_01,transition,exclude,2026-08-14T21:40:16.994+08:00,1786714816994,left,foot_left_001,2402087,343639492,0.009,0.0017,0.0122,0.0007,0.0076,0.0901,31.16,32.45,31.66,32.18,-5.24655775,2.1966895999999996,-6.8254284,0.7,0.2,2.1,0,ble
person_b_session_01,transition,exclude,2026-08-14T21:40:17.188+08:00,1786714817188,right,foot_right_001,2402087,343639493,0.0027,0.0051,0.0056,0.0,0.01,0.0464,31.19,31.68,24.62,32.15,3.8932400499999997,4.158019599999999,-6.639102049999999,-6.7,-0.8,-1.5,0,ble
person_b_session_01,transition,exclude,2026-08-14T21:40:17.194+08:00,1786714817194,left,foot_left_001,2402087,343639493,0.009,0.0022,0.0129,0.0005,0.0073,0.0889,31.16,32.45,31.66,32.24,-5.295590999999999,2.2457228499999995,-6.756781849999999,0.5,0.2,2.1,0,ble
person_b_session_01,transition,exclude,2026-08-14T21:40:17.388+08:00,1786714817388,right,foot_right_001,2402087,343639494,0.0017,0.0046,0.0044,0.0,0.0098,0.0462,31.19,31.68,24.59,32.12,3.87362675,4.10898635,-6.6881353,-6.6,-0.8,-1.4,0,ble
person_b_session_01,transition,exclude,2026-08-14T21:40:17.394+08:00,1786714817394,left,foot_left_001,2402087,343639494,0.0093,0.0015,0.011,0.0,0.0078,0.0916,31.13,32.45,31.66,32.18,-5.2563644,2.22610955,-6.7960084499999995,0.6,0.1,2.2,0,ble
person_b_session_01,transition,exclude,2026-08-14T21:40:17.588+08:00,1786714817588,right,foot_right_001,2402087,343639495,0.0022,0.0046,0.0044,0.0,0.0093,0.0454,31.19,31.68,24.59,32.15,3.9030467,4.0991797,-6.7077485999999995,-6.3,-1.0,-1.4,0,ble
person_b_session_01,transition,exclude,2026-08-14T21:40:17.594+08:00,1786714817594,left,foot_left_001,2402087,343639495,0.0078,0.001,0.0095,0.0007,0.0076,0.0918,31.16,32.45,31.66,32.24,-5.26617105,2.22610955,-6.864655,0.8,0.4,2.2,0,ble
person_b_session_01,transition,exclude,2026-08-14T21:40:17.788+08:00,1786714817788,right,foot_right_001,2402087,343639496,0.0024,0.0044,0.0049,0.0,0.009,0.0452,31.19,31.68,24.59,32.15,3.8932400499999997,4.08937305,-6.7077485999999995,-6.3,-0.9,-1.2,0,ble
person_b_session_01,transition,exclude,2026-08-14T21:40:17.794+08:00,1786714817794,left,foot_left_001,2402087,343639496,0.0066,0.0012,0.009,0.0005,0.0083,0.0938,31.16,32.45,31.66,32.24,-5.2563644,2.2163028999999996,-6.815621749999999,0.7,0.2,2.0,0,ble
person_b_session_01,transition,exclude,2026-08-14T21:40:17.988+08:00,1786714817988,right,foot_right_001,2402087,343639497,0.0029,0.0044,0.0051,0.0,0.0088,0.0449,31.19,31.68,24.59,32.18,3.92266,4.1384063,-6.73716855,-6.2,-0.9,-1.3,0,ble
person_b_session_01,transition,exclude,2026-08-14T21:40:17.994+08:00,1786714817994,left,foot_left_001,2402087,343639497,0.0068,0.0012,0.0098,0.0,0.0081,0.096,31.16,32.45,31.66,32.24,-5.24655775,2.2163028999999996,-6.83523505,0.7,0.0,2.0,0,ble
person_b_session_01,transition,exclude,2026-08-14T21:40:18.188+08:00,1786714818188,right,foot_right_001,2402087,343639498,0.0029,0.0046,0.0051,0.0,0.0093,0.0452,31.22,31.71,24.59,32.18,3.9030467,4.10898635,-6.7077485999999995,-6.2,-0.9,-1.4,0,ble
person_b_session_01,transition,exclude,2026-08-14T21:40:18.194+08:00,1786714818194,left,foot_left_001,2402087,343639498,0.0073,0.0015,0.0105,0.0007,0.0076,0.0952,31.16,32.47,31.66,32.24,-5.24655775,2.20649625,-6.83523505,0.7,0.1,1.9,0,ble
person_b_session_01,transition,exclude,2026-08-14T21:40:18.388+08:00,1786714818388,right,foot_right_001,2402087,343639499,0.0034,0.0046,0.0054,0.0,0.01,0.0457,31.19,31.68,24.62,32.18,3.9030467,4.1482129500000005,-6.7077485999999995,-6.3,-1.0,-1.4,0,ble
person_b_session_01,transition,exclude,2026-08-14T21:40:18.394+08:00,1786714818394,left,foot_left_001,2402087,343639499,0.0081,0.0015,0.011,0.001,0.0076,0.0933,31.16,32.45,31.66,32.24,-5.24655775,2.20649625,-6.815621749999999,0.7,0.1,2.0,0,ble
person_b_session_01,transition,exclude,2026-08-14T21:40:18.588+08:00,1786714818588,right,foot_right_001,2402087,343639500,0.0037,0.0046,0.0054,0.0,0.01,0.0459,31.19,31.68,24.59,32.18,3.8932400499999997,4.10898635,-6.6881353,-6.2,-1.0,-1.3,0,ble
person_b_session_01,transition,exclude,2026-08-14T21:40:18.594+08:00,1786714818594,left,foot_left_001,2402087,343639500,0.0088,0.0017,0.0115,0.0012,0.0076,0.0928,31.16,32.45,31.66,32.24,-5.2563644,2.2163028999999996,-6.83523505,0.7,0.0,2.0,0,ble
person_b_session_01,transition,exclude,2026-08-14T21:40:18.788+08:00,1786714818788,right,foot_right_001,2402087,343639501,0.0037,0.0046,0.0054,0.0,0.0098,0.0462,31.19,31.68,24.59,32.18,3.91285335,4.0795664,-6.7273619,-6.2,-0.9,-1.3,0,ble
person_b_session_01,transition,exclude,2026-08-14T21:40:18.794+08:00,1786714818794,left,foot_left_001,2402087,343639501,0.0093,0.0017,0.0125,0.0012,0.0081,0.0933,31.19,32.47,31.66,32.24,-5.236751099999999,2.2359161999999997,-6.776395149999999,0.6,0.3,2.1,0,ble
person_b_session_01,transition,exclude,2026-08-14T21:40:18.988+08:00,1786714818988,right,foot_right_001,2402087,343639502,0.0039,0.0042,0.0056,0.0,0.0098,0.0457,31.19,31.68,24.59,32.18,3.8834334,4.118792999999999,-6.69794195,-6.2,-0.9,-1.3,0,ble
person_b_session_01,transition,exclude,2026-08-14T21:40:18.994+08:00,1786714818994,left,foot_left_001,2402087,343639502,0.0095,0.0017,0.0125,0.001,0.0081,0.0947,31.16,32.47,31.66,32.24,-5.2563644,2.2359161999999997,-6.83523505,0.7,0.1,2.0,0,ble
person_b_session_01,transition,exclude,2026-08-14T21:40:19.188+08:00,1786714819188,right,foot_right_001,2402087,343639503,0.0039,0.0042,0.0056,0.0,0.01,0.0457,31.22,31.71,24.59,32.24,3.8834334,4.08937305,-6.717555249999999,-6.3,-1.0,-1.4,0,ble
person_b_session_01,transition,exclude,2026-08-14T21:40:19.194+08:00,1786714819194,left,foot_left_001,2402087,343639503,0.01,0.0017,0.0129,0.001,0.0081,0.0935,31.19,32.47,31.66,32.27,-5.2563644,2.1868829499999998,-6.815621749999999,0.7,0.1,2.0,0,ble
person_b_session_01,transition,exclude,2026-08-14T21:40:19.388+08:00,1786714819388,right,foot_right_001,2402087,343639504,0.0037,0.0037,0.0056,0.0,0.01,0.0462,31.19,31.68,24.59,32.24,3.8834334,4.0991797,-6.69794195,-6.1,-1.0,-1.4,0,ble
person_b_session_01,transition,exclude,2026-08-14T21:40:19.394+08:00,1786714819394,left,foot_left_001,2402087,343639504,0.01,0.0017,0.0132,0.001,0.0085,0.095,31.16,32.47,31.66,32.27,-5.24655775,2.1966895999999996,-6.815621749999999,0.6,0.2,2.1,0,ble
person_b_session_01,transition,exclude,2026-08-14T21:40:19.588+08:00,1786714819588,right,foot_right_001,2402087,343639505,0.0039,0.0039,0.0056,0.0,0.01,0.0464,31.22,31.71,24.59,32.24,3.91285335,4.10898635,-6.678328649999999,-6.2,-1.0,-1.3,0,ble
person_b_session_01,transition,exclude,2026-08-14T21:40:19.594+08:00,1786714819594,left,foot_left_001,2402087,343639505,0.01,0.0015,0.0132,0.0007,0.0083,0.0952,31.22,32.47,31.66,32.27,-5.24655775,2.1770762999999995,-6.8058151,0.7,0.2,2.0,0,ble
person_b_session_01,transition,exclude,2026-08-14T21:40:19.788+08:00,1786714819788,right,foot_right_001,2402087,343639506,0.0039,0.0039,0.0054,0.0,0.01,0.0459,31.19,31.68,24.59,32.24,3.8932400499999997,4.0991797,-6.69794195,-6.4,-0.9,-1.4,0,ble
person_b_session_01,transition,exclude,2026-08-14T21:40:19.794+08:00,1786714819794,left,foot_left_001,2402087,343639506,0.01,0.002,0.0137,0.001,0.0088,0.0957,31.16,32.45,31.66,32.27,-5.26617105,2.2359161999999997,-6.83523505,0.5,0.1,2.1,0,ble
person_b_session_01,transition,exclude,2026-08-14T21:40:19.988+08:00,1786714819988,right,foot_right_001,2402087,343639507,0.0037,0.0039,0.0054,0.0,0.0095,0.0457,31.19,31.71,24.59,32.24,3.9030467,4.10898635,-6.6881353,-6.2,-0.8,-1.3,0,ble
person_b_session_01,transition,exclude,2026-08-14T21:40:19.994+08:00,1786714819994,left,foot_left_001,2402087,343639507,0.0103,0.002,0.0139,0.001,0.0088,0.096,31.16,32.45,31.66,32.24,-5.24655775,2.1966895999999996,-6.7862018,0.6,0.2,2.1,0,ble
person_b_session_01,transition,exclude,2026-08-14T21:40:20.188+08:00,1786714820188,right,foot_right_001,2402087,343639508,0.0037,0.0039,0.0051,0.0,0.0095,0.0452,31.19,31.71,24.56,32.24,3.87362675,4.1482129500000005,-6.668522,-6.2,-0.9,-1.3,0,ble
person_b_session_01,transition,exclude,2026-08-14T21:40:20.194+08:00,1786714820194,left,foot_left_001,2402087,343639508,0.0105,0.002,0.0147,0.0012,0.009,0.0962,31.16,32.45,31.66,32.24,-5.2563644,2.2163028999999996,-6.854848349999999,0.6,0.2,2.0,0,ble
person_b_session_01,transition,exclude,2026-08-14T21:40:20.388+08:00,1786714820388,right,foot_right_001,2402087,343639509,0.0039,0.0039,0.0054,0.0,0.0098,0.0449,31.22,31.71,24.59,32.27,3.9030467,4.069759749999999,-6.7077485999999995,-6.2,-0.9,-1.4,0,ble
person_b_session_01,transition,exclude,2026-08-14T21:40:20.394+08:00,1786714820394,left,foot_left_001,2402087,343639509,0.0107,0.002,0.0151,0.0012,0.009,0.0957,31.19,32.45,31.66,32.27,-5.275977699999999,2.2359161999999997,-6.83523505,0.5,0.1,2.1,0,ble
person_b_session_01,transition,exclude,2026-08-14T21:40:20.588+08:00,1786714820588,right,foot_right_001,2402087,343639510,0.0039,0.0042,0.0054,0.0,0.0098,0.0452,31.22,31.68,24.56,32.24,3.8638201,4.069759749999999,-6.7077485999999995,-6.3,-1.0,-1.4,0,ble
person_b_session_01,transition,exclude,2026-08-14T21:40:20.594+08:00,1786714820594,left,foot_left_001,2402087,343639510,0.0107,0.002,0.0154,0.0012,0.009,0.0955,31.19,32.45,31.66,32.27,-5.275977699999999,2.2163028999999996,-6.8254284,0.7,0.1,2.0,0,ble
person_b_session_01,transition,exclude,2026-08-14T21:40:20.788+08:00,1786714820788,right,foot_right_001,2402087,343639511,0.0039,0.0037,0.0056,0.0,0.0095,0.0452,31.19,31.68,24.56,32.24,3.8834334,4.0795664,-6.73716855,-6.3,-0.8,-1.4,0,ble
person_b_session_01,transition,exclude,2026-08-14T21:40:20.794+08:00,1786714820794,left,foot_left_001,2402087,343639511,0.011,0.002,0.0156,0.0012,0.009,0.096,31.16,32.45,31.66,32.27,-5.26617105,2.2359161999999997,-6.776395149999999,0.6,0.1,2.1,0,ble
person_b_session_01,transition,exclude,2026-08-14T21:40:20.988+08:00,1786714820988,right,foot_right_001,2402087,343639512,0.0039,0.0034,0.0056,0.0,0.0095,0.0454,31.19,31.68,24.56,32.24,3.8834334,4.118792999999999,-6.678328649999999,-6.2,-1.0,-1.4,0,ble
person_b_session_01,transition,exclude,2026-08-14T21:40:20.994+08:00,1786714820994,left,foot_left_001,2402087,343639512,0.011,0.0022,0.0161,0.0015,0.0093,0.0965,31.16,32.45,31.66,32.24,-5.236751099999999,2.2163028999999996,-6.8058151,0.7,0.2,2.1,0,ble
person_b_session_01,transition,exclude,2026-08-14T21:40:21.188+08:00,1786714821188,right,foot_right_001,2402087,343639513,0.0039,0.0034,0.0056,0.0,0.0098,0.0462,31.19,31.68,24.56,32.24,3.8834334,4.0599530999999995,-6.7273619,-6.2,-1.0,-1.4,0,ble
person_b_session_01,transition,exclude,2026-08-14T21:40:21.194+08:00,1786714821194,left,foot_left_001,2402087,343639513,0.011,0.0022,0.0159,0.0015,0.009,0.0962,31.16,32.45,31.66,32.27,-5.26617105,2.2163028999999996,-6.8254284,0.6,0.1,2.0,0,ble
person_b_session_01,transition,exclude,2026-08-14T21:40:21.388+08:00,1786714821388,right,foot_right_001,2402087,343639514,0.0039,0.0037,0.0056,0.0,0.01,0.0464,31.19,31.68,24.56,32.24,3.87362675,4.069759749999999,-6.73716855,-6.1,-0.9,-1.4,0,ble
person_b_session_01,transition,exclude,2026-08-14T21:40:21.394+08:00,1786714821394,left,foot_left_001,2402087,343639514,0.0112,0.002,0.0159,0.0015,0.0085,0.096,31.16,32.45,31.66,32.27,-5.275977699999999,2.22610955,-6.73716855,0.4,-0.1,2.1,0,ble
person_b_session_01,transition,exclude,2026-08-14T21:40:21.588+08:00,1786714821588,right,foot_right_001,2402087,343639515,0.0037,0.0034,0.0056,0.0,0.0103,0.0464,31.22,31.71,24.56,32.27,3.9030467,4.0991797,-6.717555249999999,-6.3,-0.9,-1.3,0,ble
person_b_session_01,transition,exclude,2026-08-14T21:40:21.594+08:00,1786714821594,left,foot_left_001,2402087,343639515,0.0112,0.0022,0.0159,0.0015,0.0088,0.096,31.19,32.45,31.66,32.27,-5.24655775,2.2163028999999996,-6.7960084499999995,0.6,0.1,2.0,0,ble
person_b_session_01,transition,exclude,2026-08-14T21:40:21.788+08:00,1786714821788,right,foot_right_001,2402087,343639516,0.0034,0.0029,0.0056,0.0,0.01,0.0462,31.22,31.71,24.59,32.27,3.8932400499999997,4.10898635,-6.717555249999999,-6.3,-0.9,-1.3,0,ble
person_b_session_01,transition,exclude,2026-08-14T21:40:21.794+08:00,1786714821794,left,foot_left_001,2402087,343639516,0.0112,0.0022,0.0166,0.0015,0.009,0.096,31.19,32.45,31.66,32.3,-5.28578435,2.2163028999999996,-6.7862018,0.7,0.2,2.1,0,ble
person_b_session_01,transition,exclude,2026-08-14T21:40:21.988+08:00,1786714821988,right,foot_right_001,2402087,343639517,0.0037,0.0029,0.0056,0.0,0.0098,0.0462,31.22,31.71,24.56,32.27,3.87362675,4.08937305,-6.7273619,-6.3,-0.9,-1.4,0,ble
person_b_session_01,transition,exclude,2026-08-14T21:40:21.994+08:00,1786714821994,left,foot_left_001,2402087,343639517,0.0112,0.0022,0.0168,0.0015,0.009,0.096,31.16,32.45,31.66,32.27,-5.24655775,2.1770762999999995,-6.8058151,0.7,0.2,2.1,0,ble
person_b_session_01,transition,exclude,2026-08-14T21:40:22.188+08:00,1786714822188,right,foot_right_001,2402087,343639518,0.0037,0.0029,0.0056,0.0,0.01,0.0462,31.19,31.68,24.56,32.27,3.87362675,4.10898635,-6.69794195,-6.4,-0.7,-1.3,0,ble
person_b_session_01,transition,exclude,2026-08-14T21:40:22.194+08:00,1786714822194,left,foot_left_001,2402087,343639518,0.0112,0.0022,0.0166,0.0015,0.009,0.0957,31.22,32.47,31.66,32.3,-5.26617105,2.1868829499999998,-6.815621749999999,0.6,0.1,2.1,0,ble
person_b_session_01,transition,exclude,2026-08-14T21:40:22.388+08:00,1786714822388,right,foot_right_001,2402087,343639519,0.0039,0.0034,0.0059,0.0,0.01,0.0462,31.19,31.68,24.56,32.24,3.91285335,4.08937305,-6.7273619,-6.2,-0.9,-1.4,0,ble
person_b_session_01,transition,exclude,2026-08-14T21:40:22.394+08:00,1786714822394,left,foot_left_001,2402087,343639519,0.0115,0.0022,0.0166,0.0017,0.0088,0.096,31.19,32.47,31.66,32.3,-5.275977699999999,2.1966895999999996,-6.83523505,0.6,0.0,2.1,0,ble
person_b_session_01,transition,exclude,2026-08-14T21:40:22.588+08:00,1786714822588,right,foot_right_001,2402087,343639520,0.0039,0.0037,0.0059,0.0,0.01,0.0462,31.22,31.71,24.56,32.27,3.8932400499999997,4.10898635,-6.7077485999999995,-6.3,-1.0,-1.5,0,ble
person_b_session_01,transition,exclude,2026-08-14T21:40:22.594+08:00,1786714822594,left,foot_left_001,2402087,343639520,0.0117,0.0022,0.0166,0.0015,0.0088,0.0957,31.22,32.45,31.66,32.33,-5.275977699999999,2.20649625,-6.7960084499999995,0.6,0.2,2.1,0,ble
person_b_session_01,transition,exclude,2026-08-14T21:40:22.788+08:00,1786714822788,right,foot_right_001,2402087,343639521,0.0039,0.0037,0.0059,0.0,0.01,0.0464,31.19,31.68,24.56,32.27,3.87362675,4.0991797,-6.7273619,-6.3,-0.9,-1.3,0,ble
person_b_session_01,transition,exclude,2026-08-14T21:40:22.794+08:00,1786714822794,left,foot_left_001,2402087,343639521,0.012,0.0022,0.0168,0.0017,0.0088,0.0962,31.16,32.47,31.66,32.3,-5.2563644,2.20649625,-6.8058151,0.7,0.1,2.1,0,ble
person_b_session_01,transition,exclude,2026-08-14T21:40:22.988+08:00,1786714822988,right,foot_right_001,2402087,343639522,0.0037,0.0034,0.0059,0.0,0.01,0.0462,31.19,31.71,24.56,32.27,3.8834334,4.0991797,-6.7469752,-6.3,-0.9,-1.4,0,ble
person_b_session_01,transition,exclude,2026-08-14T21:40:22.994+08:00,1786714822994,left,foot_left_001,2402087,343639522,0.0122,0.0024,0.0171,0.0017,0.0088,0.0962,31.16,32.45,31.66,32.3,-5.24655775,2.1868829499999998,-6.8254284,0.7,0.1,2.0,0,ble
person_b_session_01,transition,exclude,2026-08-14T21:40:23.188+08:00,1786714823188,right,foot_right_001,2402087,343639523,0.0037,0.0037,0.0061,0.0,0.0103,0.0466,31.19,31.71,24.56,32.27,3.8932400499999997,4.10898635,-6.717555249999999,-6.2,-0.9,-1.4,0,ble
person_b_session_01,transition,exclude,2026-08-14T21:40:23.194+08:00,1786714823194,left,foot_left_001,2402087,343639523,0.0122,0.0022,0.0168,0.0017,0.0088,0.096,31.19,32.45,31.66,32.33,-5.26617105,2.20649625,-6.776395149999999,0.7,0.1,2.0,0,ble
person_b_session_01,transition,exclude,2026-08-14T21:40:23.388+08:00,1786714823388,right,foot_right_001,2402087,343639524,0.0034,0.0034,0.0061,0.0,0.0103,0.0466,31.22,31.71,24.56,32.27,3.8638201,4.0991797,-6.7077485999999995,-6.3,-0.8,-1.4,0,ble
person_b_session_01,transition,exclude,2026-08-14T21:40:23.394+08:00,1786714823394,left,foot_left_001,2402087,343639524,0.0122,0.0022,0.0166,0.0017,0.0088,0.0962,31.19,32.45,31.66,32.3,-5.2563644,2.1966895999999996,-6.7960084499999995,0.5,0.1,2.2,0,ble
person_b_session_01,transition,exclude,2026-08-14T21:40:23.588+08:00,1786714823588,right,foot_right_001,2402087,343639525,0.0034,0.0029,0.0056,0.0,0.0098,0.0459,31.22,31.71,24.56,32.3,3.87362675,4.0991797,-6.7273619,-6.4,-0.9,-1.2,0,ble
person_b_session_01,transition,exclude,2026-08-14T21:40:23.594+08:00,1786714823594,left,foot_left_001,2402087,343639525,0.0122,0.0022,0.0166,0.0015,0.0088,0.0969,31.19,32.45,31.66,32.33,-5.275977699999999,2.0299765499999998,-6.874461649999999,1.1,0.1,1.9,0,ble
person_b_session_01,transition,exclude,2026-08-14T21:40:23.788+08:00,1786714823788,right,foot_right_001,2402087,343639526,0.0044,0.0029,0.0059,0.0,0.0098,0.0449,31.22,31.71,24.56,32.27,3.8834334,4.08937305,-6.7469752,-5.9,-1.0,-1.0,0,ble
person_b_session_01,transition,exclude,2026-08-14T21:40:23.794+08:00,1786714823794,left,foot_left_001,2402087,343639526,0.0129,0.002,0.0168,0.0012,0.009,0.0972,31.22,32.47,31.66,32.33,-5.197524499999999,2.1770762999999995,-6.8058151,0.0,0.3,2.2,0,ble
person_b_session_01,transition,exclude,2026-08-14T21:40:23.988+08:00,1786714823988,right,foot_right_001,2402087,343639527,0.0051,0.0049,0.0085,0.0,0.0103,0.0422,31.19,31.68,24.54,32.27,3.8834334,4.0991797,-6.65871535,-6.0,-0.9,-1.0,0,ble
person_b_session_01,transition,exclude,2026-08-14T21:40:23.994+08:00,1786714823994,left,foot_left_001,2402087,343639527,0.0129,0.0027,0.0186,0.0012,0.01,0.0913,31.19,32.47,31.66,32.33,-5.26617105,2.2359161999999997,-6.7665885,0.5,-0.1,1.9,0,ble
person_b_session_01,transition,exclude,2026-08-14T21:40:24.188+08:00,1786714824188,right,foot_right_001,2402087,343639528,0.0061,0.0063,0.011,0.0,0.0103,0.0357,31.19,31.71,24.56,32.3,3.91285335,4.158019599999999,-6.6292954,-7.2,-0.7,-1.5,0,ble
person_b_session_01,transition,exclude,2026-08-14T21:40:24.194+08:00,1786714824194,left,foot_left_001,2402087,343639528,0.0166,0.0034,0.0225,0.0017,0.0105,0.0862,31.22,32.45,31.66,32.33,-5.28578435,2.2359161999999997,-6.8254284,1.5,0.3,1.7,0,ble
person_b_session_01,transition,exclude,2026-08-14T21:40:24.388+08:00,1786714824388,right,foot_right_001,2402087,343639529,0.0071,0.0088,0.0137,0.0005,0.0112,0.0349,31.19,31.68,24.56,32.27,3.8932400499999997,4.0795664,-6.6881353,-6.2,-0.8,-1.3,0,ble
person_b_session_01,transition,exclude,2026-08-14T21:40:24.394+08:00,1786714824394,left,foot_left_001,2402087,343639529,0.0208,0.0044,0.0283,0.0024,0.0107,0.072,31.19,32.45,31.66,32.33,-5.2563644,2.2163028999999996,-6.8254284,0.5,0.1,2.1,0,ble
person_b_session_01,transition,exclude,2026-08-14T21:40:24.588+08:00,1786714824588,right,foot_right_001,2402087,343639530,0.0095,0.0088,0.0137,0.0015,0.0107,0.0386,31.19,31.71,24.56,32.3,3.92266,4.0991797,-6.69794195,-5.7,-1.4,-1.2,0,ble
person_b_session_01,transition,exclude,2026-08-14T21:40:24.594+08:00,1786714824594,left,foot_left_001,2402087,343639530,0.02,0.0061,0.0403,0.0032,0.0105,0.0527,31.19,32.45,31.66,32.33,-5.3152042999999995,2.30456275,-6.7665885,-0.2,-0.8,2.4,0,ble
person_b_session_01,transition,exclude,2026-08-14T21:40:24.788+08:00,1786714824788,right,foot_right_001,2402087,343639531,0.0139,0.0103,0.02,0.0054,0.0181,0.0554,31.22,31.71,24.56,32.3,3.91285335,4.158019599999999,-6.639102049999999,-6.4,-1.3,-1.7,0,ble
person_b_session_01,transition,exclude,2026-08-14T21:40:24.794+08:00,1786714824794,left,foot_left_001,2402087,343639531,0.0137,0.0034,0.0335,0.0027,0.0071,0.0413,31.22,32.47,31.66,32.39,-5.26617105,2.1966895999999996,-6.7960084499999995,2.5,-1.3,1.6,0,ble
person_b_session_01,transition,exclude,2026-08-14T21:40:24.988+08:00,1786714824988,right,foot_right_001,2402087,343639532,0.0125,0.0183,0.033,0.0071,0.0232,0.0552,31.22,31.71,24.59,32.3,3.91285335,4.12859965,-6.69794195,-6.9,-0.8,-1.2,0,ble
person_b_session_01,transition,exclude,2026-08-14T21:40:24.994+08:00,1786714824994,left,foot_left_001,2402087,343639532,0.021,0.002,0.03,0.0042,0.0015,0.0217,31.19,32.45,31.66,32.33,-5.3544309,2.20649625,-6.756781849999999,0.5,-1.1,1.8,0,ble
person_b_session_01,left_load_bias,high,2026-08-14T21:40:25.188+08:00,1786714825188,right,foot_right_001,2402087,343639533,0.009,0.0222,0.0339,0.0051,0.023,0.0462,31.22,31.71,24.62,32.3,3.8834334,4.118792999999999,-6.7077485999999995,-5.7,-0.9,-1.4,0,ble
person_b_session_01,left_load_bias,high,2026-08-14T21:40:25.194+08:00,1786714825194,left,foot_left_001,2402087,343639533,0.0298,0.0024,0.0261,0.0049,0.0024,0.0332,31.22,32.47,31.66,32.39,-5.3544309,2.157463,-6.756781849999999,1.2,1.6,2.4,0,ble
person_b_session_01,left_load_bias,high,2026-08-14T21:40:25.388+08:00,1786714825388,right,foot_right_001,2402087,343639534,0.0032,0.0151,0.0164,0.0,0.0063,0.0149,31.22,31.71,24.59,32.3,3.8834334,4.069759749999999,-6.6881353,-7.0,0.2,-0.9,0,ble
person_b_session_01,left_load_bias,high,2026-08-14T21:40:25.394+08:00,1786714825394,left,foot_left_001,2402087,343639534,0.0266,0.002,0.0107,0.0024,0.0066,0.0654,31.22,32.47,31.66,32.39,-5.2171378,2.2359161999999997,-6.8058151,0.4,1.5,1.8,0,ble
person_b_session_01,left_load_bias,high,2026-08-14T21:40:25.588+08:00,1786714825588,right,foot_right_001,2402087,343639535,0.0,0.0059,0.0027,0.0,0.0007,0.0029,31.22,31.71,24.59,32.3,3.92266,4.118792999999999,-6.7862018,-6.3,-1.3,-1.9,0,ble
person_b_session_01,left_load_bias,high,2026-08-14T21:40:25.594+08:00,1786714825594,left,foot_left_001,2402087,343639535,0.0527,0.0051,0.0183,0.0039,0.0171,0.0845,31.19,32.45,31.66,32.39,-5.24655775,2.1672696499999997,-6.894074949999999,0.8,1.1,1.9,0,ble
person_b_session_01,left_load_bias,high,2026-08-14T21:40:25.788+08:00,1786714825788,right,foot_right_001,2402087,343639536,0.0,0.0078,0.0037,0.0,0.0012,0.0015,31.22,31.71,24.56,32.3,3.93246665,4.1972461999999995,-6.6489087,-7.1,-0.9,-2.1,0,ble
person_b_session_01,left_load_bias,high,2026-08-14T21:40:25.794+08:00,1786714825794,left,foot_left_001,2402087,343639536,0.0615,0.0066,0.0217,0.0073,0.0188,0.083,31.22,32.45,31.66,32.39,-5.275977699999999,2.2163028999999996,-6.83523505,-0.1,-0.6,1.9,0,ble
person_b_session_01,left_load_bias,high,2026-08-14T21:40:25.988+08:00,1786714825988,right,foot_right_001,2402087,343639537,0.0,0.0095,0.0059,0.0,0.0022,0.0037,31.22,31.71,24.56,32.27,3.95207995,4.158019599999999,-6.678328649999999,-6.5,-1.1,-2.0,0,ble
person_b_session_01,left_load_bias,high,2026-08-14T21:40:25.994+08:00,1786714825994,left,foot_left_001,2402087,343639537,0.0598,0.0078,0.0293,0.0063,0.019,0.0779,31.22,32.47,31.66,32.39,-5.24655775,2.1868829499999998,-6.8254284,0.7,0.1,2.1,0,ble
person_b_session_01,left_load_bias,high,2026-08-14T21:40:26.188+08:00,1786714826188,right,foot_right_001,2402087,343639538,0.0,0.0112,0.0071,0.0,0.0042,0.0059,31.22,31.71,24.56,32.24,3.9030467,4.18743955,-6.65871535,-6.1,-1.1,-1.6,0,ble
person_b_session_01,left_load_bias,high,2026-08-14T21:40:26.194+08:00,1786714826194,left,foot_left_001,2402087,343639538,0.063,0.0083,0.0337,0.0071,0.0186,0.072,31.22,32.45,31.66,32.39,-5.2563644,2.1770762999999995,-6.815621749999999,0.4,-0.3,1.8,0,ble
person_b_session_01,left_load_bias,high,2026-08-14T21:40:26.388+08:00,1786714826388,right,foot_right_001,2402087,343639539,0.0,0.0117,0.0063,0.0,0.0051,0.0081,31.22,31.71,24.56,32.24,3.92266,4.1776329,-6.7077485999999995,-6.8,-1.1,-2.4,0,ble
person_b_session_01,left_load_bias,high,2026-08-14T21:40:26.394+08:00,1786714826394,left,foot_left_001,2402087,343639539,0.0755,0.012,0.0513,0.0083,0.0173,0.0674,31.16,32.45,31.66,32.39,-5.30539765,2.1868829499999998,-6.776395149999999,-0.2,0.0,1.9,0,ble
person_b_session_01,left_load_bias,high,2026-08-14T21:40:26.588+08:00,1786714826588,right,foot_right_001,2402087,343639540,0.0,0.0107,0.0056,0.0,0.0066,0.0125,31.19,31.71,24.54,32.12,3.91285335,4.1776329,-6.668522,-6.0,-0.9,-1.3,0,ble
person_b_session_01,left_load_bias,high,2026-08-14T21:40:26.594+08:00,1786714826594,left,foot_left_001,2402087,343639540,0.0698,0.0093,0.0425,0.0063,0.0137,0.0762,31.19,32.45,31.66,32.39,-5.28578435,2.2163028999999996,-6.8254284,0.9,0.6,2.5,0,ble
person_b_session_01,left_load_bias,high,2026-08-14T21:40:26.788+08:00,1786714826788,right,foot_right_001,2402087,343639541,0.0,0.0129,0.0073,0.0,0.0076,0.0134,31.22,31.71,24.54,32.09,3.85401345,4.2364728,-6.65871535,-7.0,-1.0,-2.0,0,ble
person_b_session_01,left_load_bias,high,2026-08-14T21:40:26.794+08:00,1786714826794,left,foot_left_001,2402087,343639541,0.0654,0.0085,0.0286,0.0061,0.0115,0.084,31.19,32.45,31.66,32.39,-5.275977699999999,2.1770762999999995,-6.7960084499999995,0.5,-0.4,2.1,0,ble
person_b_session_01,left_load_bias,high,2026-08-14T21:40:26.988+08:00,1786714826988,right,foot_right_001,2402087,343639542,0.0,0.0171,0.0105,0.0,0.0088,0.0137,31.19,31.71,24.48,32.09,3.93246665,4.26589275,-6.5704555000000004,-6.0,-0.7,-0.9,0,ble
person_b_session_01,left_load_bias,high,2026-08-14T21:40:26.994+08:00,1786714826994,left,foot_left_001,2402087,343639542,0.0667,0.0088,0.0308,0.0056,0.0107,0.0796,31.19,32.47,31.66,32.39,-5.30539765,2.20649625,-6.7665885,0.5,0.1,2.1,0,ble
person_b_session_01,left_load_bias,high,2026-08-14T21:40:27.188+08:00,1786714827188,right,foot_right_001,2402087,343639543,0.0,0.0176,0.0107,0.0,0.0076,0.0139,31.19,31.71,24.48,32.09,3.92266,4.20705285,-6.65871535,-5.7,-1.0,-1.1,0,ble
person_b_session_01,left_load_bias,high,2026-08-14T21:40:27.194+08:00,1786714827194,left,foot_left_001,2402087,343639543,0.0745,0.011,0.0425,0.0078,0.0125,0.0698,31.19,32.45,31.66,32.39,-5.28578435,2.22610955,-6.7960084499999995,0.5,-0.1,2.0,0,ble
person_b_session_01,left_load_bias,high,2026-08-14T21:40:27.388+08:00,1786714827388,right,foot_right_001,2402087,343639544,0.0,0.0147,0.0103,0.0,0.0066,0.0107,31.19,31.71,24.48,32.09,3.92266,4.20705285,-6.69794195,-6.2,-0.6,-1.0,0,ble
person_b_session_01,left_load_bias,high,2026-08-14T21:40:27.394+08:00,1786714827394,left,foot_left_001,2402087,343639544,0.0813,0.0127,0.0527,0.0103,0.0132,0.0698,31.22,32.45,31.66,32.42,-5.295590999999999,2.1770762999999995,-6.7665885,1.1,0.9,2.1,0,ble
person_b_session_01,left_load_bias,high,2026-08-14T21:40:27.588+08:00,1786714827588,right,foot_right_001,2402087,343639545,0.0,0.0132,0.0093,0.0,0.0046,0.0085,31.19,31.71,24.48,32.09,3.91285335,4.1482129500000005,-6.69794195,-5.5,-0.9,-0.8,0,ble
person_b_session_01,left_load_bias,high,2026-08-14T21:40:27.594+08:00,1786714827594,left,foot_left_001,2402087,343639545,0.0813,0.0105,0.0545,0.0107,0.0137,0.0772,31.22,32.47,31.68,32.42,-5.295590999999999,2.1672696499999997,-6.815621749999999,0.7,0.5,2.1,0,ble
person_b_session_01,left_load_bias,high,2026-08-14T21:40:27.788+08:00,1786714827788,right,foot_right_001,2402087,343639546,0.0,0.0127,0.0078,0.0,0.0044,0.0056,31.19,31.71,24.48,32.06,3.91285335,4.22666615,-6.678328649999999,-7.0,-1.0,-1.9,0,ble
person_b_session_01,left_load_bias,high,2026-08-14T21:40:27.794+08:00,1786714827794,left,foot_left_001,2402087,343639546,0.0801,0.0093,0.0537,0.0103,0.0149,0.0838,31.22,32.47,31.66,32.39,-5.28578435,2.22610955,-6.7960084499999995,0.7,0.2,2.2,0,ble
person_b_session_01,left_load_bias,high,2026-08-14T21:40:27.988+08:00,1786714827988,right,foot_right_001,2402087,343639547,0.0,0.0134,0.0076,0.0,0.0049,0.0066,31.19,31.71,24.48,32.03,3.9030467,4.1972461999999995,-6.639102049999999,-6.6,-1.0,-1.7,0,ble
person_b_session_01,left_load_bias,high,2026-08-14T21:40:27.994+08:00,1786714827994,left,foot_left_001,2402087,343639547,0.0733,0.009,0.0498,0.0088,0.0149,0.0874,31.22,32.47,31.66,32.42,-5.26617105,2.2163028999999996,-6.8058151,0.0,0.2,2.3,0,ble
person_b_session_01,left_load_bias,high,2026-08-14T21:40:28.188+08:00,1786714828188,right,foot_right_001,2402087,343639548,0.0,0.0142,0.0076,0.0,0.0056,0.0073,31.19,31.71,24.48,32.03,3.8932400499999997,4.20705285,-6.6292954,-6.5,-0.8,-1.5,0,ble
person_b_session_01,left_load_bias,high,2026-08-14T21:40:28.194+08:00,1786714828194,left,foot_left_001,2402087,343639548,0.0691,0.009,0.0474,0.0068,0.0149,0.0884,31.22,32.47,31.68,32.42,-5.26617105,2.2163028999999996,-6.7960084499999995,1.0,0.1,2.2,0,ble
person_b_session_01,left_load_bias,high,2026-08-14T21:40:28.388+08:00,1786714828388,right,foot_right_001,2402087,343639549,0.0,0.0142,0.0071,0.0,0.0061,0.0088,31.19,31.71,24.48,32.03,3.92266,4.1972461999999995,-6.717555249999999,-5.9,-0.9,-1.4,0,ble
person_b_session_01,left_load_bias,high,2026-08-14T21:40:28.394+08:00,1786714828394,left,foot_left_001,2402087,343639549,0.0642,0.0071,0.04,0.0049,0.0147,0.0926,31.22,32.47,31.68,32.42,-5.26617105,2.1770762999999995,-6.7960084499999995,0.8,0.5,2.3,0,ble
person_b_session_01,left_load_bias,high,2026-08-14T21:40:28.588+08:00,1786714828588,right,foot_right_001,2402087,343639550,0.0,0.0137,0.0071,0.0,0.0063,0.0093,31.19,31.71,24.48,32.03,3.93246665,4.20705285,-6.6292954,-5.9,-1.0,-1.3,0,ble
person_b_session_01,left_load_bias,high,2026-08-14T21:40:28.594+08:00,1786714828594,left,foot_left_001,2402087,343639550,0.0589,0.0071,0.0359,0.0046,0.0147,0.093,31.19,32.47,31.66,32.42,-5.28578435,2.1672696499999997,-6.854848349999999,0.7,0.2,2.0,0,ble
person_b_session_01,left_load_bias,high,2026-08-14T21:40:28.788+08:00,1786714828788,right,foot_right_001,2402087,343639551,0.0,0.0134,0.0066,0.0,0.0066,0.0095,31.19,31.71,24.48,32.01,3.93246665,4.20705285,-6.59987545,-6.5,-0.7,-1.2,0,ble
person_b_session_01,left_load_bias,high,2026-08-14T21:40:28.794+08:00,1786714828794,left,foot_left_001,2402087,343639551,0.0586,0.0068,0.0361,0.0054,0.0142,0.0952,31.19,32.47,31.68,32.45,-5.275977699999999,2.157463,-6.8450416999999995,0.7,0.2,2.0,0,ble
person_b_session_01,left_load_bias,high,2026-08-14T21:40:28.988+08:00,1786714828988,right,foot_right_001,2402087,343639552,0.0,0.0129,0.0066,0.0,0.0061,0.0095,31.16,31.71,24.48,32.01,3.92266,4.1776329,-6.6194887499999995,-6.3,-0.9,-1.3,0,ble
person_b_session_01,left_load_bias,high,2026-08-14T21:40:28.994+08:00,1786714828994,left,foot_left_001,2402087,343639552,0.0613,0.0071,0.0388,0.0068,0.0147,0.0938,31.22,32.47,31.66,32.45,-5.28578435,2.1868829499999998,-6.776395149999999,0.6,0.0,1.9,0,ble
person_b_session_01,left_load_bias,high,2026-08-14T21:40:29.188+08:00,1786714829188,right,foot_right_001,2402087,343639553,0.0,0.0122,0.0063,0.0,0.0054,0.0093,31.19,31.71,24.48,32.01,3.95207995,4.2168595,-6.639102049999999,-6.4,-0.9,-1.3,0,ble
person_b_session_01,left_load_bias,high,2026-08-14T21:40:29.194+08:00,1786714829194,left,foot_left_001,2402087,343639553,0.0664,0.0088,0.0437,0.0073,0.0149,0.0923,31.22,32.47,31.68,32.45,-5.28578435,2.1868829499999998,-6.8254284,0.6,0.1,2.0,0,ble
person_b_session_01,left_load_bias,high,2026-08-14T21:40:29.388+08:00,1786714829388,right,foot_right_001,2402087,343639554,0.0,0.0122,0.0063,0.0,0.0054,0.0088,31.19,31.71,24.48,32.01,3.95207995,4.2168595,-6.6194887499999995,-6.5,-0.7,-1.3,0,ble
person_b_session_01,left_load_bias,high,2026-08-14T21:40:29.394+08:00,1786714829394,left,foot_left_001,2402087,343639554,0.0674,0.0093,0.0447,0.0083,0.0156,0.0928,31.22,32.47,31.68,32.45,-5.2563644,2.157463,-6.7960084499999995,0.7,0.2,2.0,0,ble
person_b_session_01,left_load_bias,high,2026-08-14T21:40:29.588+08:00,1786714829588,right,foot_right_001,2402087,343639555,0.0,0.0112,0.0063,0.0,0.0046,0.0071,31.16,31.71,24.48,32.01,3.93246665,4.18743955,-6.668522,-6.2,-0.9,-1.3,0,ble
person_b_session_01,left_load_bias,high,2026-08-14T21:40:29.594+08:00,1786714829594,left,foot_left_001,2402087,343639555,0.0689,0.0088,0.0454,0.0085,0.0159,0.0928,31.22,32.47,31.68,32.45,-5.295590999999999,2.1672696499999997,-6.83523505,0.6,0.2,2.0,0,ble
person_b_session_01,left_load_bias,high,2026-08-14T21:40:29.788+08:00,1786714829788,right,foot_right_001,2402087,343639556,0.0,0.011,0.0061,0.0,0.0042,0.0061,31.16,31.71,24.46,32.01,3.92266,4.22666615,-6.6194887499999995,-6.3,-0.9,-1.4,0,ble
person_b_session_01,left_load_bias,high,2026-08-14T21:40:29.794+08:00,1786714829794,left,foot_left_001,2402087,343639556,0.0698,0.0088,0.0476,0.0085,0.0166,0.093,31.22,32.47,31.68,32.45,-5.275977699999999,2.1476563499999997,-6.8254284,0.5,0.0,2.0,0,ble
person_b_session_01,left_load_bias,high,2026-08-14T21:40:29.988+08:00,1786714829988,right,foot_right_001,2402087,343639557,0.0,0.0107,0.0061,0.0,0.0029,0.0054,31.16,31.71,24.43,31.98,3.93246665,4.16782625,-6.6194887499999995,-6.5,-0.8,-1.3,0,ble
person_b_session_01,left_load_bias,high,2026-08-14T21:40:29.994+08:00,1786714829994,left,foot_left_001,2402087,343639557,0.0716,0.009,0.051,0.0083,0.0168,0.0923,31.19,32.47,31.66,32.45,-5.2563644,2.157463,-6.8254284,0.8,0.1,2.1,0,ble
person_b_session_01,left_load_bias,high,2026-08-14T21:40:30.188+08:00,1786714830188,right,foot_right_001,2402087,343639558,0.0,0.011,0.0061,0.0,0.0029,0.0049,31.16,31.71,24.4,31.98,3.97169325,4.16782625,-6.65871535,-6.3,-0.9,-1.3,0,ble
person_b_session_01,left_load_bias,high,2026-08-14T21:40:30.194+08:00,1786714830194,left,foot_left_001,2402087,343639558,0.0728,0.0093,0.0523,0.0093,0.0168,0.0913,31.22,32.47,31.68,32.45,-5.26617105,2.157463,-6.8058151,0.6,0.1,2.0,0,ble
person_b_session_01,left_load_bias,high,2026-08-14T21:40:30.388+08:00,1786714830388,right,foot_right_001,2402087,343639559,0.0,0.011,0.0061,0.0,0.0029,0.0046,31.13,31.71,24.4,31.98,3.95207995,4.1776329,-6.65871535,-6.3,-0.9,-1.3,0,ble
person_b_session_01,left_load_bias,high,2026-08-14T21:40:30.394+08:00,1786714830394,left,foot_left_001,2402087,343639559,0.0735,0.0095,0.054,0.0093,0.0168,0.0913,31.22,32.47,31.68,32.45,-5.26617105,2.1672696499999997,-6.7960084499999995,0.7,0.2,2.1,0,ble
person_b_session_01,left_load_bias,high,2026-08-14T21:40:30.588+08:00,1786714830588,right,foot_right_001,2402087,343639560,0.0,0.011,0.0061,0.0,0.0029,0.0046,31.16,31.77,24.43,31.98,3.92266,4.158019599999999,-6.65871535,-6.3,-1.0,-1.5,0,ble
person_b_session_01,left_load_bias,high,2026-08-14T21:40:30.594+08:00,1786714830594,left,foot_left_001,2402087,343639560,0.072,0.0093,0.0532,0.0095,0.0164,0.0933,31.22,32.47,31.68,32.45,-5.275977699999999,2.1868829499999998,-6.8254284,0.7,0.3,2.2,0,ble
person_b_session_01,left_load_bias,high,2026-08-14T21:40:30.788+08:00,1786714830788,right,foot_right_001,2402087,343639561,0.0,0.0107,0.0059,0.0,0.0027,0.0051,31.16,31.71,24.4,31.98,3.95207995,4.22666615,-6.639102049999999,-6.3,-1.1,-1.3,0,ble
person_b_session_01,left_load_bias,high,2026-08-14T21:40:30.794+08:00,1786714830794,left,foot_left_001,2402087,343639561,0.0696,0.0093,0.0537,0.0098,0.0171,0.0947,31.22,32.47,31.68,32.45,-5.275977699999999,2.1770762999999995,-6.7960084499999995,0.4,0.1,2.1,0,ble
person_b_session_01,left_load_bias,high,2026-08-14T21:40:30.988+08:00,1786714830988,right,foot_right_001,2402087,343639562,0.0,0.0105,0.0056,0.0,0.0024,0.0044,31.16,31.77,24.35,31.98,3.8932400499999997,4.1776329,-6.668522,-5.7,-1.4,-1.5,0,ble
person_b_session_01,left_load_bias,high,2026-08-14T21:40:30.994+08:00,1786714830994,left,foot_left_001,2402087,343639562,0.0696,0.0093,0.0549,0.01,0.0173,0.0955,31.22,32.47,31.68,32.45,-5.2563644,2.1672696499999997,-6.854848349999999,0.5,0.0,2.0,0,ble
person_b_session_01,left_load_bias,high,2026-08-14T21:40:31.188+08:00,1786714831188,right,foot_right_001,2402087,343639563,0.0,0.0098,0.0054,0.0,0.0024,0.0037,31.13,31.71,24.37,31.95,3.9422732999999996,4.18743955,-6.6489087,-6.1,-1.0,-1.3,0,ble
person_b_session_01,left_load_bias,high,2026-08-14T21:40:31.194+08:00,1786714831194,left,foot_left_001,2402087,343639563,0.0713,0.0098,0.0564,0.0105,0.0181,0.093,31.19,32.47,31.66,32.45,-5.2563644,2.1770762999999995,-6.854848349999999,0.5,-0.1,1.9,0,ble
person_b_session_01,left_load_bias,high,2026-08-14T21:40:31.388+08:00,1786714831388,right,foot_right_001,2402087,343639564,0.0,0.01,0.0054,0.0,0.002,0.0034,31.13,31.71,24.37,31.95,3.9422732999999996,4.1384063,-6.6489087,-6.4,-0.7,-1.2,0,ble
person_b_session_01,left_load_bias,high,2026-08-14T21:40:31.394+08:00,1786714831394,left,foot_left_001,2402087,343639564,0.072,0.0105,0.0576,0.0103,0.0183,0.0913,31.22,32.47,31.68,32.47,-5.28578435,2.1476563499999997,-6.8254284,0.6,0.1,1.9,0,ble
person_b_session_01,left_load_bias,high,2026-08-14T21:40:31.588+08:00,1786714831588,right,foot_right_001,2402087,343639565,0.0,0.0095,0.0054,0.0,0.0015,0.0024,31.16,31.77,24.37,31.92,3.9030467,4.1384063,-6.639102049999999,-6.3,-0.8,-1.2,0,ble
person_b_session_01,left_load_bias,high,2026-08-14T21:40:31.594+08:00,1786714831594,left,foot_left_001,2402087,343639565,0.074,0.011,0.0611,0.0105,0.019,0.0877,31.22,32.47,31.68,32.47,-5.26617105,2.157463,-6.8254284,0.6,0.0,1.9,0,ble
person_b_session_01,left_load_bias,high,2026-08-14T21:40:31.788+08:00,1786714831788,right,foot_right_001,2402087,343639566,0.0,0.01,0.0054,0.0,0.0015,0.0032,31.1,31.71,24.37,31.86,3.92266,4.1482129500000005,-6.639102049999999,-6.3,-0.9,-1.4,0,ble
person_b_session_01,left_load_bias,high,2026-08-14T21:40:31.794+08:00,1786714831794,left,foot_left_001,2402087,343639566,0.0755,0.0107,0.0613,0.0107,0.0193,0.0872,31.22,32.47,31.68,32.47,-5.275977699999999,2.1770762999999995,-6.7960084499999995,0.7,0.2,2.1,0,ble
person_b_session_01,left_load_bias,high,2026-08-14T21:40:31.988+08:00,1786714831988,right,foot_right_001,2402087,343639567,0.0,0.01,0.0054,0.0,0.0017,0.0029,31.1,31.71,24.37,31.86,3.91285335,4.18743955,-6.639102049999999,-6.3,-0.9,-1.4,0,ble
person_b_session_01,left_load_bias,high,2026-08-14T21:40:31.994+08:00,1786714831994,left,foot_left_001,2402087,343639567,0.0752,0.0107,0.0611,0.0103,0.0193,0.0879,31.22,32.47,31.68,32.47,-5.275977699999999,2.1770762999999995,-6.83523505,0.7,0.2,2.1,0,ble
person_b_session_01,left_load_bias,high,2026-08-14T21:40:32.188+08:00,1786714832188,right,foot_right_001,2402087,343639568,0.0,0.01,0.0054,0.0,0.002,0.0027,31.1,31.71,24.32,31.86,3.9422732999999996,4.16782625,-6.639102049999999,-6.2,-0.9,-1.3,0,ble
person_b_session_01,left_load_bias,high,2026-08-14T21:40:32.194+08:00,1786714832194,left,foot_left_001,2402087,343639568,0.075,0.0107,0.062,0.01,0.0195,0.0886,31.22,32.47,31.68,32.47,-5.26617105,2.1770762999999995,-6.8058151,0.6,0.3,2.2,0,ble
person_b_session_01,left_load_bias,high,2026-08-14T21:40:32.394+08:00,1786714832394,left,foot_left_001,2402087,343639569,0.0716,0.0103,0.0598,0.0098,0.0198,0.0921,31.22,32.47,31.68,32.45,-5.275977699999999,2.1672696499999997,-6.864655,0.6,0.2,2.1,0,ble
person_b_session_01,left_load_bias,high,2026-08-14T21:40:32.398+08:00,1786714832398,right,foot_right_001,2402087,343639569,0.0,0.01,0.0054,0.0,0.0017,0.0034,31.13,31.71,24.37,31.86,3.92266,4.1776329,-6.65871535,-6.3,-0.8,-1.2,0,ble
person_b_session_01,left_load_bias,high,2026-08-14T21:40:32.588+08:00,1786714832588,right,foot_right_001,2402087,343639570,0.0,0.0095,0.0051,0.0,0.001,0.0029,31.1,31.71,24.37,31.86,3.95207995,4.158019599999999,-6.6292954,-6.2,-0.9,-1.2,0,ble
person_b_session_01,left_load_bias,high,2026-08-14T21:40:32.594+08:00,1786714832594,left,foot_left_001,2402087,343639570,0.0691,0.0103,0.0598,0.0103,0.0195,0.096,31.22,32.47,31.68,32.47,-5.24655775,2.1672696499999997,-6.815621749999999,0.7,0.2,2.0,0,ble
person_b_session_01,left_load_bias,high,2026-08-14T21:40:32.788+08:00,1786714832788,right,foot_right_001,2402087,343639571,0.0,0.009,0.0051,0.0,0.0005,0.001,31.13,31.77,24.37,31.86,3.9422732999999996,4.158019599999999,-6.6194887499999995,-6.2,-0.8,-1.3,0,ble
person_b_session_01,left_load_bias,high,2026-08-14T21:40:32.794+08:00,1786714832794,left,foot_left_001,2402087,343639571,0.0718,0.0105,0.0618,0.0107,0.02,0.0955,31.22,32.47,31.68,32.47,-5.275977699999999,2.1868829499999998,-6.815621749999999,0.7,0.1,2.0,0,ble
person_b_session_01,left_load_bias,high,2026-08-14T21:40:32.988+08:00,1786714832988,right,foot_right_001,2402087,343639572,0.0,0.0085,0.0049,0.0,0.0,0.0005,31.13,31.77,24.37,31.86,3.9618865999999997,4.1776329,-6.678328649999999,-6.2,-0.9,-1.4,0,ble
person_b_session_01,left_load_bias,high,2026-08-14T21:40:32.994+08:00,1786714832994,left,foot_left_001,2402087,343639572,0.073,0.0107,0.0645,0.011,0.0205,0.0952,31.22,32.47,31.68,32.47,-5.275977699999999,2.1868829499999998,-6.8254284,0.6,0.2,2.0,0,ble
person_b_session_01,left_load_bias,high,2026-08-14T21:40:33.188+08:00,1786714833188,right,foot_right_001,2402087,343639573,0.0,0.0078,0.0049,0.0,0.0002,0.0005,31.08,31.71,24.29,31.83,3.93246665,4.1972461999999995,-6.668522,-6.2,-0.9,-1.3,0,ble
person_b_session_01,left_load_bias,high,2026-08-14T21:40:33.194+08:00,1786714833194,left,foot_left_001,2402087,343639573,0.0725,0.0107,0.065,0.0107,0.0208,0.0965,31.22,32.47,31.68,32.47,-5.26617105,2.1770762999999995,-6.8450416999999995,0.7,0.2,2.1,0,ble
person_b_session_01,left_load_bias,high,2026-08-14T21:40:33.388+08:00,1786714833388,right,foot_right_001,2402087,343639574,0.0,0.0073,0.0049,0.0,0.0005,0.0,31.1,31.71,24.29,31.83,3.95207995,4.16782625,-6.639102049999999,-6.2,-0.9,-1.4,0,ble
person_b_session_01,left_load_bias,high,2026-08-14T21:40:33.394+08:00,1786714833394,left,foot_left_001,2402087,343639574,0.0706,0.0105,0.0645,0.0103,0.0208,0.0982,31.22,32.47,31.68,32.47,-5.24655775,2.1770762999999995,-6.8058151,0.7,0.3,2.2,0,ble
person_b_session_01,left_load_bias,high,2026-08-14T21:40:33.588+08:00,1786714833588,right,foot_right_001,2402087,343639575,0.0,0.0073,0.0046,0.0,0.001,0.0007,31.08,31.71,24.29,31.83,3.93246665,4.16782625,-6.65871535,-6.4,-1.0,-1.4,0,ble
person_b_session_01,left_load_bias,high,2026-08-14T21:40:33.594+08:00,1786714833594,left,foot_left_001,2402087,343639575,0.0654,0.0095,0.0591,0.0095,0.0203,0.0991,31.22,32.47,31.66,32.45,-5.275977699999999,2.1868829499999998,-6.8450416999999995,0.5,0.2,2.1,0,ble
person_b_session_01,left_load_bias,high,2026-08-14T21:40:33.788+08:00,1786714833788,right,foot_right_001,2402087,343639576,0.0,0.0073,0.0046,0.0,0.0005,0.0,31.08,31.71,24.29,31.83,3.92266,4.158019599999999,-6.6292954,-6.2,-0.9,-1.3,0,ble
person_b_session_01,left_load_bias,high,2026-08-14T21:40:33.794+08:00,1786714833794,left,foot_left_001,2402087,343639576,0.0615,0.0095,0.0591,0.0093,0.0205,0.1004,31.22,32.47,31.68,32.45,-5.2563644,2.1966895999999996,-6.815621749999999,0.6,0.1,2.1,0,ble
person_b_session_01,left_load_bias,high,2026-08-14T21:40:33.988+08:00,1786714833988,right,foot_right_001,2402087,343639577,0.0,0.0073,0.0044,0.0,0.0,0.0,31.08,31.77,24.29,31.83,3.92266,4.16782625,-6.6096821,-6.2,-1.0,-1.4,0,ble
person_b_session_01,left_load_bias,high,2026-08-14T21:40:33.994+08:00,1786714833994,left,foot_left_001,2402087,343639577,0.0593,0.0088,0.0571,0.009,0.0205,0.1018,31.22,32.47,31.68,32.47,-5.2563644,2.1770762999999995,-6.8450416999999995,0.8,0.5,2.1,0,ble
person_b_session_01,left_load_bias,high,2026-08-14T21:40:34.188+08:00,1786714834188,right,foot_right_001,2402087,343639578,0.0,0.0063,0.0029,0.0,0.0,0.0,31.1,31.77,24.32,31.77,3.9422732999999996,4.20705285,-6.580262149999999,-5.7,-1.5,-1.7,0,ble
person_b_session_01,left_load_bias,high,2026-08-14T21:40:34.194+08:00,1786714834194,left,foot_left_001,2402087,343639578,0.0564,0.0078,0.0552,0.0085,0.0203,0.1048,31.19,32.47,31.66,32.45,-5.26617105,2.157463,-6.874461649999999,0.7,0.3,2.1,0,ble
person_b_session_01,left_load_bias,high,2026-08-14T21:40:34.388+08:00,1786714834388,right,foot_right_001,2402087,343639579,0.0,0.0063,0.0029,0.0,0.0,0.0,31.08,31.77,24.29,31.77,3.9618865999999997,4.1776329,-6.668522,-6.0,-1.0,-1.4,0,ble
person_b_session_01,left_load_bias,high,2026-08-14T21:40:34.394+08:00,1786714834394,left,foot_left_001,2402087,343639579,0.0559,0.0088,0.0562,0.0085,0.0205,0.1043,31.22,32.47,31.68,32.47,-5.24655775,2.1770762999999995,-6.854848349999999,0.5,-0.1,2.0,0,ble
person_b_session_01,left_load_bias,high,2026-08-14T21:40:34.588+08:00,1786714834588,right,foot_right_001,2402087,343639580,0.0,0.0066,0.0029,0.0,0.0,0.0,31.08,31.77,24.27,31.77,3.95207995,4.16782625,-6.668522,-6.2,-0.9,-1.5,0,ble
person_b_session_01,left_load_bias,high,2026-08-14T21:40:34.594+08:00,1786714834594,left,foot_left_001,2402087,343639580,0.03,0.01,0.0642,0.0071,0.0215,0.1035,31.19,32.47,31.66,32.47,-5.236751099999999,2.20649625,-6.8254284,1.0,0.4,2.5,0,ble
person_b_session_01,left_load_bias,high,2026-08-14T21:40:34.788+08:00,1786714834788,right,foot_right_001,2402087,343639581,0.0,0.0071,0.0034,0.0,0.0,0.0,31.05,31.71,24.27,31.71,3.95207995,4.16782625,-6.639102049999999,-6.4,-0.9,-1.5,0,ble
person_b_session_01,left_load_bias,high,2026-08-14T21:40:34.794+08:00,1786714834794,left,foot_left_001,2402087,343639581,0.0056,0.0095,0.0708,0.0073,0.0242,0.1031,31.22,32.45,31.68,32.47,-5.2171378,2.1868829499999998,-6.776395149999999,0.8,0.3,2.1,0,ble
person_b_session_01,left_load_bias,high,2026-08-14T21:40:34.988+08:00,1786714834988,right,foot_right_001,2402087,343639582,0.0,0.0085,0.0032,0.0,0.0002,0.0,31.05,31.77,24.27,31.71,3.93246665,4.1482129500000005,-6.668522,-6.5,-0.9,-1.6,0,ble
person_b_session_01,left_load_bias,high,2026-08-14T21:40:34.994+08:00,1786714834994,left,foot_left_001,2402087,343639582,0.0017,0.0095,0.0759,0.0117,0.0256,0.0999,31.22,32.45,31.68,32.47,-5.236751099999999,2.1770762999999995,-6.874461649999999,0.8,0.2,1.9,0,ble
person_b_session_01,left_load_bias,high,2026-08-14T21:40:35.188+08:00,1786714835188,right,foot_right_001,2402087,343639583,0.0,0.0095,0.0042,0.0,0.0007,0.0002,31.05,31.71,24.24,31.71,3.9422732999999996,4.2364728,-6.580262149999999,-6.2,-0.9,-1.3,0,ble
person_b_session_01,left_load_bias,high,2026-08-14T21:40:35.194+08:00,1786714835194,left,foot_left_001,2402087,343639583,0.0103,0.0088,0.0767,0.0073,0.0259,0.1028,31.22,32.45,31.68,32.47,-5.236751099999999,2.1770762999999995,-6.874461649999999,0.4,0.8,2.5,0,ble
person_b_session_01,left_load_bias,high,2026-08-14T21:40:35.388+08:00,1786714835388,right,foot_right_001,2402087,343639584,0.0,0.0095,0.0042,0.0,0.0007,0.001,31.05,31.71,24.27,31.71,3.91285335,4.16782625,-6.65871535,-6.0,-0.9,-1.2,0,ble
person_b_session_01,left_load_bias,high,2026-08-14T21:40:35.394+08:00,1786714835394,left,foot_left_001,2402087,343639584,0.0029,0.0063,0.0422,0.0,0.0254,0.1153,31.19,32.47,31.66,32.47,-5.20733115,2.2163028999999996,-6.8058151,0.5,0.3,2.3,0,ble
person_b_session_01,left_load_bias,high,2026-08-14T21:40:35.588+08:00,1786714835588,right,foot_right_001,2402087,343639585,0.0,0.009,0.0042,0.0,0.0002,0.001,31.05,31.77,24.24,31.71,3.93246665,4.158019599999999,-6.6489087,-6.3,-1.0,-1.2,0,ble
person_b_session_01,left_load_bias,high,2026-08-14T21:40:35.594+08:00,1786714835594,left,foot_left_001,2402087,343639585,0.0027,0.0046,0.0337,0.0005,0.0254,0.1179,31.22,32.45,31.68,32.47,-5.1779112,2.1868829499999998,-6.8254284,0.9,0.1,2.1,0,ble
person_b_session_01,left_load_bias,high,2026-08-14T21:40:35.788+08:00,1786714835788,right,foot_right_001,2402087,343639586,0.0,0.009,0.0042,0.0,0.0,0.0007,31.05,31.71,24.24,31.71,3.9422732999999996,4.18743955,-6.668522,-6.3,-0.8,-1.3,0,ble
person_b_session_01,left_load_bias,high,2026-08-14T21:40:35.794+08:00,1786714835794,left,foot_left_001,2402087,343639586,0.0056,0.0056,0.0452,0.0007,0.0261,0.1155,31.22,32.45,31.68,32.47,-5.18771785,2.1868829499999998,-6.8450416999999995,1.3,-0.4,1.7,0,ble
person_b_session_01,left_load_bias,high,2026-08-14T21:40:35.988+08:00,1786714835988,right,foot_right_001,2402087,343639587,0.0,0.0085,0.0039,0.0,0.0005,0.0007,31.02,31.71,24.21,31.71,3.9030467,4.18743955,-6.668522,-6.0,-1.1,-1.4,0,ble
person_b_session_01,left_load_bias,high,2026-08-14T21:40:35.994+08:00,1786714835994,left,foot_left_001,2402087,343639587,0.0139,0.0071,0.0552,0.0022,0.0264,0.1109,31.22,32.45,31.68,32.45,-5.2171378,2.1868829499999998,-6.8450416999999995,0.6,0.4,2.2,0,ble
person_b_session_01,left_load_bias,high,2026-08-14T21:40:36.188+08:00,1786714836188,right,foot_right_001,2402087,343639588,0.0,0.0068,0.0027,0.0,0.0,0.0,31.02,31.71,24.21,31.71,3.92266,4.2168595,-6.6194887499999995,-6.7,-0.8,-1.4,0,ble
person_b_session_01,left_load_bias,high,2026-08-14T21:40:36.194+08:00,1786714836194,left,foot_left_001,2402087,343639588,0.0105,0.0066,0.0496,0.0007,0.0266,0.1197,31.22,32.45,31.68,32.47,-5.16810455,2.1966895999999996,-6.8842683,0.2,0.7,2.4,0,ble
person_b_session_01,left_load_bias,high,2026-08-14T21:40:36.388+08:00,1786714836388,right,foot_right_001,2402087,343639589,0.0,0.0051,0.0012,0.0,0.0,0.0,31.02,31.71,24.21,31.71,3.93246665,4.24627945,-6.6292954,-7.0,-0.6,-1.4,0,ble
person_b_session_01,left_load_bias,high,2026-08-14T21:40:36.394+08:00,1786714836394,left,foot_left_001,2402087,343639589,0.0107,0.0068,0.052,0.0015,0.0281,0.1201,31.22,32.47,31.68,32.47,-5.2269444499999995,2.2163028999999996,-6.8058151,0.9,0.1,2.0,0,ble
person_b_session_01,left_load_bias,high,2026-08-14T21:40:36.588+08:00,1786714836588,right,foot_right_001,2402087,343639590,0.0,0.0034,0.0,0.0,0.0,0.0,31.02,31.77,24.24,31.71,3.97169325,4.2168595,-6.580262149999999,-7.1,-0.6,-0.9,0,ble
person_b_session_01,left_load_bias,high,2026-08-14T21:40:36.594+08:00,1786714836594,left,foot_left_001,2402087,343639590,0.0134,0.0073,0.0567,0.0012,0.0281,0.1194,31.22,32.47,31.68,32.47,-5.1779112,2.1672696499999997,-6.8450416999999995,0.6,0.3,2.0,0,ble
person_b_session_01,left_load_bias,high,2026-08-14T21:40:36.788+08:00,1786714836788,right,foot_right_001,2402087,343639591,0.0,0.0029,0.0,0.0,0.0,0.0,31.02,31.77,24.21,31.71,3.92266,4.18743955,-6.6096821,-6.3,-1.0,-1.5,0,ble
person_b_session_01,left_load_bias,high,2026-08-14T21:40:36.794+08:00,1786714836794,left,foot_left_001,2402087,343639591,0.0161,0.0088,0.0584,0.0017,0.0298,0.1182,31.22,32.45,31.68,32.47,-5.236751099999999,2.1966895999999996,-6.8842683,0.7,-0.1,1.9,0,ble
person_b_session_01,left_load_bias,high,2026-08-14T21:40:36.988+08:00,1786714836988,right,foot_right_001,2402087,343639592,0.0,0.0046,0.0,0.0,0.0,0.0,30.96,31.71,24.21,31.68,3.93246665,4.1972461999999995,-6.65871535,-5.1,-1.1,-1.5,0,ble
person_b_session_01,left_load_bias,high,2026-08-14T21:40:36.994+08:00,1786714836994,left,foot_left_001,2402087,343639592,0.0176,0.0088,0.0579,0.0015,0.0298,0.1182,31.22,32.45,31.68,32.47,-5.18771785,2.1966895999999996,-6.864655,0.5,0.0,2.1,0,ble
person_b_session_01,left_load_bias,high,2026-08-14T21:40:37.188+08:00,1786714837188,right,foot_right_001,2402087,343639593,0.0,0.0085,0.0017,0.0,0.0,0.0,30.96,31.77,24.16,31.68,3.91285335,4.256086099999999,-6.5900688,-6.4,-1.1,-1.7,0,ble
person_b_session_01,left_load_bias,high,2026-08-14T21:40:37.194+08:00,1786714837194,left,foot_left_001,2402087,343639593,0.021,0.0093,0.0613,0.0024,0.0293,0.1087,31.22,32.47,31.68,32.47,-5.236751099999999,2.1966895999999996,-6.7960084499999995,0.5,-0.4,1.8,0,ble
person_b_session_01,left_load_bias,high,2026-08-14T21:40:37.394+08:00,1786714837394,left,foot_left_001,2402087,343639594,0.0256,0.0105,0.0645,0.0039,0.0288,0.0999,31.22,32.47,31.68,32.47,-5.24655775,2.20649625,-6.894074949999999,0.5,0.0,2.0,0,ble
person_b_session_01,left_load_bias,high,2026-08-14T21:40:37.398+08:00,1786714837398,right,foot_right_001,2402087,343639594,0.0,0.0107,0.0029,0.0,0.0,0.0,30.96,31.71,24.16,31.66,3.9422732999999996,4.20705285,-6.668522,-6.2,-0.9,-1.4,0,ble
person_b_session_01,left_load_bias,high,2026-08-14T21:40:37.588+08:00,1786714837588,right,foot_right_001,2402087,343639595,0.0,0.0117,0.0037,0.0,0.0002,0.0,30.9,31.71,24.16,31.66,3.93246665,4.2364728,-6.6292954,-6.1,-1.0,-1.4,0,ble
person_b_session_01,left_load_bias,high,2026-08-14T21:40:37.594+08:00,1786714837594,left,foot_left_001,2402087,343639595,0.0266,0.011,0.0642,0.0029,0.0291,0.1009,31.19,32.47,31.68,32.47,-5.236751099999999,2.1966895999999996,-6.864655,0.6,0.1,2.0,0,ble
person_b_session_01,left_load_bias,high,2026-08-14T21:40:37.988+08:00,1786714837988,right,foot_right_001,2402087,343639597,0.0,0.0117,0.0039,0.0,0.0002,0.0,30.96,31.71,24.16,31.66,3.9422732999999996,4.2364728,-6.668522,-6.2,-0.9,-1.3,0,ble
person_b_session_01,left_load_bias,high,2026-08-14T21:40:37.996+08:00,1786714837996,left,foot_left_001,2402087,343639597,0.0274,0.011,0.0652,0.0042,0.0293,0.1028,31.22,32.47,31.68,32.47,-5.374044199999999,1.53964405,-7.30595425,0.5,-0.1,1.8,0,ble
person_b_session_01,left_load_bias,high,2026-08-14T21:40:38.188+08:00,1786714838188,right,foot_right_001,2402087,343639598,0.0,0.0105,0.0029,0.0,0.0002,0.0,30.96,31.77,24.16,31.66,3.93246665,4.2168595,-6.639102049999999,-6.1,-1.0,-1.4,0,ble
person_b_session_01,left_load_bias,high,2026-08-14T21:40:38.196+08:00,1786714838196,left,foot_left_001,2402087,343639598,0.0274,0.0107,0.065,0.0042,0.0293,0.1057,31.22,32.47,31.68,32.47,-5.5897905,1.8142302499999998,-7.28634095,0.5,0.3,2.2,0,ble
person_b_session_01,left_load_bias,high,2026-08-14T21:40:38.388+08:00,1786714838388,right,foot_right_001,2402087,343639599,0.0,0.0098,0.0022,0.0,0.0,0.0,30.96,31.77,24.16,31.66,3.92266,4.18743955,-6.639102049999999,-6.4,-0.8,-1.4,0,ble
person_b_session_01,left_load_bias,high,2026-08-14T21:40:38.396+08:00,1786714838396,left,foot_left_001,2402087,343639599,0.0249,0.0095,0.0562,0.0029,0.0283,0.1128,31.22,32.45,31.68,32.47,-5.20733115,2.20649625,-6.7960084499999995,0.5,0.6,2.3,0,ble
person_b_session_01,left_load_bias,high,2026-08-14T21:40:38.588+08:00,1786714838588,right,foot_right_001,2402087,343639600,0.0,0.0088,0.0015,0.0,0.0,0.0,30.96,31.77,24.16,31.66,3.93246665,4.22666615,-6.668522,-6.4,-0.8,-1.2,0,ble
person_b_session_01,left_load_bias,high,2026-08-14T21:40:38.596+08:00,1786714838596,left,foot_left_001,2402087,343639600,0.0217,0.0081,0.0486,0.0012,0.0274,0.1189,31.22,32.47,31.68,32.47,-5.0013914999999995,2.6870220999999996,-6.4821956499999995,1.1,0.5,2.2,0,ble
person_b_session_01,left_load_bias,high,2026-08-14T21:40:38.788+08:00,1786714838788,right,foot_right_001,2402087,343639601,0.0,0.0066,0.001,0.0,0.0,0.0,30.9,31.77,24.16,31.66,3.92266,4.1972461999999995,-6.668522,-6.6,-0.8,-1.1,0,ble
person_b_session_01,left_load_bias,high,2026-08-14T21:40:38.796+08:00,1786714838796,left,foot_left_001,2402087,343639601,0.019,0.0071,0.0422,0.001,0.0274,0.1223,31.22,32.47,31.68,32.47,-5.20733115,1.8044235999999998,-6.913688249999999,0.2,-0.1,1.8,0,ble
person_b_session_01,left_load_bias,high,2026-08-14T21:40:38.988+08:00,1786714838988,right,foot_right_001,2402087,343639602,0.0,0.0061,0.0,0.0,0.0,0.0,30.9,31.77,24.16,31.66,3.97169325,4.1972461999999995,-6.65871535,-6.6,-0.7,-1.3,0,ble
person_b_session_01,left_load_bias,high,2026-08-14T21:40:38.996+08:00,1786714838996,left,foot_left_001,2402087,343639602,0.02,0.0068,0.044,0.0012,0.0281,0.1226,31.22,32.47,31.68,32.47,-5.18771785,2.1378497,-6.913688249999999,1.2,0.5,2.1,0,ble
person_b_session_01,left_load_bias,high,2026-08-14T21:40:39.188+08:00,1786714839188,right,foot_right_001,2402087,343639603,0.0,0.0059,0.0,0.0,0.0,0.0,30.9,31.77,24.16,31.66,3.93246665,4.20705285,-6.639102049999999,-6.4,-0.9,-1.4,0,ble
person_b_session_01,left_load_bias,high,2026-08-14T21:40:39.196+08:00,1786714839196,left,foot_left_001,2402087,343639603,0.0205,0.0068,0.0437,0.002,0.0283,0.1223,31.22,32.47,31.68,32.47,-5.236751099999999,2.20649625,-6.864655,0.5,0.2,2.1,0,ble
person_b_session_01,left_load_bias,high,2026-08-14T21:40:39.388+08:00,1786714839388,right,foot_right_001,2402087,343639604,0.0,0.0059,0.0,0.0,0.0,0.0,30.87,31.77,24.16,31.66,3.9030467,4.20705285,-6.6096821,-6.3,-0.8,-1.4,0,ble
person_b_session_01,left_load_bias,high,2026-08-14T21:40:39.396+08:00,1786714839396,left,foot_left_001,2402087,343639604,0.0159,0.0049,0.0252,0.0007,0.0256,0.1267,31.22,32.47,31.68,32.47,-5.197524499999999,2.1868829499999998,-6.8254284,0.7,0.1,2.1,0,ble
person_b_session_01,left_load_bias,high,2026-08-14T21:40:39.588+08:00,1786714839588,right,foot_right_001,2402087,343639605,0.0,0.0061,0.0,0.0,0.0002,0.0,30.87,31.71,24.16,31.66,3.9030467,4.16782625,-6.668522,-6.1,-1.0,-1.5,0,ble
person_b_session_01,left_load_bias,high,2026-08-14T21:40:39.596+08:00,1786714839596,left,foot_left_001,2402087,343639605,0.0144,0.0037,0.0232,0.0007,0.0244,0.1267,31.22,32.47,31.68,32.47,-5.20733115,2.1672696499999997,-6.8450416999999995,0.8,0.1,2.2,0,ble
person_b_session_01,left_load_bias,high,2026-08-14T21:40:39.788+08:00,1786714839788,right,foot_right_001,2402087,343639606,0.0,0.0061,0.0,0.0,0.0,0.0,30.87,31.77,24.13,31.6,3.93246665,4.20705285,-6.6194887499999995,-6.0,-0.9,-1.2,0,ble
person_b_session_01,left_load_bias,high,2026-08-14T21:40:39.796+08:00,1786714839796,left,foot_left_001,2402087,343639606,0.0137,0.0029,0.022,0.0007,0.0232,0.1277,31.22,32.47,31.68,32.47,-5.197524499999999,2.1770762999999995,-6.874461649999999,0.8,0.2,2.0,0,ble
person_b_session_01,left_load_bias,high,2026-08-14T21:40:39.988+08:00,1786714839988,right,foot_right_001,2402087,343639607,0.0,0.0063,0.0002,0.0,0.0,0.0,30.87,31.77,24.16,31.6,3.9030467,4.20705285,-6.639102049999999,-6.4,-0.9,-1.4,0,ble
person_b_session_01,left_load_bias,high,2026-08-14T21:40:39.996+08:00,1786714839996,left,foot_left_001,2402087,343639607,0.0142,0.0027,0.0195,0.0007,0.0225,0.1287,31.22,32.47,31.68,32.47,-5.1779112,2.1672696499999997,-6.874461649999999,0.8,0.3,2.1,0,ble
person_b_session_01,left_load_bias,high,2026-08-14T21:40:40.188+08:00,1786714840188,right,foot_right_001,2402087,343639608,0.0,0.0061,0.0,0.0,0.0002,0.0,30.87,31.77,24.16,31.6,3.92266,4.256086099999999,-6.6489087,-6.2,-0.7,-1.2,0,ble
person_b_session_01,left_load_bias,high,2026-08-14T21:40:40.196+08:00,1786714840196,left,foot_left_001,2402087,343639608,0.012,0.0012,0.0125,0.0002,0.0195,0.1321,31.22,32.47,31.68,32.47,-5.2269444499999995,2.1868829499999998,-6.9333015499999995,0.9,0.3,2.1,0,ble
person_b_session_01,left_load_bias,high,2026-08-14T21:40:40.388+08:00,1786714840388,right,foot_right_001,2402087,343639609,0.0,0.0063,0.0002,0.0,0.0002,0.0,30.87,31.77,24.16,31.57,3.93246665,4.20705285,-6.65871535,-6.3,-0.8,-1.3,0,ble
person_b_session_01,left_load_bias,high,2026-08-14T21:40:40.396+08:00,1786714840396,left,foot_left_001,2402087,343639609,0.0127,0.001,0.0127,0.0005,0.019,0.1348,31.16,32.47,31.68,32.47,-5.2171378,2.1476563499999997,-6.864655,0.7,0.0,2.0,0,ble
person_b_session_01,left_load_bias,high,2026-08-14T21:40:40.588+08:00,1786714840588,right,foot_right_001,2402087,343639610,0.0,0.0063,0.0002,0.0,0.0,0.0,30.87,31.77,24.16,31.57,3.93246665,4.1972461999999995,-6.639102049999999,-6.4,-0.8,-1.4,0,ble
person_b_session_01,left_load_bias,high,2026-08-14T21:40:40.596+08:00,1786714840596,left,foot_left_001,2402087,343639610,0.0139,0.0015,0.0149,0.0007,0.0203,0.1348,31.22,32.47,31.68,32.47,-5.18771785,2.1378497,-6.913688249999999,0.6,-0.1,1.9,0,ble
person_b_session_01,left_load_bias,high,2026-08-14T21:40:40.788+08:00,1786714840788,right,foot_right_001,2402087,343639611,0.0,0.0061,0.0002,0.0,0.0005,0.0,30.87,31.77,24.16,31.57,3.91285335,4.20705285,-6.6194887499999995,-6.3,-0.9,-1.2,0,ble
person_b_session_01,left_load_bias,high,2026-08-14T21:40:40.796+08:00,1786714840796,left,foot_left_001,2402087,343639611,0.0178,0.0024,0.0215,0.0012,0.0217,0.1324,31.22,32.47,31.68,32.47,-5.197524499999999,2.1672696499999997,-6.8842683,0.6,0.0,1.9,0,ble
person_b_session_01,left_load_bias,high,2026-08-14T21:40:40.988+08:00,1786714840988,right,foot_right_001,2402087,343639612,0.0,0.0059,0.0,0.0,0.0002,0.0,30.87,31.77,24.16,31.57,3.92266,4.22666615,-6.639102049999999,-6.4,-0.9,-1.2,0,ble
person_b_session_01,left_load_bias,high,2026-08-14T21:40:40.996+08:00,1786714840996,left,foot_left_001,2402087,343639612,0.0195,0.0027,0.0242,0.002,0.0222,0.1319,31.22,32.47,31.68,32.47,-5.18771785,2.1868829499999998,-6.894074949999999,0.7,0.1,2.0,0,ble
person_b_session_01,left_load_bias,high,2026-08-14T21:40:41.188+08:00,1786714841188,right,foot_right_001,2402087,343639613,0.0,0.0059,0.0,0.0,0.0002,0.0,30.87,31.77,24.16,31.57,3.91285335,4.18743955,-6.6881353,-6.3,-1.0,-1.4,0,ble
person_b_session_01,left_load_bias,high,2026-08-14T21:40:41.196+08:00,1786714841196,left,foot_left_001,2402087,343639613,0.0205,0.0029,0.0252,0.0017,0.0227,0.1316,31.22,32.47,31.68,32.47,-5.20733115,2.1672696499999997,-6.874461649999999,0.6,0.0,2.1,0,ble
person_b_session_01,left_load_bias,high,2026-08-14T21:40:41.388+08:00,1786714841388,right,foot_right_001,2402087,343639614,0.0,0.0056,0.0,0.0,0.0,0.0,30.87,31.77,24.13,31.57,3.9422732999999996,4.20705285,-6.6096821,-6.4,-0.9,-1.3,0,ble
person_b_session_01,left_load_bias,high,2026-08-14T21:40:41.396+08:00,1786714841396,left,foot_left_001,2402087,343639614,0.0203,0.0029,0.0259,0.0017,0.0232,0.1333,31.22,32.47,31.68,32.47,-5.1779112,2.1280430499999996,-6.894074949999999,0.7,0.3,2.1,0,ble
person_b_session_01,left_load_bias,high,2026-08-14T21:40:41.588+08:00,1786714841588,right,foot_right_001,2402087,343639615,0.0,0.0051,0.0,0.0,0.0,0.0,30.84,31.77,24.16,31.57,3.91285335,4.2364728,-6.6096821,-6.3,-0.8,-1.2,0,ble
person_b_session_01,left_load_bias,high,2026-08-14T21:40:41.596+08:00,1786714841596,left,foot_left_001,2402087,343639615,0.0203,0.0032,0.0264,0.002,0.023,0.1336,31.22,32.47,31.68,32.47,-5.20733115,2.1378497,-6.894074949999999,0.8,0.3,2.1,0,ble
person_b_session_01,left_load_bias,high,2026-08-14T21:40:41.788+08:00,1786714841788,right,foot_right_001,2402087,343639616,0.0,0.0051,0.0,0.0,0.0002,0.0,30.84,31.77,24.13,31.57,3.91285335,4.24627945,-6.6194887499999995,-6.3,-1.0,-1.4,0,ble
person_b_session_01,left_load_bias,high,2026-08-14T21:40:41.796+08:00,1786714841796,left,foot_left_001,2402087,343639616,0.0205,0.0034,0.0266,0.002,0.0234,0.1338,31.22,32.47,31.66,32.47,-5.1779112,2.1672696499999997,-6.854848349999999,0.8,0.1,2.0,0,ble
person_b_session_01,left_load_bias,high,2026-08-14T21:40:41.988+08:00,1786714841988,right,foot_right_001,2402087,343639617,0.0,0.0054,0.0,0.0,0.0002,0.0,30.84,31.77,24.13,31.57,3.92266,4.20705285,-6.6489087,-6.3,-0.8,-1.3,0,ble
person_b_session_01,left_load_bias,high,2026-08-14T21:40:41.996+08:00,1786714841996,left,foot_left_001,2402087,343639617,0.0208,0.0037,0.0266,0.002,0.0232,0.1343,31.22,32.47,31.68,32.45,-5.197524499999999,2.1770762999999995,-6.8842683,0.7,0.2,2.1,0,ble
person_b_session_01,left_load_bias,high,2026-08-14T21:40:42.188+08:00,1786714842188,right,foot_right_001,2402087,343639618,0.0,0.0054,0.0,0.0,0.0,0.0,30.84,31.77,24.13,31.57,3.8932400499999997,4.20705285,-6.6194887499999995,-6.3,-1.0,-1.3,0,ble
person_b_session_01,left_load_bias,high,2026-08-14T21:40:42.196+08:00,1786714842196,left,foot_left_001,2402087,343639618,0.0208,0.0034,0.0266,0.0022,0.0225,0.1346,31.22,32.47,31.68,32.47,-5.20733115,2.1182364,-6.9038816,0.8,0.2,2.1,0,ble
person_b_session_01,left_load_bias,high,2026-08-14T21:40:42.396+08:00,1786714842396,left,foot_left_001,2402087,343639619,0.0186,0.0029,0.0249,0.002,0.0222,0.1358,31.22,32.47,31.68,32.45,-5.197524499999999,2.1770762999999995,-6.864655,0.6,0.4,2.3,0,ble
person_b_session_01,left_load_bias,high,2026-08-14T21:40:42.398+08:00,1786714842398,right,foot_right_001,2402087,343639619,0.0,0.0059,0.0002,0.0,0.0002,0.0,30.82,31.77,24.1,31.54,3.9030467,4.2168595,-6.639102049999999,-6.2,-0.8,-1.3,0,ble
person_b_session_01,left_load_bias,high,2026-08-14T21:40:42.588+08:00,1786714842588,right,foot_right_001,2402087,343639620,0.0,0.0061,0.0005,0.0,0.0002,0.0,30.79,31.77,24.1,31.54,3.93246665,4.2364728,-6.6096821,-6.3,-0.8,-1.3,0,ble
person_b_session_01,left_load_bias,high,2026-08-14T21:40:42.596+08:00,1786714842596,left,foot_left_001,2402087,343639620,0.0176,0.0029,0.0242,0.0015,0.0215,0.1363,31.22,32.47,31.68,32.45,-5.18771785,2.1476563499999997,-6.864655,0.7,0.1,2.0,0,ble
person_b_session_01,left_load_bias,high,2026-08-14T21:40:42.788+08:00,1786714842788,right,foot_right_001,2402087,343639621,0.0,0.0063,0.0005,0.0,0.0005,0.0,30.82,31.83,24.13,31.57,3.91285335,4.2168595,-6.639102049999999,-6.3,-0.9,-1.3,0,ble
person_b_session_01,left_load_bias,high,2026-08-14T21:40:42.796+08:00,1786714842796,left,foot_left_001,2402087,343639621,0.0178,0.0029,0.0249,0.0015,0.0217,0.136,31.22,32.45,31.68,32.45,-5.197524499999999,2.1672696499999997,-6.854848349999999,0.7,0.1,2.0,0,ble
person_b_session_01,left_load_bias,high,2026-08-14T21:40:42.988+08:00,1786714842988,right,foot_right_001,2402087,343639622,0.0,0.0063,0.0005,0.0,0.0005,0.0,30.79,31.77,24.13,31.54,3.8932400499999997,4.2168595,-6.6194887499999995,-6.2,-0.9,-1.4,0,ble
person_b_session_01,left_load_bias,high,2026-08-14T21:40:42.996+08:00,1786714842996,left,foot_left_001,2402087,343639622,0.0183,0.0029,0.0252,0.0015,0.0217,0.136,31.22,32.47,31.68,32.47,-5.20733115,2.1476563499999997,-6.8450416999999995,0.7,0.2,2.1,0,ble
person_b_session_01,left_load_bias,high,2026-08-14T21:40:43.188+08:00,1786714843188,right,foot_right_001,2402087,343639623,0.0,0.0063,0.0002,0.0,0.0,0.0,30.79,31.77,24.1,31.54,3.92266,4.2168595,-6.6489087,-6.3,-0.9,-1.3,0,ble
person_b_session_01,left_load_bias,high,2026-08-14T21:40:43.196+08:00,1786714843196,left,foot_left_001,2402087,343639623,0.0173,0.0029,0.0239,0.0015,0.0215,0.1377,31.19,32.47,31.68,32.47,-5.197524499999999,2.1868829499999998,-6.894074949999999,0.6,0.2,2.2,0,ble
person_b_session_01,left_load_bias,high,2026-08-14T21:40:43.388+08:00,1786714843388,right,foot_right_001,2402087,343639624,0.0,0.0061,0.0005,0.0,0.0002,0.0,30.79,31.77,24.13,31.54,3.92266,4.20705285,-6.6292954,-6.2,-1.1,-1.3,0,ble
person_b_session_01,left_load_bias,high,2026-08-14T21:40:43.396+08:00,1786714843396,left,foot_left_001,2402087,343639624,0.0168,0.0027,0.0234,0.0007,0.0217,0.1385,31.22,32.47,31.68,32.47,-5.197524499999999,2.1672696499999997,-6.943108199999999,0.6,0.2,2.0,0,ble
person_b_session_01,left_load_bias,high,2026-08-14T21:40:43.588+08:00,1786714843588,right,foot_right_001,2402087,343639625,0.0,0.0059,0.0005,0.0,0.0002,0.0,30.79,31.83,24.13,31.54,3.9030467,4.2364728,-6.6489087,-6.3,-0.9,-1.3,0,ble
person_b_session_01,left_load_bias,high,2026-08-14T21:40:43.596+08:00,1786714843596,left,foot_left_001,2402087,343639625,0.0176,0.0027,0.0247,0.0005,0.022,0.1382,31.22,32.47,31.68,32.47,-5.20733115,2.1770762999999995,-6.9038816,0.6,0.2,2.1,0,ble
person_b_session_01,left_load_bias,high,2026-08-14T21:40:43.788+08:00,1786714843788,right,foot_right_001,2402087,343639626,0.0,0.0059,0.0002,0.0,0.0002,0.0,30.79,31.83,24.13,31.54,3.91285335,4.2364728,-6.6096821,-6.2,-0.9,-1.3,0,ble
person_b_session_01,left_load_bias,high,2026-08-14T21:40:43.796+08:00,1786714843796,left,foot_left_001,2402087,343639626,0.0166,0.0029,0.0252,0.001,0.0222,0.1387,31.22,32.47,31.68,32.47,-5.197524499999999,2.1770762999999995,-6.8450416999999995,0.6,0.3,2.1,0,ble
person_b_session_01,left_load_bias,high,2026-08-14T21:40:43.988+08:00,1786714843988,right,foot_right_001,2402087,343639627,0.0,0.0059,0.0002,0.0,0.0002,0.0,30.79,31.77,24.1,31.54,3.92266,4.2168595,-6.6194887499999995,-6.4,-1.0,-1.4,0,ble
person_b_session_01,left_load_bias,high,2026-08-14T21:40:43.996+08:00,1786714843996,left,foot_left_001,2402087,343639627,0.0164,0.0027,0.0247,0.0007,0.022,0.1389,31.22,32.47,31.68,32.47,-5.197524499999999,2.1770762999999995,-6.9038816,0.7,0.3,2.1,0,ble
person_b_session_01,left_load_bias,high,2026-08-14T21:40:44.188+08:00,1786714844188,right,foot_right_001,2402087,343639628,0.0,0.0059,0.0,0.0,0.0,0.0,30.76,31.77,24.13,31.54,3.95207995,4.22666615,-6.6096821,-6.1,-0.9,-1.2,0,ble
person_b_session_01,left_load_bias,high,2026-08-14T21:40:44.196+08:00,1786714844196,left,foot_left_001,2402087,343639628,0.0154,0.0024,0.0217,0.0012,0.021,0.1402,31.19,32.47,31.66,32.47,-5.18771785,2.1672696499999997,-6.8842683,0.7,0.2,2.1,0,ble
person_b_session_01,left_load_bias,high,2026-08-14T21:40:44.388+08:00,1786714844388,right,foot_right_001,2402087,343639629,0.0,0.0056,0.0002,0.0,0.0,0.0,30.76,31.77,24.13,31.54,3.91285335,4.1972461999999995,-6.5900688,-6.4,-0.9,-1.3,0,ble
person_b_session_01,left_load_bias,high,2026-08-14T21:40:44.396+08:00,1786714844396,left,foot_left_001,2402087,343639629,0.0144,0.002,0.0181,0.0002,0.0203,0.1426,31.22,32.47,31.68,32.47,-5.18771785,2.1476563499999997,-6.8450416999999995,0.7,0.1,2.1,0,ble
person_b_session_01,left_load_bias,high,2026-08-14T21:40:44.588+08:00,1786714844588,right,foot_right_001,2402087,343639630,0.0,0.0054,0.0,0.0,0.0,0.0,30.76,31.83,24.13,31.54,3.91285335,4.2364728,-6.6489087,-6.4,-0.7,-1.2,0,ble
person_b_session_01,left_load_bias,high,2026-08-14T21:40:44.596+08:00,1786714844596,left,foot_left_001,2402087,343639630,0.0142,0.0017,0.0181,0.0005,0.0203,0.1419,31.22,32.47,31.68,32.47,-5.1582979,2.1476563499999997,-6.874461649999999,0.7,0.1,2.0,0,ble
person_b_session_01,left_load_bias,high,2026-08-14T21:40:44.788+08:00,1786714844788,right,foot_right_001,2402087,343639631,0.0,0.0054,0.0,0.0,0.0,0.0,30.76,31.77,24.1,31.54,3.91285335,4.2168595,-6.639102049999999,-6.2,-0.8,-1.2,0,ble
person_b_session_01,left_load_bias,high,2026-08-14T21:40:44.796+08:00,1786714844796,left,foot_left_001,2402087,343639631,0.0173,0.0022,0.0227,0.0007,0.022,0.1382,31.22,32.47,31.68,32.47,-5.18771785,2.1770762999999995,-6.874461649999999,0.4,-0.3,1.9,0,ble
person_b_session_01,left_load_bias,high,2026-08-14T21:40:44.988+08:00,1786714844988,right,foot_right_001,2402087,343639632,0.0,0.0056,0.0,0.0,0.0,0.0,30.76,31.77,24.1,31.48,3.8932400499999997,4.2364728,-6.59987545,-6.3,-0.8,-1.4,0,ble
person_b_session_01,left_load_bias,high,2026-08-14T21:40:44.996+08:00,1786714844996,left,foot_left_001,2402087,343639632,0.022,0.0032,0.031,0.0027,0.0234,0.1306,31.22,32.47,31.68,32.47,-5.2563644,2.1672696499999997,-6.8450416999999995,0.6,-0.1,1.9,0,ble
person_b_session_01,recovery,high,2026-08-14T21:40:45.188+08:00,1786714845188,right,foot_right_001,2402087,343639633,0.0,0.0059,0.0,0.0,0.0002,0.0,30.76,31.77,24.1,31.48,3.92266,4.2168595,-6.639102049999999,-6.3,-1.0,-1.5,0,ble
person_b_session_01,recovery,high,2026-08-14T21:40:45.196+08:00,1786714845196,left,foot_left_001,2402087,343639633,0.0227,0.0039,0.0322,0.0029,0.0237,0.1311,31.22,32.47,31.68,32.45,-5.236751099999999,2.1378497,-6.874461649999999,0.7,0.3,2.1,0,ble
person_b_session_01,recovery,high,2026-08-14T21:40:45.388+08:00,1786714845388,right,foot_right_001,2402087,343639634,0.0,0.0061,0.0002,0.0,0.0,0.0002,30.73,31.77,24.13,31.48,3.9422732999999996,4.20705285,-6.6194887499999995,-6.5,-1.0,-1.4,0,ble
person_b_session_01,recovery,high,2026-08-14T21:40:45.396+08:00,1786714845396,left,foot_left_001,2402087,343639634,0.0183,0.0032,0.0266,0.002,0.022,0.1368,31.22,32.47,31.68,32.47,-5.20733115,2.1378497,-6.864655,0.9,0.5,2.3,0,ble
person_b_session_01,recovery,high,2026-08-14T21:40:45.588+08:00,1786714845588,right,foot_right_001,2402087,343639635,0.0,0.0037,0.0,0.0,0.0005,0.001,30.73,31.77,24.1,31.48,3.8638201,4.18743955,-6.639102049999999,-5.8,-1.3,-1.3,0,ble
person_b_session_01,recovery,high,2026-08-14T21:40:45.596+08:00,1786714845596,left,foot_left_001,2402087,343639635,0.0132,0.0015,0.0149,0.0,0.0203,0.1436,31.22,32.47,31.68,32.45,-5.18771785,2.1182364,-6.8842683,0.5,0.2,2.4,0,ble
person_b_session_01,recovery,high,2026-08-14T21:40:45.788+08:00,1786714845788,right,foot_right_001,2402087,343639636,0.0,0.0029,0.0,0.0,0.001,0.0017,30.73,31.77,24.1,31.48,3.8834334,4.256086099999999,-6.6194887499999995,-6.8,-0.8,-1.6,0,ble
person_b_session_01,recovery,high,2026-08-14T21:40:45.796+08:00,1786714845796,left,foot_left_001,2402087,343639636,0.0066,0.0005,0.0032,0.0,0.0173,0.1453,31.22,32.47,31.68,32.45,-5.18771785,2.1280430499999996,-6.8842683,1.0,0.5,2.1,0,ble
person_b_session_01,recovery,high,2026-08-14T21:40:45.988+08:00,1786714845988,right,foot_right_001,2402087,343639637,0.0,0.0027,0.0,0.0,0.0012,0.0029,30.73,31.77,24.1,31.48,3.87362675,4.2364728,-6.65871535,-6.5,-1.0,-1.4,0,ble
person_b_session_01,recovery,high,2026-08-14T21:40:45.996+08:00,1786714845996,left,foot_left_001,2402087,343639637,0.0056,0.0,0.0015,0.0,0.0147,0.146,31.22,32.45,31.68,32.47,-5.16810455,2.1672696499999997,-6.874461649999999,0.9,0.3,2.1,0,ble
person_b_session_01,recovery,high,2026-08-14T21:40:46.188+08:00,1786714846188,right,foot_right_001,2402087,343639638,0.0,0.0044,0.0,0.0,0.0024,0.0051,30.73,31.77,24.1,31.48,3.8834334,4.256086099999999,-6.668522,-6.5,-0.5,-1.7,0,ble
person_b_session_01,recovery,high,2026-08-14T21:40:46.196+08:00,1786714846196,left,foot_left_001,2402087,343639638,0.0061,0.0,0.0042,0.0,0.0127,0.1399,31.22,32.47,31.68,32.45,-5.16810455,2.1672696499999997,-6.8842683,0.5,-0.5,2.1,0,ble
person_b_session_01,recovery,high,2026-08-14T21:40:46.388+08:00,1786714846388,right,foot_right_001,2402087,343639639,0.0,0.0054,0.0005,0.0,0.0027,0.0063,30.73,31.77,24.13,31.48,3.87362675,4.16782625,-6.756781849999999,-6.2,-0.7,-1.4,0,ble
person_b_session_01,recovery,high,2026-08-14T21:40:46.396+08:00,1786714846396,left,foot_left_001,2402087,343639639,0.0107,0.0017,0.0085,0.0,0.0129,0.1314,31.22,32.47,31.68,32.47,-5.18771785,2.1770762999999995,-6.8842683,0.4,-0.2,2.0,0,ble
person_b_session_01,recovery,high,2026-08-14T21:40:46.588+08:00,1786714846588,right,foot_right_001,2402087,343639640,0.0,0.0051,0.0005,0.0,0.002,0.0049,30.73,31.77,24.1,31.48,3.9422732999999996,4.26589275,-6.59987545,-6.1,-0.8,-0.7,0,ble
person_b_session_01,recovery,high,2026-08-14T21:40:46.596+08:00,1786714846596,left,foot_left_001,2402087,343639640,0.0132,0.0029,0.0129,0.0002,0.0156,0.1319,31.22,32.47,31.68,32.45,-5.20733115,2.1966895999999996,-6.864655,0.5,0.2,2.2,0,ble
person_b_session_01,recovery,high,2026-08-14T21:40:46.788+08:00,1786714846788,right,foot_right_001,2402087,343639641,0.0,0.0051,0.0,0.0,0.0012,0.0034,30.73,31.77,24.1,31.48,3.9030467,4.2168595,-6.65871535,-5.0,-1.4,-1.2,0,ble
person_b_session_01,recovery,high,2026-08-14T21:40:46.796+08:00,1786714846796,left,foot_left_001,2402087,343639641,0.0132,0.0024,0.0144,0.0005,0.0181,0.1358,31.22,32.47,31.68,32.45,-5.16810455,2.157463,-6.9038816,0.4,0.4,2.4,0,ble
person_b_session_01,recovery,high,2026-08-14T21:40:46.988+08:00,1786714846988,right,foot_right_001,2402087,343639642,0.0,0.001,0.0005,0.0,0.0044,0.0271,30.73,31.83,24.16,31.48,3.91285335,4.22666615,-6.492002299999999,-5.2,-2.1,-2.6,0,ble
person_b_session_01,recovery,high,2026-08-14T21:40:46.996+08:00,1786714846996,left,foot_left_001,2402087,343639642,0.0056,0.0015,0.0056,0.0,0.0176,0.1375,31.22,32.47,31.68,32.45,-5.2171378,2.22610955,-6.8842683,-0.1,0.2,3.8,0,ble
person_b_session_01,recovery,high,2026-08-14T21:40:47.188+08:00,1786714847188,right,foot_right_001,2402087,343639643,0.0,0.0066,0.0066,0.0,0.0271,0.0708,30.76,31.77,24.21,31.57,3.8834334,4.2364728,-6.678328649999999,-12.0,-2.2,-6.0,0,ble
person_b_session_01,recovery,high,2026-08-14T21:40:47.196+08:00,1786714847196,left,foot_left_001,2402087,343639643,0.0,0.0,0.0,0.0,0.0005,0.0733,31.22,32.45,31.68,32.45,-5.20733115,1.9417167,-6.894074949999999,2.6,-2.4,0.2,0,ble
person_b_session_01,recovery,high,2026-08-14T21:40:47.388+08:00,1786714847388,right,foot_right_001,2402087,343639644,0.0,0.0098,0.0132,0.0,0.0376,0.0784,30.82,31.83,24.29,31.6,3.7853669,4.26589275,-6.6489087,-2.9,-0.3,1.0,0,ble
person_b_session_01,recovery,high,2026-08-14T21:40:47.396+08:00,1786714847396,left,foot_left_001,2402087,343639644,0.0029,0.0,0.0002,0.0,0.0,0.0379,31.22,32.47,31.66,32.45,-5.275977699999999,2.1280430499999996,-6.815621749999999,0.8,1.1,3.4,0,ble
person_b_session_01,recovery,high,2026-08-14T21:40:47.588+08:00,1786714847588,right,foot_right_001,2402087,343639645,0.0007,0.0149,0.022,0.0,0.0327,0.054,30.79,31.77,24.29,31.66,3.87362675,4.1482129500000005,-6.678328649999999,-5.7,-0.2,-0.5,0,ble
person_b_session_01,recovery,high,2026-08-14T21:40:47.596+08:00,1786714847596,left,foot_left_001,2402087,343639645,0.0024,0.0,0.002,0.0,0.0,0.0486,31.22,32.47,31.68,32.45,-5.24655775,2.1182364,-6.864655,1.4,1.6,2.4,0,ble
person_b_session_01,recovery,high,2026-08-14T21:40:47.788+08:00,1786714847788,right,foot_right_001,2402087,343639646,0.0,0.011,0.0132,0.0,0.0298,0.0674,30.82,31.77,24.37,31.68,3.79517355,4.18743955,-6.717555249999999,-7.7,-1.4,-2.8,0,ble
person_b_session_01,recovery,high,2026-08-14T21:40:47.796+08:00,1786714847796,left,foot_left_001,2402087,343639646,0.0039,0.0,0.0049,0.0,0.0007,0.0552,31.22,32.47,31.68,32.45,-5.2563644,2.0986230999999997,-6.8450416999999995,1.2,0.7,2.1,0,ble
person_b_session_01,recovery,high,2026-08-14T21:40:47.988+08:00,1786714847988,right,foot_right_001,2402087,343639647,0.0,0.0046,0.0063,0.0,0.0305,0.0735,30.84,31.77,24.35,31.68,3.81478685,4.1776329,-6.678328649999999,-6.0,-0.5,-1.0,0,ble
person_b_session_01,recovery,high,2026-08-14T21:40:47.996+08:00,1786714847996,left,foot_left_001,2402087,343639647,0.0024,0.0,0.002,0.0,0.001,0.0601,31.22,32.47,31.68,32.45,-5.2269444499999995,2.1280430499999996,-6.913688249999999,0.4,0.0,2.5,0,ble
person_b_session_01,recovery,high,2026-08-14T21:40:48.188+08:00,1786714848188,right,foot_right_001,2402087,343639648,0.0,0.0078,0.0144,0.0,0.0313,0.0698,30.87,31.77,24.46,31.71,3.8245934999999998,4.158019599999999,-6.6881353,-6.2,-0.5,-0.9,0,ble
person_b_session_01,recovery,high,2026-08-14T21:40:48.196+08:00,1786714848196,left,foot_left_001,2402087,343639648,0.0024,0.0,0.0024,0.0,0.0017,0.0618,31.22,32.47,31.68,32.45,-5.2563644,2.0986230999999997,-6.83523505,0.8,0.2,2.0,0,ble
person_b_session_01,recovery,high,2026-08-14T21:40:48.388+08:00,1786714848388,right,foot_right_001,2402087,343639649,0.001,0.011,0.0188,0.0,0.0332,0.0652,30.87,31.77,24.48,31.77,3.81478685,4.1384063,-6.7665885,-6.5,-0.8,-1.4,0,ble
person_b_session_01,recovery,high,2026-08-14T21:40:48.396+08:00,1786714848396,left,foot_left_001,2402087,343639649,0.0034,0.0,0.0049,0.0005,0.0017,0.0598,31.22,32.47,31.68,32.45,-5.236751099999999,2.1476563499999997,-6.874461649999999,0.7,0.1,2.0,0,ble
person_b_session_01,recovery,high,2026-08-14T21:40:48.588+08:00,1786714848588,right,foot_right_001,2402087,343639650,0.0,0.0103,0.0149,0.0,0.0335,0.0735,30.87,31.77,24.48,31.77,3.79517355,4.118792999999999,-6.717555249999999,-6.9,-1.2,-1.9,0,ble
person_b_session_01,recovery,high,2026-08-14T21:40:48.596+08:00,1786714848596,left,foot_left_001,2402087,343639650,0.0039,0.0,0.0056,0.0005,0.0015,0.0603,31.22,32.47,31.71,32.45,-5.2563644,2.0790097999999997,-6.894074949999999,0.8,0.5,2.0,0,ble
person_b_session_01,recovery,high,2026-08-14T21:40:48.788+08:00,1786714848788,right,foot_right_001,2402087,343639651,0.0,0.0066,0.0093,0.0,0.0335,0.0767,30.87,31.77,24.48,31.77,3.8245934999999998,4.1776329,-6.7273619,-6.4,-0.8,-1.4,0,ble
person_b_session_01,recovery,high,2026-08-14T21:40:48.796+08:00,1786714848796,left,foot_left_001,2402087,343639651,0.0037,0.0,0.0059,0.0,0.0015,0.0625,31.22,32.47,31.71,32.45,-5.28578435,2.1378497,-6.7960084499999995,0.4,0.0,1.9,0,ble
person_b_session_01,recovery,high,2026-08-14T21:40:48.988+08:00,1786714848988,right,foot_right_001,2402087,343639652,0.0,0.0054,0.0068,0.0,0.0339,0.0806,30.87,31.77,24.54,31.83,3.77556025,4.1384063,-6.7077485999999995,-6.9,-1.2,-1.7,0,ble
person_b_session_01,recovery,high,2026-08-14T21:40:48.996+08:00,1786714848996,left,foot_left_001,2402087,343639652,0.0029,0.0,0.002,0.0,0.0015,0.0652,31.22,32.47,31.71,32.45,-5.30539765,2.1378497,-6.83523505,0.3,-0.3,2.1,0,ble
person_b_session_01,recovery,high,2026-08-14T21:40:49.188+08:00,1786714849188,right,foot_right_001,2402087,343639653,0.0,0.0042,0.0017,0.0,0.0342,0.0828,30.87,31.77,24.56,31.86,3.8049802,4.1776329,-6.65871535,-8.2,-0.5,-1.8,0,ble
person_b_session_01,recovery,high,2026-08-14T21:40:49.196+08:00,1786714849196,left,foot_left_001,2402087,343639653,0.0,0.0,0.0,0.0,0.001,0.0694,31.22,32.47,31.68,32.47,-5.2563644,2.1672696499999997,-6.8450416999999995,1.0,0.5,2.0,0,ble
person_b_session_01,recovery,high,2026-08-14T21:40:49.388+08:00,1786714849388,right,foot_right_001,2402087,343639654,0.0,0.0049,0.0054,0.0,0.0337,0.0755,30.87,31.77,24.59,31.86,3.79517355,4.1776329,-6.7077485999999995,-4.9,-0.6,-0.4,0,ble
person_b_session_01,recovery,high,2026-08-14T21:40:49.396+08:00,1786714849396,left,foot_left_001,2402087,343639654,0.0024,0.0,0.0,0.0,0.001,0.0716,31.22,32.47,31.68,32.47,-5.236751099999999,2.157463,-6.8450416999999995,0.8,0.2,2.0,0,ble
person_b_session_01,recovery,high,2026-08-14T21:40:49.588+08:00,1786714849588,right,foot_right_001,2402087,343639655,0.0,0.0078,0.01,0.0,0.033,0.0691,30.87,31.77,24.59,31.95,3.8442068,4.158019599999999,-6.7077485999999995,-6.2,-0.8,-1.2,0,ble
person_b_session_01,recovery,high,2026-08-14T21:40:49.596+08:00,1786714849596,left,foot_left_001,2402087,343639655,0.0049,0.0,0.0007,0.0,0.0015,0.0708,31.22,32.45,31.68,32.47,-5.275977699999999,2.1182364,-6.864655,0.8,0.5,2.1,0,ble
person_b_session_01,recovery,high,2026-08-14T21:40:49.788+08:00,1786714849788,right,foot_right_001,2402087,343639656,0.0,0.0083,0.0105,0.0,0.0327,0.0691,30.9,31.77,24.62,31.95,3.8245934999999998,4.1482129500000005,-6.7273619,-6.5,-0.9,-1.5,0,ble
person_b_session_01,recovery,high,2026-08-14T21:40:49.796+08:00,1786714849796,left,foot_left_001,2402087,343639656,0.0051,0.0,0.002,0.0,0.0015,0.0716,31.22,32.45,31.68,32.47,-5.24655775,2.1476563499999997,-6.864655,0.6,0.2,2.1,0,ble
person_b_session_01,recovery,high,2026-08-14T21:40:49.988+08:00,1786714849988,right,foot_right_001,2402087,343639657,0.0,0.0076,0.009,0.0,0.0332,0.0723,30.9,31.77,24.67,31.92,3.83440015,4.16782625,-6.7273619,-6.4,-0.8,-1.3,0,ble
person_b_session_01,recovery,high,2026-08-14T21:40:49.996+08:00,1786714849996,left,foot_left_001,2402087,343639657,0.0039,0.0,0.001,0.0,0.0017,0.0728,31.22,32.45,31.71,32.47,-5.236751099999999,2.1378497,-6.83523505,0.5,-0.1,2.3,0,ble
person_b_session_01,recovery,high,2026-08-14T21:40:50.188+08:00,1786714850188,right,foot_right_001,2402087,343639658,0.0,0.0073,0.0083,0.0,0.0335,0.073,30.96,31.77,24.73,31.98,3.8245934999999998,4.1972461999999995,-6.668522,-6.6,-0.9,-1.4,0,ble
person_b_session_01,recovery,high,2026-08-14T21:40:50.196+08:00,1786714850196,left,foot_left_001,2402087,343639658,0.0015,0.0,0.0,0.0,0.0017,0.0737,31.22,32.45,31.68,32.47,-5.24655775,2.1378497,-6.864655,1.0,0.5,2.0,0,ble
person_b_session_01,recovery,high,2026-08-14T21:40:50.388+08:00,1786714850388,right,foot_right_001,2402087,343639659,0.0,0.0073,0.0073,0.0,0.0337,0.074,30.96,31.77,24.78,31.98,3.8442068,4.158019599999999,-6.69794195,-6.3,-0.9,-1.3,0,ble
person_b_session_01,recovery,high,2026-08-14T21:40:50.396+08:00,1786714850396,left,foot_left_001,2402087,343639659,0.0017,0.0,0.0,0.0,0.0017,0.0755,31.22,32.47,31.68,32.47,-5.236751099999999,2.1182364,-6.874461649999999,0.6,0.2,2.1,0,ble
person_b_session_01,recovery,high,2026-08-14T21:40:50.588+08:00,1786714850588,right,foot_right_001,2402087,343639660,0.0,0.0081,0.0078,0.0,0.0339,0.0742,30.96,31.83,24.78,32.01,3.81478685,4.1776329,-6.678328649999999,-6.3,-1.1,-1.5,0,ble
person_b_session_01,recovery,high,2026-08-14T21:40:50.596+08:00,1786714850596,left,foot_left_001,2402087,343639660,0.0027,0.0,0.0,0.0002,0.0017,0.0752,31.22,32.45,31.68,32.47,-5.24655775,2.1476563499999997,-6.815621749999999,0.5,-0.1,2.2,0,ble
person_b_session_01,recovery,high,2026-08-14T21:40:50.788+08:00,1786714850788,right,foot_right_001,2402087,343639661,0.0,0.0068,0.0063,0.0,0.0342,0.0755,30.96,31.77,24.84,32.01,3.8049802,4.1972461999999995,-6.7077485999999995,-6.1,-1.0,-1.4,0,ble
person_b_session_01,recovery,high,2026-08-14T21:40:50.796+08:00,1786714850796,left,foot_left_001,2402087,343639661,0.0024,0.0,0.0,0.0,0.002,0.0757,31.22,32.45,31.71,32.47,-5.2563644,2.10842975,-6.8842683,0.6,0.2,2.1,0,ble
person_b_session_01,recovery,high,2026-08-14T21:40:50.988+08:00,1786714850988,right,foot_right_001,2402087,343639662,0.0,0.0068,0.0063,0.0,0.0342,0.0759,30.96,31.83,24.84,32.01,3.81478685,4.18743955,-6.678328649999999,-6.3,-0.9,-1.4,0,ble
person_b_session_01,recovery,high,2026-08-14T21:40:50.996+08:00,1786714850996,left,foot_left_001,2402087,343639662,0.0024,0.0,0.0,0.0,0.0017,0.0759,31.22,32.47,31.71,32.47,-5.236751099999999,2.10842975,-6.894074949999999,0.7,0.0,2.0,0,ble
person_b_session_01,recovery,high,2026-08-14T21:40:51.188+08:00,1786714851188,right,foot_right_001,2402087,343639663,0.0,0.0083,0.0088,0.0,0.0344,0.075,30.96,31.83,24.84,32.03,3.8245934999999998,4.1972461999999995,-6.69794195,-5.9,-0.8,-1.1,0,ble
person_b_session_01,recovery,high,2026-08-14T21:40:51.196+08:00,1786714851196,left,foot_left_001,2402087,343639663,0.0027,0.0,0.0,0.0,0.0017,0.0747,31.22,32.45,31.71,32.47,-5.2269444499999995,2.1280430499999996,-6.854848349999999,0.8,0.1,2.0,0,ble
person_b_session_01,recovery,high,2026-08-14T21:40:51.388+08:00,1786714851388,right,foot_right_001,2402087,343639664,0.0,0.0093,0.0107,0.0,0.0347,0.0728,30.96,31.77,24.84,32.01,3.8245934999999998,4.12859965,-6.668522,-6.2,-0.8,-1.3,0,ble
person_b_session_01,recovery,high,2026-08-14T21:40:51.396+08:00,1786714851396,left,foot_left_001,2402087,343639664,0.0039,0.0,0.0002,0.0,0.0017,0.0735,31.22,32.45,31.68,32.47,-5.24655775,2.1280430499999996,-6.864655,0.8,0.3,2.0,0,ble
person_b_session_01,recovery,high,2026-08-14T21:40:51.588+08:00,1786714851588,right,foot_right_001,2402087,343639665,0.0,0.01,0.0127,0.0,0.0349,0.0718,30.96,31.77,24.84,32.03,3.79517355,4.1384063,-6.7077485999999995,-6.1,-0.9,-1.3,0,ble
person_b_session_01,recovery,high,2026-08-14T21:40:51.596+08:00,1786714851596,left,foot_left_001,2402087,343639665,0.0037,0.0,0.0005,0.0,0.0017,0.0728,31.25,32.45,31.71,32.47,-5.236751099999999,2.1182364,-6.864655,0.7,0.2,2.1,0,ble
person_b_session_01,recovery,high,2026-08-14T21:40:51.788+08:00,1786714851788,right,foot_right_001,2402087,343639666,0.0,0.0107,0.0139,0.0,0.0349,0.0696,30.96,31.83,24.86,32.03,3.8442068,4.16782625,-6.7273619,-6.2,-0.8,-1.2,0,ble
person_b_session_01,recovery,high,2026-08-14T21:40:51.796+08:00,1786714851796,left,foot_left_001,2402087,343639666,0.0042,0.0,0.0007,0.0,0.002,0.0733,31.22,32.45,31.71,32.45,-5.2563644,2.1182364,-6.854848349999999,0.7,0.2,2.1,0,ble
person_b_session_01,recovery,high,2026-08-14T21:40:51.988+08:00,1786714851988,right,foot_right_001,2402087,343639667,0.0,0.0112,0.0139,0.0,0.0352,0.0679,30.96,31.77,24.86,32.06,3.8442068,4.16782625,-6.717555249999999,-6.2,-1.0,-1.4,0,ble
person_b_session_01,recovery,high,2026-08-14T21:40:51.996+08:00,1786714851996,left,foot_left_001,2402087,343639667,0.0039,0.0,0.0012,0.0,0.0017,0.0728,31.22,32.45,31.71,32.47,-5.2563644,2.10842975,-6.854848349999999,0.7,0.2,2.1,0,ble
person_b_session_01,recovery,high,2026-08-14T21:40:52.188+08:00,1786714852188,right,foot_right_001,2402087,343639668,0.0,0.0115,0.0144,0.0,0.0349,0.0681,30.96,31.77,24.86,32.06,3.81478685,4.1482129500000005,-6.717555249999999,-6.2,-1.0,-1.4,0,ble
person_b_session_01,recovery,high,2026-08-14T21:40:52.196+08:00,1786714852196,left,foot_left_001,2402087,343639668,0.0042,0.0,0.0015,0.0,0.0017,0.0728,31.22,32.45,31.71,32.45,-5.2563644,2.10842975,-6.8450416999999995,0.6,0.1,2.1,0,ble
person_b_session_01,recovery,high,2026-08-14T21:40:52.388+08:00,1786714852388,right,foot_right_001,2402087,343639669,0.0,0.011,0.0139,0.0,0.0349,0.0701,30.96,31.77,24.86,32.03,3.81478685,4.1482129500000005,-6.7077485999999995,-6.3,-1.0,-1.5,0,ble
person_b_session_01,recovery,high,2026-08-14T21:40:52.396+08:00,1786714852396,left,foot_left_001,2402087,343639669,0.0037,0.0,0.0012,0.0,0.002,0.0733,31.22,32.45,31.71,32.45,-5.26617105,2.10842975,-6.894074949999999,0.6,0.2,2.1,0,ble
person_b_session_01,recovery,high,2026-08-14T21:40:52.588+08:00,1786714852588,right,foot_right_001,2402087,343639670,0.0,0.0105,0.0134,0.0,0.0349,0.0713,31.02,31.83,24.92,32.09,3.8245934999999998,4.1384063,-6.69794195,-6.2,-1.0,-1.4,0,ble
person_b_session_01,recovery,high,2026-08-14T21:40:52.596+08:00,1786714852596,left,foot_left_001,2402087,343639670,0.0037,0.0,0.0012,0.0,0.002,0.0737,31.22,32.47,31.71,32.45,-5.24655775,2.1378497,-6.864655,0.6,0.2,2.1,0,ble
person_b_session_01,recovery,high,2026-08-14T21:40:52.788+08:00,1786714852788,right,foot_right_001,2402087,343639671,0.0,0.0103,0.0134,0.0,0.0347,0.072,31.05,31.83,24.92,32.09,3.8442068,4.158019599999999,-6.7273619,-6.2,-0.9,-1.3,0,ble
person_b_session_01,recovery,high,2026-08-14T21:40:52.796+08:00,1786714852796,left,foot_left_001,2402087,343639671,0.0024,0.0,0.0015,0.0,0.002,0.0745,31.25,32.47,31.71,32.45,-5.2563644,2.1182364,-6.854848349999999,0.6,0.1,2.2,0,ble
person_b_session_01,recovery,high,2026-08-14T21:40:52.988+08:00,1786714852988,right,foot_right_001,2402087,343639672,0.0,0.0098,0.0125,0.0,0.0347,0.0728,30.96,31.77,24.92,32.09,3.83440015,4.158019599999999,-6.717555249999999,-6.5,-1.0,-1.4,0,ble
person_b_session_01,recovery,high,2026-08-14T21:40:52.996+08:00,1786714852996,left,foot_left_001,2402087,343639672,0.0017,0.0,0.0012,0.0,0.0024,0.0755,31.22,32.45,31.71,32.45,-5.24655775,2.1280430499999996,-6.8842683,0.7,0.3,2.2,0,ble
person_b_session_01,recovery,high,2026-08-14T21:40:53.188+08:00,1786714853188,right,foot_right_001,2402087,343639673,0.0,0.0095,0.012,0.0,0.0347,0.0733,31.05,31.77,24.92,32.09,3.8245934999999998,4.118792999999999,-6.7273619,-6.4,-0.8,-1.3,0,ble
person_b_session_01,recovery,high,2026-08-14T21:40:53.196+08:00,1786714853196,left,foot_left_001,2402087,343639673,0.0015,0.0,0.0015,0.0,0.0027,0.0759,31.22,32.45,31.71,32.47,-5.2563644,2.1280430499999996,-6.83523505,0.8,0.2,2.1,0,ble
person_b_session_01,recovery,high,2026-08-14T21:40:53.388+08:00,1786714853388,right,foot_right_001,2402087,343639674,0.0,0.0098,0.0127,0.0,0.0352,0.0735,31.05,31.83,24.92,32.15,3.79517355,4.1776329,-6.6881353,-6.3,-0.9,-1.3,0,ble
person_b_session_01,recovery,high,2026-08-14T21:40:53.396+08:00,1786714853396,left,foot_left_001,2402087,343639674,0.0012,0.0,0.0012,0.0,0.0024,0.0764,31.22,32.45,31.71,32.47,-5.236751099999999,2.1182364,-6.8842683,0.6,0.0,2.0,0,ble
person_b_session_01,recovery,high,2026-08-14T21:40:53.588+08:00,1786714853588,right,foot_right_001,2402087,343639675,0.0,0.0095,0.0112,0.0,0.0354,0.0745,31.05,31.83,24.92,32.15,3.83440015,4.1776329,-6.69794195,-6.3,-0.9,-1.4,0,ble
person_b_session_01,recovery,high,2026-08-14T21:40:53.596+08:00,1786714853596,left,foot_left_001,2402087,343639675,0.0015,0.0,0.0012,0.0,0.0024,0.0764,31.22,32.45,31.71,32.47,-5.236751099999999,2.1280430499999996,-6.815621749999999,0.6,0.0,2.1,0,ble
person_b_session_01,recovery,high,2026-08-14T21:40:53.788+08:00,1786714853788,right,foot_right_001,2402087,343639676,0.0,0.0088,0.0103,0.0,0.0357,0.0755,31.02,31.77,24.92,32.12,3.81478685,4.18743955,-6.678328649999999,-6.2,-1.1,-1.4,0,ble
person_b_session_01,recovery,high,2026-08-14T21:40:53.796+08:00,1786714853796,left,foot_left_001,2402087,343639676,0.0002,0.0,0.0005,0.0,0.002,0.0767,31.25,32.45,31.71,32.47,-5.236751099999999,2.1182364,-6.7960084499999995,0.8,0.2,2.0,0,ble
person_b_session_01,recovery,high,2026-08-14T21:40:53.988+08:00,1786714853988,right,foot_right_001,2402087,343639677,0.0,0.009,0.0107,0.0,0.0357,0.0759,31.05,31.77,24.97,32.24,3.8245934999999998,4.16782625,-6.717555249999999,-6.1,-0.9,-1.3,0,ble
person_b_session_01,recovery,high,2026-08-14T21:40:53.996+08:00,1786714853996,left,foot_left_001,2402087,343639677,0.001,0.0,0.0,0.0002,0.0012,0.0769,31.22,32.45,31.71,32.47,-5.26617105,2.1378497,-6.8058151,0.6,-0.1,1.9,0,ble
person_b_session_01,recovery,high,2026-08-14T21:40:54.188+08:00,1786714854188,right,foot_right_001,2402087,343639678,0.0,0.0093,0.012,0.0,0.0359,0.0752,31.05,31.83,24.97,32.24,3.79517355,4.1776329,-6.69794195,-6.2,-0.9,-1.2,0,ble
person_b_session_01,recovery,high,2026-08-14T21:40:54.196+08:00,1786714854196,left,foot_left_001,2402087,343639678,0.0022,0.0,0.0002,0.0005,0.0007,0.0767,31.22,32.45,31.71,32.47,-5.26617105,2.10842975,-6.8842683,0.6,0.0,2.1,0,ble
person_b_session_01,recovery,high,2026-08-14T21:40:54.388+08:00,1786714854388,right,foot_right_001,2402087,343639679,0.0,0.0103,0.0142,0.0,0.0354,0.073,31.02,31.77,24.92,32.15,3.8049802,4.1384063,-6.7077485999999995,-6.1,-0.8,-1.2,0,ble
person_b_session_01,recovery,high,2026-08-14T21:40:54.396+08:00,1786714854396,left,foot_left_001,2402087,343639679,0.0024,0.0,0.0005,0.0,0.001,0.0759,31.22,32.45,31.71,32.47,-5.26617105,2.10842975,-6.864655,0.6,0.1,2.1,0,ble
person_b_session_01,recovery,high,2026-08-14T21:40:54.588+08:00,1786714854588,right,foot_right_001,2402087,343639680,0.0,0.0107,0.0147,0.0,0.0347,0.072,31.05,31.83,24.97,32.24,3.87362675,4.1482129500000005,-6.668522,-6.2,-0.8,-1.2,0,ble
person_b_session_01,recovery,high,2026-08-14T21:40:54.596+08:00,1786714854596,left,foot_left_001,2402087,343639680,0.0029,0.0,0.001,0.0,0.0012,0.0762,31.22,32.45,31.71,32.47,-5.2269444499999995,2.10842975,-6.864655,0.7,0.1,2.1,0,ble
person_b_session_01,recovery,high,2026-08-14T21:40:54.788+08:00,1786714854788,right,foot_right_001,2402087,343639681,0.0,0.011,0.0164,0.0,0.0344,0.0706,31.05,31.77,24.97,32.24,3.85401345,4.158019599999999,-6.69794195,-6.3,-0.8,-1.3,0,ble
person_b_session_01,recovery,high,2026-08-14T21:40:54.796+08:00,1786714854796,left,foot_left_001,2402087,343639681,0.0032,0.0,0.001,0.0,0.0012,0.0764,31.22,32.45,31.71,32.45,-5.2171378,2.10842975,-6.8450416999999995,0.6,0.0,2.0,0,ble
person_b_session_01,recovery,high,2026-08-14T21:40:54.988+08:00,1786714854988,right,foot_right_001,2402087,343639682,0.0,0.011,0.0164,0.0,0.0342,0.0711,31.05,31.83,24.97,32.27,3.8245934999999998,4.1482129500000005,-6.7273619,-6.3,-0.9,-1.3,0,ble
person_b_session_01,recovery,high,2026-08-14T21:40:54.996+08:00,1786714854996,left,foot_left_001,2402087,343639682,0.0042,0.0,0.0012,0.0,0.0015,0.0764,31.22,32.45,31.71,32.47,-5.2563644,2.1280430499999996,-6.8842683,0.6,0.2,2.1,0,ble
person_b_session_01,right_load_bias,high,2026-08-14T21:40:55.188+08:00,1786714855188,right,foot_right_001,2402087,343639683,0.0,0.0112,0.0168,0.0,0.0344,0.0716,31.05,31.77,24.97,32.27,3.81478685,4.1482129500000005,-6.6881353,-6.4,-0.9,-1.4,0,ble
person_b_session_01,right_load_bias,high,2026-08-14T21:40:55.196+08:00,1786714855196,left,foot_left_001,2402087,343639683,0.0039,0.0,0.0012,0.0,0.0015,0.0764,31.25,32.45,31.71,32.45,-5.24655775,2.1182364,-6.854848349999999,0.7,0.1,2.1,0,ble
person_b_session_01,right_load_bias,high,2026-08-14T21:40:55.388+08:00,1786714855388,right,foot_right_001,2402087,343639684,0.0,0.0107,0.0166,0.0,0.0339,0.0728,31.05,31.83,24.97,32.27,3.8442068,4.1384063,-6.69794195,-6.4,-1.0,-1.5,0,ble
person_b_session_01,right_load_bias,high,2026-08-14T21:40:55.396+08:00,1786714855396,left,foot_left_001,2402087,343639684,0.0032,0.0,0.0007,0.0,0.0015,0.0772,31.22,32.45,31.71,32.45,-5.24655775,2.1182364,-6.864655,0.8,0.4,2.2,0,ble
person_b_session_01,right_load_bias,high,2026-08-14T21:40:55.588+08:00,1786714855588,right,foot_right_001,2402087,343639685,0.0,0.0107,0.0168,0.0,0.0342,0.073,31.05,31.77,24.97,32.27,3.83440015,4.1776329,-6.69794195,-6.1,-1.0,-1.4,0,ble
person_b_session_01,right_load_bias,high,2026-08-14T21:40:55.596+08:00,1786714855596,left,foot_left_001,2402087,343639685,0.0029,0.0,0.0,0.0,0.0015,0.0781,31.22,32.45,31.71,32.45,-5.236751099999999,2.10842975,-6.864655,0.6,0.1,2.2,0,ble
person_b_session_01,right_load_bias,high,2026-08-14T21:40:55.788+08:00,1786714855788,right,foot_right_001,2402087,343639686,0.0,0.0115,0.0168,0.0,0.0349,0.0728,31.05,31.77,24.97,32.24,3.83440015,4.1384063,-6.717555249999999,-6.4,-0.8,-1.3,0,ble
person_b_session_01,right_load_bias,high,2026-08-14T21:40:55.796+08:00,1786714855796,left,foot_left_001,2402087,343639686,0.0027,0.0,0.0002,0.0,0.0012,0.0781,31.25,32.45,31.71,32.45,-5.2269444499999995,2.1280430499999996,-6.8254284,0.9,0.3,2.1,0,ble
person_b_session_01,right_load_bias,high,2026-08-14T21:40:55.988+08:00,1786714855988,right,foot_right_001,2402087,343639687,0.0,0.0112,0.0168,0.0,0.0344,0.0733,31.05,31.83,24.95,32.3,3.8245934999999998,4.1384063,-6.639102049999999,-6.3,-0.9,-1.4,0,ble
person_b_session_01,right_load_bias,high,2026-08-14T21:40:55.996+08:00,1786714855996,left,foot_left_001,2402087,343639687,0.0022,0.0,0.0,0.0,0.0012,0.0789,31.22,32.45,31.71,32.47,-5.20733115,2.10842975,-6.874461649999999,0.7,0.2,2.1,0,ble
person_b_session_01,right_load_bias,high,2026-08-14T21:40:56.188+08:00,1786714856188,right,foot_right_001,2402087,343639688,0.0,0.0112,0.0166,0.0,0.0347,0.0735,31.1,31.83,24.95,32.3,3.8245934999999998,4.1482129500000005,-6.69794195,-6.4,-1.0,-1.4,0,ble
person_b_session_01,right_load_bias,high,2026-08-14T21:40:56.196+08:00,1786714856196,left,foot_left_001,2402087,343639688,0.002,0.0,0.0,0.0,0.0,0.0801,31.22,32.45,31.71,32.45,-5.2171378,2.1280430499999996,-6.8254284,0.7,0.1,2.0,0,ble
person_b_session_01,right_load_bias,high,2026-08-14T21:40:56.388+08:00,1786714856388,right,foot_right_001,2402087,343639689,0.0,0.011,0.0164,0.0,0.0344,0.0735,31.05,31.83,24.95,32.3,3.8049802,4.1776329,-6.65871535,-6.1,-1.0,-1.3,0,ble
person_b_session_01,right_load_bias,high,2026-08-14T21:40:56.396+08:00,1786714856396,left,foot_left_001,2402087,343639689,0.0037,0.0,0.0,0.0,0.0,0.0803,31.25,32.45,31.71,32.45,-5.2171378,2.08881645,-6.864655,0.7,0.1,2.1,0,ble
person_b_session_01,right_load_bias,high,2026-08-14T21:40:56.588+08:00,1786714856588,right,foot_right_001,2402087,343639690,0.0,0.0112,0.0171,0.0,0.0347,0.072,31.08,31.77,24.97,32.3,3.8442068,4.1482129500000005,-6.7273619,-6.1,-0.8,-1.2,0,ble
person_b_session_01,right_load_bias,high,2026-08-14T21:40:56.596+08:00,1786714856596,left,foot_left_001,2402087,343639690,0.0039,0.0,0.0,0.0,0.0,0.0803,31.25,32.45,31.71,32.45,-5.26617105,2.0790097999999997,-6.864655,0.5,-0.1,2.2,0,ble
person_b_session_01,right_load_bias,high,2026-08-14T21:40:56.788+08:00,1786714856788,right,foot_right_001,2402087,343639691,0.0,0.0115,0.0171,0.0,0.0337,0.0684,31.08,31.83,24.97,32.3,3.79517355,4.158019599999999,-6.73716855,-6.4,-0.6,-1.2,0,ble
person_b_session_01,right_load_bias,high,2026-08-14T21:40:56.796+08:00,1786714856796,left,foot_left_001,2402087,343639691,0.0042,0.0,0.0,0.0,0.0,0.0806,31.22,32.45,31.71,32.45,-5.236751099999999,2.0986230999999997,-6.864655,0.4,0.0,2.1,0,ble
person_b_session_01,right_load_bias,high,2026-08-14T21:40:56.988+08:00,1786714856988,right,foot_right_001,2402087,343639692,0.0,0.0073,0.0095,0.0,0.0193,0.0493,31.1,31.83,24.97,32.3,3.93246665,4.0795664,-6.7960084499999995,-4.6,-0.4,-0.3,0,ble
person_b_session_01,right_load_bias,high,2026-08-14T21:40:56.996+08:00,1786714856996,left,foot_left_001,2402087,343639692,0.0046,0.0,0.0015,0.0,0.0032,0.084,31.22,32.45,31.71,32.45,-5.236751099999999,2.1378497,-6.815621749999999,-0.7,-0.2,2.7,0,ble
person_b_session_01,right_load_bias,high,2026-08-14T21:40:57.188+08:00,1786714857188,right,foot_right_001,2402087,343639693,0.0054,0.0,0.0005,0.0,0.0095,0.0611,31.1,31.83,24.97,32.33,3.8245934999999998,4.0599530999999995,-6.8842683,-5.6,-1.1,-1.0,0,ble
person_b_session_01,right_load_bias,high,2026-08-14T21:40:57.196+08:00,1786714857196,left,foot_left_001,2402087,343639693,0.0059,0.001,0.0098,0.0007,0.0073,0.0728,31.25,32.47,31.71,32.45,-5.26617105,2.2359161999999997,-6.776395149999999,0.1,-0.8,2.1,0,ble
person_b_session_01,right_load_bias,high,2026-08-14T21:40:57.388+08:00,1786714857388,right,foot_right_001,2402087,343639694,0.0242,0.0,0.0,0.0066,0.0134,0.1145,31.08,31.83,24.97,32.33,3.9030467,4.03053315,-6.6881353,-3.9,-2.9,-3.0,0,ble
person_b_session_01,right_load_bias,high,2026-08-14T21:40:57.396+08:00,1786714857396,left,foot_left_001,2402087,343639694,0.0029,0.001,0.0061,0.0,0.0007,0.0286,31.22,32.45,31.71,32.45,-5.28578435,2.2457228499999995,-6.69794195,0.0,-3.5,0.5,0,ble
person_b_session_01,right_load_bias,high,2026-08-14T21:40:57.588+08:00,1786714857588,right,foot_right_001,2402087,343639695,0.0171,0.0,0.0005,0.0076,0.0225,0.1465,31.05,31.83,24.95,32.33,3.8049802,4.020726499999999,-6.756781849999999,-5.2,-1.4,-1.5,0,ble
person_b_session_01,right_load_bias,high,2026-08-14T21:40:57.596+08:00,1786714857596,left,foot_left_001,2402087,343639695,0.0,0.0,0.0,0.0,0.0,0.0,31.25,32.45,31.71,32.45,-5.38385085,1.9221034,-6.6292954,-0.2,-3.3,0.7,0,ble
person_b_session_01,right_load_bias,high,2026-08-14T21:40:57.788+08:00,1786714857788,right,foot_right_001,2402087,343639696,0.0122,0.0,0.0012,0.01,0.0234,0.149,31.08,31.83,24.95,32.33,3.7853669,4.01091985,-6.7960084499999995,-6.0,-1.2,-1.5,0,ble
person_b_session_01,right_load_bias,high,2026-08-14T21:40:57.796+08:00,1786714857796,left,foot_left_001,2402087,343639696,0.0,0.0,0.0,0.0,0.0,0.0,31.25,32.47,31.71,32.47,-5.462304049999999,2.2751428000000002,-6.6096821,1.6,2.5,2.0,0,ble
person_b_session_01,right_load_bias,high,2026-08-14T21:40:57.988+08:00,1786714857988,right,foot_right_001,2402087,343639697,0.0122,0.0,0.002,0.0093,0.0242,0.1504,31.05,31.77,24.97,32.33,3.83440015,3.9618865999999997,-6.815621749999999,-6.8,-0.6,-1.2,0,ble
person_b_session_01,right_load_bias,high,2026-08-14T21:40:57.996+08:00,1786714857996,left,foot_left_001,2402087,343639697,0.0,0.0,0.0,0.0002,0.0,0.0,31.25,32.47,31.71,32.47,-5.44269075,2.1672696499999997,-6.6881353,1.1,0.2,1.6,0,ble
person_b_session_01,right_load_bias,high,2026-08-14T21:40:58.188+08:00,1786714858188,right,foot_right_001,2402087,343639698,0.01,0.0,0.0,0.0044,0.0252,0.1582,31.05,31.77,24.95,32.33,3.79517355,4.03053315,-6.756781849999999,-6.0,-1.2,-1.6,0,ble
person_b_session_01,right_load_bias,high,2026-08-14T21:40:58.196+08:00,1786714858196,left,foot_left_001,2402087,343639698,0.0,0.0,0.0,0.0,0.0,0.0,31.25,32.45,31.71,32.47,-5.38385085,2.1672696499999997,-6.6292954,1.9,2.0,1.5,0,ble
person_b_session_01,right_load_bias,high,2026-08-14T21:40:58.388+08:00,1786714858388,right,foot_right_001,2402087,343639699,0.01,0.0,0.0012,0.0068,0.0242,0.156,31.05,31.77,24.95,32.33,3.7853669,3.99130655,-6.8058151,-5.9,-0.7,-1.2,0,ble
person_b_session_01,right_load_bias,high,2026-08-14T21:40:58.396+08:00,1786714858396,left,foot_left_001,2402087,343639699,0.0,0.0,0.0,0.0,0.0,0.0,31.25,32.45,31.71,32.45,-5.40346415,2.06920315,-6.776395149999999,-0.6,-1.4,2.9,0,ble
person_b_session_01,right_load_bias,high,2026-08-14T21:40:58.588+08:00,1786714858588,right,foot_right_001,2402087,343639700,0.011,0.0,0.001,0.01,0.0239,0.1529,31.05,31.77,24.95,32.33,3.7559469499999993,4.01091985,-6.815621749999999,-6.5,-1.0,-1.5,0,ble
person_b_session_01,right_load_bias,high,2026-08-14T21:40:58.596+08:00,1786714858596,left,foot_left_001,2402087,343639700,0.0,0.0,0.0,0.0,0.0,0.0002,31.25,32.45,31.71,32.45,-5.413270799999999,2.1476563499999997,-6.6881353,1.6,1.0,2.2,0,ble
person_b_session_01,right_load_bias,high,2026-08-14T21:40:58.788+08:00,1786714858788,right,foot_right_001,2402087,343639701,0.0054,0.0,0.0,0.0142,0.0242,0.1526,31.05,31.83,25.0,32.39,3.7853669,4.01091985,-6.815621749999999,-6.5,-0.8,-1.4,0,ble
person_b_session_01,right_load_bias,high,2026-08-14T21:40:58.796+08:00,1786714858796,left,foot_left_001,2402087,343639701,0.0,0.0,0.0,0.0007,0.0,0.0032,31.25,32.47,31.71,32.45,-5.42307745,2.1476563499999997,-6.7273619,0.7,0.0,2.0,0,ble
person_b_session_01,right_load_bias,high,2026-08-14T21:40:58.988+08:00,1786714858988,right,foot_right_001,2402087,343639702,0.0068,0.0,0.0,0.0095,0.0237,0.1546,31.05,31.83,25.0,32.39,3.8245934999999998,4.03053315,-6.7862018,-6.4,-0.9,-1.3,0,ble
person_b_session_01,right_load_bias,high,2026-08-14T21:40:58.996+08:00,1786714858996,left,foot_left_001,2402087,343639702,0.0,0.0,0.0,0.001,0.0,0.0049,31.25,32.45,31.71,32.42,-5.413270799999999,2.1476563499999997,-6.73716855,0.9,0.5,2.1,0,ble
person_b_session_01,right_load_bias,high,2026-08-14T21:40:59.188+08:00,1786714859188,right,foot_right_001,2402087,343639703,0.0059,0.0,0.0,0.0029,0.0244,0.1592,31.1,31.83,25.03,32.39,3.7559469499999993,4.020726499999999,-6.864655,-6.0,-1.3,-1.5,0,ble
person_b_session_01,right_load_bias,high,2026-08-14T21:40:59.196+08:00,1786714859196,left,foot_left_001,2402087,343639703,0.0,0.0,0.0,0.0007,0.0,0.0061,31.25,32.45,31.71,32.42,-5.3642375499999995,2.1476563499999997,-6.7469752,0.9,0.4,2.0,0,ble
person_b_session_01,right_load_bias,high,2026-08-14T21:40:59.388+08:00,1786714859388,right,foot_right_001,2402087,343639704,0.0042,0.0,0.0,0.0017,0.0252,0.1609,31.08,31.83,25.0,32.39,3.7657536,3.99130655,-6.815621749999999,-6.1,-1.3,-1.5,0,ble
person_b_session_01,right_load_bias,high,2026-08-14T21:40:59.396+08:00,1786714859396,left,foot_left_001,2402087,343639704,0.0,0.0,0.0,0.0005,0.0,0.0076,31.25,32.45,31.71,32.33,-5.3642375499999995,2.1476563499999997,-6.7469752,0.5,0.3,2.3,0,ble
person_b_session_01,right_load_bias,high,2026-08-14T21:40:59.588+08:00,1786714859588,right,foot_right_001,2402087,343639705,0.0034,0.0,0.0,0.0012,0.0259,0.1658,31.1,31.83,25.03,32.39,3.7559469499999993,4.0403398,-6.776395149999999,-6.3,-1.1,-1.3,0,ble
person_b_session_01,right_load_bias,high,2026-08-14T21:40:59.596+08:00,1786714859596,left,foot_left_001,2402087,343639705,0.0,0.0,0.0,0.0,0.0,0.0071,31.25,32.45,31.71,32.39,-5.38385085,2.1182364,-6.7273619,0.6,-0.1,2.0,0,ble
person_b_session_01,right_load_bias,high,2026-08-14T21:40:59.788+08:00,1786714859788,right,foot_right_001,2402087,343639706,0.0042,0.0,0.0,0.0002,0.0266,0.1663,31.1,31.83,25.03,32.42,3.7657536,4.020726499999999,-6.776395149999999,-6.3,-0.8,-1.3,0,ble
person_b_session_01,right_load_bias,high,2026-08-14T21:40:59.796+08:00,1786714859796,left,foot_left_001,2402087,343639706,0.0,0.0,0.0,0.0,0.0,0.0061,31.25,32.45,31.71,32.33,-5.3642375499999995,2.1476563499999997,-6.7960084499999995,0.5,0.0,2.0,0,ble
person_b_session_01,right_load_bias,high,2026-08-14T21:40:59.988+08:00,1786714859988,right,foot_right_001,2402087,343639707,0.0051,0.0,0.0,0.0005,0.0266,0.1663,31.1,31.86,25.03,32.42,3.77556025,4.03053315,-6.7960084499999995,-6.1,-0.8,-1.2,0,ble
person_b_session_01,right_load_bias,high,2026-08-14T21:40:59.996+08:00,1786714859996,left,foot_left_001,2402087,343639707,0.0,0.0,0.0,0.0,0.0,0.0039,31.25,32.45,31.71,32.33,-5.374044199999999,2.1280430499999996,-6.717555249999999,0.3,-0.4,1.9,0,ble
person_b_session_01,right_load_bias,high,2026-08-14T21:41:00.188+08:00,1786714860188,right,foot_right_001,2402087,343639708,0.0061,0.0,0.0,0.0017,0.0266,0.1651,31.1,31.83,25.03,32.42,3.7363336499999997,4.0011132,-6.8450416999999995,-6.2,-0.9,-1.4,0,ble
person_b_session_01,right_load_bias,high,2026-08-14T21:41:00.196+08:00,1786714860196,left,foot_left_001,2402087,343639708,0.0,0.0,0.0,0.0,0.0,0.0024,31.25,32.45,31.71,32.33,-5.38385085,2.1672696499999997,-6.7273619,0.2,-0.5,2.2,0,ble
person_b_session_01,right_load_bias,high,2026-08-14T21:41:00.388+08:00,1786714860388,right,foot_right_001,2402087,343639709,0.0039,0.0,0.0,0.0005,0.0264,0.1648,31.1,31.86,25.03,32.42,3.7853669,4.03053315,-6.776395149999999,-5.6,-1.5,-1.8,0,ble
person_b_session_01,right_load_bias,high,2026-08-14T21:41:00.396+08:00,1786714860396,left,foot_left_001,2402087,343639709,0.0,0.0,0.0,0.0002,0.0,0.0056,31.25,32.45,31.71,32.3,-5.413270799999999,2.1280430499999996,-6.7665885,1.5,1.1,2.1,0,ble
person_b_session_01,right_load_bias,high,2026-08-14T21:41:00.588+08:00,1786714860588,right,foot_right_001,2402087,343639710,0.0015,0.0,0.0,0.0012,0.0259,0.1612,31.08,31.83,25.03,32.42,3.7657536,4.020726499999999,-6.7960084499999995,-6.2,-0.7,-1.5,0,ble
person_b_session_01,right_load_bias,high,2026-08-14T21:41:00.596+08:00,1786714860596,left,foot_left_001,2402087,343639710,0.0,0.0,0.0,0.0005,0.0,0.009,31.25,32.42,31.71,32.3,-5.413270799999999,2.1672696499999997,-6.7077485999999995,0.4,-0.1,2.1,0,ble
person_b_session_01,right_load_bias,high,2026-08-14T21:41:00.788+08:00,1786714860788,right,foot_right_001,2402087,343639711,0.0012,0.0,0.0,0.0015,0.0261,0.157,31.08,31.83,25.03,32.42,3.7559469499999993,3.9618865999999997,-6.854848349999999,-5.6,-1.0,-1.6,0,ble
person_b_session_01,right_load_bias,high,2026-08-14T21:41:00.796+08:00,1786714860796,left,foot_left_001,2402087,343639711,0.0002,0.0,0.0,0.001,0.0,0.009,31.25,32.42,31.71,32.3,-5.462304049999999,2.1476563499999997,-6.6881353,1.1,0.2,1.5,0,ble
person_b_session_01,right_load_bias,high,2026-08-14T21:41:00.988+08:00,1786714860988,right,foot_right_001,2402087,343639712,0.002,0.0,0.0022,0.0083,0.0269,0.1492,31.1,31.83,25.05,32.45,3.7363336499999997,3.99130655,-6.8058151,-5.7,-0.5,-1.5,0,ble
person_b_session_01,right_load_bias,high,2026-08-14T21:41:00.996+08:00,1786714860996,left,foot_left_001,2402087,343639712,0.0,0.0,0.0,0.0,0.0,0.0098,31.25,32.42,31.71,32.3,-5.24655775,2.1182364,-6.6881353,-0.6,5.0,1.0,0,ble
person_b_session_01,right_load_bias,high,2026-08-14T21:41:01.188+08:00,1786714861188,right,foot_right_001,2402087,343639713,0.0046,0.0,0.0073,0.0203,0.0237,0.1194,31.1,31.83,25.03,32.42,3.6971070499999996,3.92266,-6.8254284,-5.5,-1.0,-1.6,0,ble
person_b_session_01,right_load_bias,high,2026-08-14T21:41:01.196+08:00,1786714861196,left,foot_left_001,2402087,343639713,0.0,0.0,0.0029,0.0007,0.0,0.0095,31.25,32.39,31.71,32.33,-5.44269075,2.0201699,-6.874461649999999,0.1,-3.4,3.4,0,ble
person_b_session_01,right_load_bias,high,2026-08-14T21:41:01.388+08:00,1786714861388,right,foot_right_001,2402087,343639714,0.0037,0.0,0.0132,0.0256,0.0254,0.1123,31.1,31.86,25.03,32.45,3.7461402999999995,3.92266,-6.854848349999999,-7.1,-0.4,-1.0,0,ble
person_b_session_01,right_load_bias,high,2026-08-14T21:41:01.396+08:00,1786714861396,left,foot_left_001,2402087,343639714,0.0432,0.0012,0.0139,0.0051,0.0,0.001,31.25,32.39,31.71,32.33,-5.52114395,2.1672696499999997,-6.668522,0.2,-1.3,1.1,0,ble
person_b_session_01,right_load_bias,high,2026-08-14T21:41:01.588+08:00,1786714861588,right,foot_right_001,2402087,343639715,0.0059,0.0,0.0134,0.0256,0.0259,0.114,31.1,31.83,25.03,32.45,3.77556025,3.95207995,-6.815621749999999,-6.9,-0.5,-1.0,0,ble
person_b_session_01,right_load_bias,high,2026-08-14T21:41:01.596+08:00,1786714861596,left,foot_left_001,2402087,343639715,0.0484,0.001,0.0144,0.0051,0.0,0.0034,31.25,32.42,31.71,32.33,-5.44269075,2.1476563499999997,-6.668522,1.2,1.2,2.6,0,ble
person_b_session_01,right_load_bias,high,2026-08-14T21:41:01.788+08:00,1786714861788,right,foot_right_001,2402087,343639716,0.0078,0.0,0.0129,0.022,0.0256,0.1145,31.13,31.83,25.03,32.45,3.77556025,3.99130655,-6.8058151,-7.0,-0.7,-1.1,0,ble
person_b_session_01,right_load_bias,high,2026-08-14T21:41:01.796+08:00,1786714861796,left,foot_left_001,2402087,343639716,0.0386,0.001,0.0166,0.0059,0.0,0.0059,31.25,32.39,31.77,32.39,-5.44269075,2.1770762999999995,-6.717555249999999,1.5,2.1,2.6,0,ble
person_b_session_01,right_load_bias,high,2026-08-14T21:41:01.988+08:00,1786714861988,right,foot_right_001,2402087,343639717,0.0088,0.0,0.011,0.02,0.0259,0.1165,31.1,31.83,25.0,32.45,3.77556025,3.99130655,-6.776395149999999,-6.7,-0.5,-1.1,0,ble
person_b_session_01,right_load_bias,high,2026-08-14T21:41:01.996+08:00,1786714861996,left,foot_left_001,2402087,343639717,0.0281,0.0005,0.0115,0.0027,0.0,0.0107,31.25,32.39,31.71,32.39,-5.40346415,2.1280430499999996,-6.7469752,0.5,-0.1,2.3,0,ble
person_b_session_01,right_load_bias,high,2026-08-14T21:41:02.188+08:00,1786714862188,right,foot_right_001,2402087,343639718,0.0095,0.0,0.0083,0.0178,0.0249,0.1189,31.1,31.83,25.03,32.45,3.7853669,3.97169325,-6.7960084499999995,-6.4,-0.9,-1.4,0,ble
person_b_session_01,right_load_bias,high,2026-08-14T21:41:02.196+08:00,1786714862196,left,foot_left_001,2402087,343639718,0.0261,0.0005,0.0129,0.0034,0.0,0.0127,31.25,32.42,31.77,32.42,-5.374044199999999,2.1378497,-6.7665885,1.0,0.6,2.2,0,ble
person_b_session_01,right_load_bias,high,2026-08-14T21:41:02.388+08:00,1786714862388,right,foot_right_001,2402087,343639719,0.0115,0.0,0.009,0.0181,0.0254,0.1192,31.1,31.83,25.0,32.45,3.7853669,3.97169325,-6.8450416999999995,-6.4,-0.7,-1.2,0,ble
person_b_session_01,right_load_bias,high,2026-08-14T21:41:02.396+08:00,1786714862396,left,foot_left_001,2402087,343639719,0.0266,0.0,0.0105,0.0044,0.0,0.0137,31.25,32.42,31.71,32.39,-5.374044199999999,2.10842975,-6.756781849999999,0.5,-0.2,2.1,0,ble
person_b_session_01,right_load_bias,high,2026-08-14T21:41:02.588+08:00,1786714862588,right,foot_right_001,2402087,343639720,0.0134,0.0,0.0098,0.0193,0.0259,0.1153,31.13,31.83,25.0,32.45,3.81478685,3.99130655,-6.776395149999999,-6.3,-0.6,-1.2,0,ble
person_b_session_01,right_load_bias,high,2026-08-14T21:41:02.596+08:00,1786714862596,left,foot_left_001,2402087,343639720,0.0283,0.0002,0.012,0.0046,0.0,0.0117,31.25,32.42,31.77,32.42,-5.38385085,2.1182364,-6.717555249999999,0.5,-0.1,2.0,0,ble
person_b_session_01,right_load_bias,high,2026-08-14T21:41:02.788+08:00,1786714862788,right,foot_right_001,2402087,343639721,0.0149,0.0,0.01,0.0205,0.0266,0.1126,31.1,31.77,25.0,32.47,3.79517355,3.99130655,-6.7862018,-6.3,-1.0,-1.5,0,ble
person_b_session_01,right_load_bias,high,2026-08-14T21:41:02.796+08:00,1786714862796,left,foot_left_001,2402087,343639721,0.0266,0.0002,0.0115,0.0044,0.0,0.0112,31.25,32.42,31.77,32.42,-5.3936575,2.1280430499999996,-6.717555249999999,0.6,0.1,2.2,0,ble
person_b_session_01,right_load_bias,high,2026-08-14T21:41:02.988+08:00,1786714862988,right,foot_right_001,2402087,343639722,0.0127,0.0,0.0095,0.0171,0.0271,0.1204,31.13,31.77,25.0,32.45,3.79517355,4.01091985,-6.7862018,-6.4,-1.0,-1.5,0,ble
person_b_session_01,right_load_bias,high,2026-08-14T21:41:02.996+08:00,1786714862996,left,foot_left_001,2402087,343639722,0.0242,0.0002,0.0105,0.0039,0.0,0.0147,31.25,32.42,31.77,32.42,-5.3544309,2.10842975,-6.7862018,0.8,0.5,2.2,0,ble
person_b_session_01,right_load_bias,high,2026-08-14T21:41:03.188+08:00,1786714863188,right,foot_right_001,2402087,343639723,0.0107,0.0,0.0076,0.0139,0.0276,0.1282,31.13,31.83,25.0,32.45,3.8049802,4.0011132,-6.8058151,-6.2,-0.8,-1.3,0,ble
person_b_session_01,right_load_bias,high,2026-08-14T21:41:03.196+08:00,1786714863196,left,foot_left_001,2402087,343639723,0.0173,0.0,0.0051,0.0012,0.0,0.0149,31.25,32.42,31.77,32.45,-5.38385085,2.1280430499999996,-6.7469752,0.6,0.2,2.1,0,ble
person_b_session_01,right_load_bias,high,2026-08-14T21:41:03.388+08:00,1786714863388,right,foot_right_001,2402087,343639724,0.0127,0.0,0.0088,0.0178,0.0276,0.1267,31.13,31.83,25.03,32.47,3.8049802,4.01091985,-6.7960084499999995,-6.2,-0.8,-1.2,0,ble
person_b_session_01,right_load_bias,high,2026-08-14T21:41:03.396+08:00,1786714863396,left,foot_left_001,2402087,343639724,0.0171,0.0,0.0051,0.0022,0.0,0.0168,31.28,32.42,31.77,32.45,-5.3936575,2.1280430499999996,-6.7273619,0.5,0.0,2.1,0,ble
person_b_session_01,right_load_bias,high,2026-08-14T21:41:03.792+08:00,1786714863792,right,foot_right_001,2402087,343639726,0.0168,0.0,0.0093,0.0183,0.0274,0.1231,31.13,31.83,25.0,32.45,3.8245934999999998,4.0795664,-7.011754749999999,-6.3,-0.6,-1.2,0,ble
person_b_session_01,right_load_bias,high,2026-08-14T21:41:03.796+08:00,1786714863796,left,foot_left_001,2402087,343639726,0.0188,0.0,0.0068,0.0029,0.0,0.0168,31.25,32.42,31.77,32.45,-5.413270799999999,2.1672696499999997,-6.668522,0.7,0.1,2.1,0,ble
person_b_session_01,right_load_bias,high,2026-08-14T21:41:03.992+08:00,1786714863992,right,foot_right_001,2402087,343639727,0.0166,0.0,0.0093,0.0203,0.0271,0.1226,31.16,31.86,25.03,32.47,3.8442068,4.01091985,-7.16866115,-6.2,-1.0,-1.4,0,ble
person_b_session_01,right_load_bias,high,2026-08-14T21:41:03.996+08:00,1786714863996,left,foot_left_001,2402087,343639727,0.0193,0.0,0.0073,0.0034,0.0,0.0156,31.28,32.42,31.77,32.45,-5.40346415,2.157463,-6.6881353,0.6,0.0,2.1,0,ble
person_b_session_01,right_load_bias,high,2026-08-14T21:41:04.192+08:00,1786714864192,right,foot_right_001,2402087,343639728,0.0147,0.0,0.009,0.0215,0.0276,0.1272,31.16,31.83,25.03,32.47,3.7657536,4.20705285,-6.2566427,-6.6,-1.1,-1.5,0,ble
person_b_session_01,right_load_bias,high,2026-08-14T21:41:04.196+08:00,1786714864196,left,foot_left_001,2402087,343639728,0.0186,0.0,0.0068,0.0032,0.0,0.0173,31.25,32.45,31.77,32.45,-5.3642375499999995,2.1182364,-6.776395149999999,0.8,0.4,2.2,0,ble
person_b_session_01,right_load_bias,high,2026-08-14T21:41:04.392+08:00,1786714864392,right,foot_right_001,2402087,343639729,0.0144,0.0,0.0088,0.0195,0.0281,0.1289,31.16,31.86,25.05,32.45,3.8442068,3.9618865999999997,-7.698220249999999,-6.2,-1.0,-1.3,0,ble
person_b_session_01,right_load_bias,high,2026-08-14T21:41:04.396+08:00,1786714864396,left,foot_left_001,2402087,343639729,0.0173,0.0,0.0066,0.0027,0.0,0.0176,31.28,32.45,31.77,32.45,-5.3642375499999995,2.1280430499999996,-6.7960084499999995,0.7,0.2,2.1,0,ble
person_b_session_01,right_load_bias,high,2026-08-14T21:41:04.592+08:00,1786714864592,right,foot_right_001,2402087,343639730,0.0149,0.0,0.0088,0.0193,0.0281,0.1302,31.19,31.86,25.05,32.45,3.61865385,4.1482129500000005,-6.3939357999999995,-6.4,-1.0,-1.4,0,ble
person_b_session_01,right_load_bias,high,2026-08-14T21:41:04.596+08:00,1786714864596,left,foot_left_001,2402087,343639730,0.0171,0.0002,0.0066,0.0029,0.0,0.0176,31.25,32.45,31.77,32.45,-5.40346415,2.1280430499999996,-6.73716855,0.6,0.2,2.1,0,ble
person_b_session_01,right_load_bias,high,2026-08-14T21:41:04.792+08:00,1786714864792,right,foot_right_001,2402087,343639731,0.0144,0.0,0.0071,0.0215,0.0281,0.1316,31.16,31.86,25.05,32.47,3.85401345,3.7853669,-7.315760899999999,-5.9,-1.1,-1.4,0,ble
person_b_session_01,right_load_bias,high,2026-08-14T21:41:04.796+08:00,1786714864796,left,foot_left_001,2402087,343639731,0.0149,0.0002,0.0059,0.0027,0.0,0.0178,31.28,32.45,31.77,32.47,-5.40346415,2.1182364,-6.7469752,0.7,0.3,2.2,0,ble
person_b_session_01,right_load_bias,high,2026-08-14T21:41:04.992+08:00,1786714864992,right,foot_right_001,2402087,343639732,0.0142,0.0,0.0068,0.0215,0.0281,0.1324,31.13,31.83,25.03,32.47,3.77556025,4.0011132,-6.7960084499999995,-6.4,-0.8,-1.4,0,ble
person_b_session_01,right_load_bias,high,2026-08-14T21:41:04.996+08:00,1786714864996,left,foot_left_001,2402087,343639732,0.0134,0.0,0.0046,0.0024,0.0,0.0181,31.28,32.45,31.77,32.47,-5.3642375499999995,2.1182364,-6.7665885,0.8,0.3,2.1,0,ble
person_b_session_01,right_load_bias,high,2026-08-14T21:41:05.192+08:00,1786714865192,right,foot_right_001,2402087,343639733,0.0134,0.0,0.0066,0.0205,0.0283,0.1338,31.16,31.83,25.05,32.45,3.8049802,3.99130655,-6.7862018,-6.2,-1.1,-1.4,0,ble
person_b_session_01,right_load_bias,high,2026-08-14T21:41:05.196+08:00,1786714865196,left,foot_left_001,2402087,343639733,0.0137,0.0,0.0042,0.0024,0.0,0.0181,31.25,32.45,31.77,32.45,-5.374044199999999,2.157463,-6.7665885,0.7,0.3,2.1,0,ble
person_b_session_01,right_load_bias,high,2026-08-14T21:41:05.392+08:00,1786714865392,right,foot_right_001,2402087,343639734,0.0132,0.0,0.0068,0.019,0.0283,0.1353,31.16,31.83,25.03,32.45,3.81478685,3.99130655,-6.8058151,-6.3,-0.9,-1.3,0,ble
person_b_session_01,right_load_bias,high,2026-08-14T21:41:05.396+08:00,1786714865396,left,foot_left_001,2402087,343639734,0.0127,0.0,0.0027,0.002,0.0,0.0183,31.28,32.45,31.77,32.47,-5.374044199999999,2.1280430499999996,-6.7469752,0.7,0.1,2.0,0,ble
person_b_session_01,right_load_bias,high,2026-08-14T21:41:05.592+08:00,1786714865592,right,foot_right_001,2402087,343639735,0.0139,0.0,0.0076,0.0203,0.0281,0.1355,31.19,31.86,25.05,32.45,3.8049802,3.97169325,-6.7665885,-6.2,-0.9,-1.3,0,ble
person_b_session_01,right_load_bias,high,2026-08-14T21:41:05.596+08:00,1786714865596,left,foot_left_001,2402087,343639735,0.0115,0.0,0.0044,0.0024,0.0,0.0181,31.25,32.45,31.77,32.47,-5.374044199999999,2.10842975,-6.776395149999999,0.6,0.2,2.1,0,ble
person_b_session_01,right_load_bias,high,2026-08-14T21:41:05.773+08:00,1786714865773,right,foot_right_001,2402087,343639736,0.0142,0.0,0.0081,0.021,0.0283,0.1358,31.16,31.83,25.05,32.45,3.81478685,3.9814998999999998,-6.83523505,-6.2,-0.9,-1.3,0,ble
person_b_session_01,right_load_bias,high,2026-08-14T21:41:05.796+08:00,1786714865796,left,foot_left_001,2402087,343639736,0.0115,0.0,0.0037,0.0022,0.0,0.0176,31.28,32.45,31.77,32.47,-5.3642375499999995,2.1280430499999996,-6.7469752,0.7,0.1,2.1,0,ble
person_b_session_01,right_load_bias,high,2026-08-14T21:41:05.983+08:00,1786714865983,right,foot_right_001,2402087,343639737,0.0159,0.0,0.0085,0.0186,0.0283,0.1346,31.16,31.83,25.03,32.47,3.63826715,4.22666615,-5.9624432,-6.2,-0.9,-1.2,0,ble
person_b_session_01,right_load_bias,high,2026-08-14T21:41:05.996+08:00,1786714865996,left,foot_left_001,2402087,343639737,0.0112,0.0,0.0042,0.0022,0.0,0.0173,31.25,32.45,31.77,32.47,-5.3936575,2.0986230999999997,-6.8058151,0.7,0.1,2.0,0,ble
person_b_session_01,right_load_bias,high,2026-08-14T21:41:06.193+08:00,1786714866193,right,foot_right_001,2402087,343639738,0.0149,0.0,0.0088,0.021,0.0283,0.1321,31.13,31.83,25.03,32.45,3.7265269999999995,4.1776329,-6.07031635,-6.2,-1.0,-1.3,0,ble
person_b_session_01,right_load_bias,high,2026-08-14T21:41:06.196+08:00,1786714866196,left,foot_left_001,2402087,343639738,0.0115,0.0,0.0039,0.0022,0.0,0.0166,31.28,32.45,31.77,32.47,-5.3544309,2.1476563499999997,-6.7077485999999995,0.6,0.1,2.1,0,ble
person_b_session_01,right_load_bias,high,2026-08-14T21:41:06.393+08:00,1786714866393,right,foot_right_001,2402087,343639739,0.0178,0.0,0.0085,0.0242,0.0283,0.1341,31.19,31.86,25.05,32.45,3.85401345,4.0795664,-6.6096821,-6.2,-1.2,-1.5,0,ble
person_b_session_01,right_load_bias,high,2026-08-14T21:41:06.396+08:00,1786714866396,left,foot_left_001,2402087,343639739,0.0105,0.0,0.0029,0.0024,0.0,0.0176,31.25,32.45,31.77,32.47,-5.413270799999999,2.1182364,-6.7273619,0.6,0.2,2.1,0,ble
person_b_session_01,right_load_bias,high,2026-08-14T21:41:06.593+08:00,1786714866593,right,foot_right_001,2402087,343639740,0.0127,0.0,0.0044,0.0142,0.0274,0.1394,31.16,31.86,25.05,32.45,3.61865385,4.20705285,-5.913409949999999,-6.5,-1.0,-1.2,0,ble
person_b_session_01,right_load_bias,high,2026-08-14T21:41:06.596+08:00,1786714866596,left,foot_left_001,2402087,343639740,0.0093,0.0,0.0027,0.0022,0.0,0.0183,31.25,32.45,31.77,32.47,-5.374044199999999,2.1280430499999996,-6.7862018,0.6,0.1,2.1,0,ble
person_b_session_01,right_load_bias,high,2026-08-14T21:41:06.793+08:00,1786714866793,right,foot_right_001,2402087,343639741,0.0115,0.0,0.0007,0.0137,0.0254,0.1421,31.19,31.86,25.05,32.45,3.93246665,3.6971070499999996,-7.178467799999999,-6.5,-0.8,-1.3,0,ble
person_b_session_01,right_load_bias,high,2026-08-14T21:41:06.796+08:00,1786714866796,left,foot_left_001,2402087,343639741,0.0093,0.0,0.0015,0.0017,0.0,0.0181,31.25,32.45,31.77,32.47,-5.374044199999999,2.1476563499999997,-6.756781849999999,0.4,-0.1,2.3,0,ble
person_b_session_01,right_load_bias,high,2026-08-14T21:41:06.993+08:00,1786714866993,right,foot_right_001,2402087,343639742,0.0125,0.0,0.0007,0.01,0.0244,0.1458,31.19,31.86,25.08,32.45,3.7559469499999993,3.97169325,-6.9234949,-5.9,-1.2,-1.4,0,ble
person_b_session_01,right_load_bias,high,2026-08-14T21:41:06.996+08:00,1786714866996,left,foot_left_001,2402087,343639742,0.009,0.0,0.0012,0.0017,0.0,0.0176,31.28,32.45,31.77,32.47,-5.3544309,2.1672696499999997,-6.73716855,0.5,-0.3,2.1,0,ble
person_b_session_01,right_load_bias,high,2026-08-14T21:41:07.193+08:00,1786714867193,right,foot_right_001,2402087,343639743,0.0107,0.0,0.0,0.0066,0.0254,0.149,31.19,31.86,25.08,32.5,3.7853669,3.9814998999999998,-6.8254284,-6.4,-1.0,-1.4,0,ble
person_b_session_01,right_load_bias,high,2026-08-14T21:41:07.196+08:00,1786714867196,left,foot_left_001,2402087,343639743,0.0068,0.0,0.0012,0.0007,0.0,0.0173,31.28,32.45,31.77,32.47,-5.3544309,2.1378497,-6.7273619,0.5,0.0,2.1,0,ble
person_b_session_01,right_load_bias,high,2026-08-14T21:41:07.393+08:00,1786714867393,right,foot_right_001,2402087,343639744,0.01,0.0,0.0,0.0054,0.0259,0.1512,31.19,31.83,25.05,32.45,3.81478685,3.9814998999999998,-6.776395149999999,-6.3,-1.0,-1.4,0,ble
person_b_session_01,right_load_bias,high,2026-08-14T21:41:07.396+08:00,1786714867396,left,foot_left_001,2402087,343639744,0.0063,0.0,0.0012,0.0012,0.0,0.0181,31.22,32.45,31.77,32.47,-5.374044199999999,2.157463,-6.776395149999999,0.7,0.0,2.0,0,ble
person_b_session_01,right_load_bias,high,2026-08-14T21:41:07.593+08:00,1786714867593,right,foot_right_001,2402087,343639745,0.012,0.0,0.0012,0.0071,0.0261,0.1499,31.16,31.86,25.05,32.45,3.81478685,4.0011132,-6.756781849999999,-6.1,-0.7,-1.1,0,ble
person_b_session_01,right_load_bias,high,2026-08-14T21:41:07.596+08:00,1786714867596,left,foot_left_001,2402087,343639745,0.0063,0.0,0.001,0.0017,0.0,0.0173,31.25,32.45,31.77,32.47,-5.38385085,2.157463,-6.7665885,0.4,0.0,2.0,0,ble
person_b_session_01,right_load_bias,high,2026-08-14T21:41:07.793+08:00,1786714867793,right,foot_right_001,2402087,343639746,0.0134,0.0,0.002,0.0093,0.0259,0.149,31.19,31.86,25.05,32.45,3.81478685,4.01091985,-6.815621749999999,-6.2,-1.1,-1.4,0,ble
person_b_session_01,right_load_bias,high,2026-08-14T21:41:07.796+08:00,1786714867796,left,foot_left_001,2402087,343639746,0.0068,0.0,0.001,0.002,0.0,0.0168,31.28,32.45,31.77,32.47,-5.374044199999999,2.1280430499999996,-6.7469752,0.7,0.1,2.1,0,ble
person_b_session_01,right_load_bias,high,2026-08-14T21:41:08.189+08:00,1786714868189,right,foot_right_001,2402087,343639748,0.0129,0.0,0.002,0.0066,0.0266,0.1514,31.16,31.83,25.05,32.45,3.93246665,4.4522191,-5.42307745,-5.8,-1.1,-1.6,0,ble
person_b_session_01,right_load_bias,high,2026-08-14T21:41:08.196+08:00,1786714868196,left,foot_left_001,2402087,343639748,0.0071,0.0,0.0005,0.002,0.0,0.0161,31.25,32.45,31.77,32.47,-5.374044199999999,2.1770762999999995,-6.69794195,0.8,0.4,2.0,0,ble
person_b_session_01,right_load_bias,high,2026-08-14T21:41:08.389+08:00,1786714868389,right,foot_right_001,2402087,343639749,0.0142,0.0,0.0024,0.0093,0.0266,0.1497,31.19,31.86,25.05,32.45,4.0599530999999995,3.6676870999999998,-7.6295737,-6.3,-0.6,-1.1,0,ble
person_b_session_01,right_load_bias,high,2026-08-14T21:41:08.396+08:00,1786714868396,left,foot_left_001,2402087,343639749,0.0071,0.0,0.0007,0.0017,0.0,0.0149,31.25,32.45,31.77,32.45,-5.3544309,2.1378497,-6.7273619,0.7,0.1,1.9,0,ble
person_b_session_01,right_load_bias,high,2026-08-14T21:41:08.589+08:00,1786714868589,right,foot_right_001,2402087,343639750,0.0173,0.0,0.0046,0.0149,0.0264,0.1421,31.19,31.86,25.05,32.45,3.83440015,4.16782625,-6.001669799999999,-6.3,-0.6,-1.2,0,ble
person_b_session_01,right_load_bias,high,2026-08-14T21:41:08.596+08:00,1786714868596,left,foot_left_001,2402087,343639750,0.0073,0.0,0.0005,0.002,0.0,0.0127,31.25,32.45,31.77,32.45,-5.3936575,2.1378497,-6.756781849999999,0.4,-0.2,2.1,0,ble
person_b_session_01,right_load_bias,high,2026-08-14T21:41:08.789+08:00,1786714868789,right,foot_right_001,2402087,343639751,0.0208,0.0,0.0051,0.0208,0.0269,0.135,31.19,31.86,25.05,32.45,3.5794272499999997,4.1482129500000005,-6.0801229999999995,-6.2,-0.8,-1.0,0,ble
person_b_session_01,right_load_bias,high,2026-08-14T21:41:08.796+08:00,1786714868796,left,foot_left_001,2402087,343639751,0.0076,0.0,0.0002,0.0015,0.0,0.0112,31.25,32.45,31.77,32.47,-5.3544309,2.157463,-6.7862018,0.6,0.1,2.1,0,ble
person_b_session_01,right_load_bias,high,2026-08-14T21:41:08.989+08:00,1786714868989,right,foot_right_001,2402087,343639752,0.0227,0.0,0.0059,0.0256,0.0266,0.1341,31.19,31.86,25.03,32.45,3.6676870999999998,4.24627945,-5.952636549999999,-6.3,-1.0,-1.4,0,ble
person_b_session_01,right_load_bias,high,2026-08-14T21:41:08.996+08:00,1786714868996,left,foot_left_001,2402087,343639752,0.0076,0.0,0.0005,0.002,0.0,0.0115,31.25,32.45,31.77,32.45,-5.3936575,2.1182364,-6.776395149999999,0.7,0.1,2.1,0,ble
person_b_session_01,right_load_bias,high,2026-08-14T21:41:09.189+08:00,1786714869189,right,foot_right_001,2402087,343639753,0.0181,0.0,0.0042,0.0195,0.0266,0.1433,31.19,31.83,25.05,32.56,3.7167203499999997,3.8638201,-6.5508422,-6.3,-0.5,-1.5,0,ble
person_b_session_01,right_load_bias,high,2026-08-14T21:41:09.196+08:00,1786714869196,left,foot_left_001,2402087,343639753,0.0081,0.0,0.0005,0.002,0.0,0.0137,31.25,32.45,31.77,32.47,-5.374044199999999,2.1378497,-6.776395149999999,0.6,0.1,2.0,0,ble
person_b_session_01,right_load_bias,high,2026-08-14T21:41:09.389+08:00,1786714869389,right,foot_right_001,2402087,343639754,0.0161,0.0,0.0024,0.0147,0.0269,0.147,31.19,31.86,25.03,32.45,3.79517355,4.0011132,-6.7862018,-6.3,-1.0,-1.4,0,ble
person_b_session_01,right_load_bias,high,2026-08-14T21:41:09.396+08:00,1786714869396,left,foot_left_001,2402087,343639754,0.0083,0.0,0.0007,0.002,0.0,0.0147,31.28,32.47,31.77,32.45,-5.38385085,2.1378497,-6.7862018,0.6,0.0,2.0,0,ble
person_b_session_01,right_load_bias,high,2026-08-14T21:41:09.589+08:00,1786714869589,right,foot_right_001,2402087,343639755,0.0137,0.0,0.0017,0.0112,0.0269,0.1521,31.19,31.86,25.05,32.45,3.7853669,3.99130655,-6.8058151,-6.2,-1.3,-1.5,0,ble
person_b_session_01,right_load_bias,high,2026-08-14T21:41:09.596+08:00,1786714869596,left,foot_left_001,2402087,343639755,0.0071,0.0,0.0,0.0012,0.0,0.0144,31.25,32.45,31.77,32.47,-5.34462425,2.0986230999999997,-6.7469752,0.6,0.4,2.1,0,ble
person_b_session_01,right_load_bias,high,2026-08-14T21:41:09.789+08:00,1786714869789,right,foot_right_001,2402087,343639756,0.0166,0.0,0.0024,0.0134,0.0271,0.1526,31.19,31.86,25.03,32.45,3.79517355,3.93246665,-6.815621749999999,-6.6,-0.7,-1.3,0,ble
person_b_session_01,right_load_bias,high,2026-08-14T21:41:09.796+08:00,1786714869796,left,foot_left_001,2402087,343639756,0.0054,0.0,0.0,0.0005,0.0,0.0117,31.28,32.47,31.77,32.45,-5.38385085,2.157463,-6.7862018,1.0,0.5,1.8,0,ble
person_b_session_01,right_load_bias,high,2026-08-14T21:41:09.989+08:00,1786714869989,right,foot_right_001,2402087,343639757,0.0186,0.0,0.0054,0.0159,0.0286,0.1499,31.19,31.86,25.05,32.45,3.7853669,3.9814998999999998,-6.7960084499999995,-6.2,-0.8,-1.5,0,ble
person_b_session_01,right_load_bias,high,2026-08-14T21:41:09.996+08:00,1786714869996,left,foot_left_001,2402087,343639757,0.0042,0.0,0.0,0.001,0.0,0.01,31.28,32.47,31.77,32.45,-5.3936575,2.1378497,-6.73716855,0.4,-0.1,2.5,0,ble
person_b_session_01,recovery,high,2026-08-14T21:41:10.189+08:00,1786714870189,right,foot_right_001,2402087,343639758,0.0173,0.0,0.0085,0.0171,0.0286,0.1409,31.19,31.86,25.05,32.5,3.8049802,4.020726499999999,-6.7960084499999995,-6.6,-0.5,-1.4,0,ble
person_b_session_01,recovery,high,2026-08-14T21:41:10.196+08:00,1786714870196,left,foot_left_001,2402087,343639758,0.0059,0.0,0.0,0.0007,0.0,0.0147,31.28,32.45,31.77,32.45,-5.38385085,2.1378497,-6.717555249999999,0.9,0.6,2.5,0,ble
person_b_session_01,recovery,high,2026-08-14T21:41:10.389+08:00,1786714870389,right,foot_right_001,2402087,343639759,0.0147,0.0,0.0068,0.0139,0.0254,0.127,31.19,31.86,25.05,32.45,3.8245934999999998,3.99130655,-6.756781849999999,-6.6,-0.5,-1.2,0,ble
person_b_session_01,recovery,high,2026-08-14T21:41:10.396+08:00,1786714870396,left,foot_left_001,2402087,343639759,0.0095,0.0,0.0027,0.001,0.0,0.0244,31.25,32.45,31.77,32.47,-5.3642375499999995,2.04958985,-6.8254284,1.5,1.1,2.3,0,ble
person_b_session_01,recovery,high,2026-08-14T21:41:10.589+08:00,1786714870589,right,foot_right_001,2402087,343639760,0.0134,0.0,0.0076,0.0112,0.0195,0.1016,31.19,31.86,25.03,32.45,3.8049802,3.99130655,-6.8254284,-6.6,-0.5,-1.1,0,ble
person_b_session_01,recovery,high,2026-08-14T21:41:10.596+08:00,1786714870596,left,foot_left_001,2402087,343639760,0.0166,0.0007,0.0098,0.001,0.0,0.0366,31.25,32.45,31.77,32.47,-5.3642375499999995,2.1182364,-6.73716855,1.5,1.4,2.5,0,ble
person_b_session_01,recovery,high,2026-08-14T21:41:10.789+08:00,1786714870789,right,foot_right_001,2402087,343639761,0.0063,0.0,0.0015,0.0015,0.0134,0.0745,31.16,31.86,25.03,32.45,3.83440015,4.0991797,-6.678328649999999,-7.5,-0.1,-0.5,0,ble
person_b_session_01,recovery,high,2026-08-14T21:41:10.796+08:00,1786714870796,left,foot_left_001,2402087,343639761,0.0142,0.0002,0.0127,0.0005,0.0,0.0659,31.28,32.45,31.77,32.47,-5.2563644,2.1378497,-6.864655,1.6,2.2,3.0,0,ble
person_b_session_01,recovery,high,2026-08-14T21:41:10.989+08:00,1786714870989,right,foot_right_001,2402087,343639762,0.0039,0.0,0.0002,0.0,0.0076,0.0408,31.19,31.83,25.03,32.45,3.81478685,3.7461402999999995,-7.1000146,-7.3,0.4,-0.6,0,ble
person_b_session_01,recovery,high,2026-08-14T21:41:10.996+08:00,1786714870996,left,foot_left_001,2402087,343639762,0.0107,0.0,0.0149,0.0,0.0024,0.084,31.28,32.45,31.77,32.45,-5.236751099999999,2.1476563499999997,-6.815621749999999,-0.3,0.6,2.9,0,ble
person_b_session_01,recovery,high,2026-08-14T21:41:11.189+08:00,1786714871189,right,foot_right_001,2402087,343639763,0.0044,0.0,0.0007,0.0,0.0017,0.0217,31.22,31.86,25.05,32.5,3.92266,4.069759749999999,-6.69794195,-6.0,-0.8,-1.1,0,ble
person_b_session_01,recovery,high,2026-08-14T21:41:11.196+08:00,1786714871196,left,foot_left_001,2402087,343639763,0.0154,0.0024,0.0327,0.0027,0.0095,0.0816,31.28,32.45,31.77,32.45,-5.20733115,2.157463,-6.8450416999999995,0.7,-0.5,1.9,0,ble
person_b_session_01,recovery,high,2026-08-14T21:41:11.389+08:00,1786714871389,right,foot_right_001,2402087,343639764,0.0059,0.0,0.0022,0.0002,0.0042,0.0308,31.19,31.83,25.03,32.45,3.93246665,4.0795664,-6.69794195,-5.9,-1.2,-1.4,0,ble
person_b_session_01,recovery,high,2026-08-14T21:41:11.396+08:00,1786714871396,left,foot_left_001,2402087,343639764,0.021,0.0027,0.0418,0.0049,0.0066,0.0772,31.25,32.45,31.77,32.45,-5.24655775,2.0986230999999997,-6.894074949999999,1.3,0.3,1.9,0,ble
person_b_session_01,recovery,high,2026-08-14T21:41:11.589+08:00,1786714871589,right,foot_right_001,2402087,343639765,0.0076,0.0,0.0012,0.0015,0.0054,0.0393,31.19,31.86,25.03,32.45,3.91285335,4.03053315,-6.73716855,-6.5,-0.8,-1.3,0,ble
person_b_session_01,recovery,high,2026-08-14T21:41:11.596+08:00,1786714871596,left,foot_left_001,2402087,343639765,0.0161,0.0027,0.0364,0.0029,0.0071,0.0828,31.25,32.45,31.77,32.45,-5.2171378,2.1280430499999996,-6.913688249999999,1.0,0.3,1.8,0,ble
person_b_session_01,recovery,high,2026-08-14T21:41:11.789+08:00,1786714871789,right,foot_right_001,2402087,343639766,0.0076,0.0,0.0017,0.0022,0.0071,0.0488,31.19,31.86,25.03,32.45,3.9030467,4.069759749999999,-6.6881353,-6.6,-0.8,-1.5,0,ble
person_b_session_01,recovery,high,2026-08-14T21:41:11.796+08:00,1786714871796,left,foot_left_001,2402087,343639766,0.0127,0.0017,0.021,0.0007,0.0044,0.083,31.28,32.45,31.77,32.45,-5.236751099999999,2.1280430499999996,-6.83523505,0.9,0.5,2.3,0,ble
person_b_session_01,recovery,high,2026-08-14T21:41:11.989+08:00,1786714871989,right,foot_right_001,2402087,343639767,0.0085,0.0,0.0005,0.0012,0.0093,0.0576,31.19,31.83,25.03,32.45,3.9030467,4.0795664,-6.7077485999999995,-6.5,-0.8,-1.4,0,ble
person_b_session_01,recovery,high,2026-08-14T21:41:11.996+08:00,1786714871996,left,foot_left_001,2402087,343639767,0.0071,0.0,0.0112,0.0007,0.0022,0.0823,31.25,32.45,31.77,32.45,-5.236751099999999,2.1182364,-6.894074949999999,0.6,-0.3,2.0,0,ble
person_b_session_01,recovery,high,2026-08-14T21:41:12.189+08:00,1786714872189,right,foot_right_001,2402087,343639768,0.0093,0.0,0.0015,0.002,0.0105,0.0632,31.19,31.86,25.03,32.45,3.87362675,4.0599530999999995,-6.6881353,-6.2,-1.0,-1.4,0,ble
person_b_session_01,recovery,high,2026-08-14T21:41:12.196+08:00,1786714872196,left,foot_left_001,2402087,343639768,0.0081,0.0,0.0137,0.0015,0.0007,0.0794,31.28,32.45,31.83,32.45,-5.236751099999999,2.1182364,-6.894074949999999,0.7,0.1,2.2,0,ble
person_b_session_01,recovery,high,2026-08-14T21:41:12.389+08:00,1786714872389,right,foot_right_001,2402087,343639769,0.009,0.0,0.0015,0.0015,0.011,0.0681,31.19,31.86,25.03,32.45,3.8834334,4.08937305,-6.717555249999999,-6.3,-0.9,-1.3,0,ble
person_b_session_01,recovery,high,2026-08-14T21:41:12.396+08:00,1786714872396,left,foot_left_001,2402087,343639769,0.0083,0.0,0.01,0.0005,0.0007,0.0786,31.25,32.45,31.77,32.5,-5.236751099999999,2.1182364,-6.8450416999999995,0.7,0.0,2.1,0,ble
person_b_session_01,recovery,high,2026-08-14T21:41:12.589+08:00,1786714872589,right,foot_right_001,2402087,343639770,0.0093,0.0,0.002,0.002,0.0112,0.0674,31.19,31.86,25.03,32.45,3.8638201,4.0795664,-6.73716855,-6.1,-0.8,-1.2,0,ble
person_b_session_01,recovery,high,2026-08-14T21:41:12.596+08:00,1786714872596,left,foot_left_001,2402087,343639770,0.0088,0.0005,0.0132,0.0007,0.0017,0.0791,31.28,32.47,31.77,32.5,-5.24655775,2.1182364,-6.864655,0.5,-0.1,2.0,0,ble
person_b_session_01,recovery,high,2026-08-14T21:41:12.789+08:00,1786714872789,right,foot_right_001,2402087,343639771,0.0098,0.0,0.0029,0.0024,0.0112,0.0659,31.19,31.86,25.03,32.45,3.8834334,4.0599530999999995,-6.7273619,-6.2,-1.0,-1.2,0,ble
person_b_session_01,recovery,high,2026-08-14T21:41:12.796+08:00,1786714872796,left,foot_left_001,2402087,343639771,0.0105,0.0007,0.0173,0.0015,0.0027,0.0781,31.28,32.47,31.83,32.5,-5.2269444499999995,2.1280430499999996,-6.8058151,0.9,0.3,2.1,0,ble
person_b_session_01,recovery,high,2026-08-14T21:41:12.989+08:00,1786714872989,right,foot_right_001,2402087,343639772,0.0098,0.0,0.0034,0.0024,0.0112,0.0669,31.19,31.86,25.03,32.45,3.8834334,4.0795664,-6.717555249999999,-6.2,-1.0,-1.3,0,ble
person_b_session_01,recovery,high,2026-08-14T21:41:12.996+08:00,1786714872996,left,foot_left_001,2402087,343639772,0.0098,0.0007,0.0144,0.0002,0.0024,0.0811,31.28,32.47,31.83,32.5,-5.20733115,2.1182364,-6.874461649999999,0.7,0.5,2.2,0,ble
person_b_session_01,recovery,high,2026-08-14T21:41:13.189+08:00,1786714873189,right,foot_right_001,2402087,343639773,0.0098,0.0,0.0029,0.0024,0.0112,0.0659,31.19,31.86,25.05,32.45,3.8834334,4.10898635,-6.7665885,-6.3,-0.9,-1.3,0,ble
person_b_session_01,recovery,high,2026-08-14T21:41:13.196+08:00,1786714873196,left,foot_left_001,2402087,343639773,0.0088,0.0005,0.0105,0.0012,0.0027,0.0842,31.28,32.45,31.77,32.5,-5.20733115,2.1280430499999996,-6.8254284,0.6,0.2,2.1,0,ble
person_b_session_01,recovery,high,2026-08-14T21:41:13.389+08:00,1786714873389,right,foot_right_001,2402087,343639774,0.0098,0.0,0.0032,0.002,0.0112,0.0632,31.19,31.86,25.03,32.45,3.8932400499999997,4.08937305,-6.7273619,-6.4,-1.0,-1.3,0,ble
person_b_session_01,recovery,high,2026-08-14T21:41:13.396+08:00,1786714873396,left,foot_left_001,2402087,343639774,0.0093,0.001,0.0139,0.0015,0.0032,0.085,31.28,32.47,31.77,32.5,-5.236751099999999,2.1182364,-6.854848349999999,0.6,0.2,2.0,0,ble
person_b_session_01,recovery,high,2026-08-14T21:41:13.589+08:00,1786714873589,right,foot_right_001,2402087,343639775,0.0093,0.0,0.0027,0.001,0.011,0.0613,31.19,31.86,25.05,32.45,3.9030467,4.069759749999999,-6.7469752,-6.5,-0.9,-1.3,0,ble
person_b_session_01,recovery,high,2026-08-14T21:41:13.596+08:00,1786714873596,left,foot_left_001,2402087,343639775,0.0093,0.001,0.0132,0.0007,0.0039,0.0874,31.28,32.45,31.77,32.5,-5.20733115,2.1378497,-6.864655,0.7,0.3,2.1,0,ble
person_b_session_01,recovery,high,2026-08-14T21:41:13.789+08:00,1786714873789,right,foot_right_001,2402087,343639776,0.0088,0.0,0.0022,0.0,0.0107,0.0618,31.19,31.86,25.03,32.45,3.9030467,4.0991797,-6.717555249999999,-6.6,-0.8,-1.4,0,ble
person_b_session_01,recovery,high,2026-08-14T21:41:13.796+08:00,1786714873796,left,foot_left_001,2402087,343639776,0.0085,0.0007,0.0103,0.0005,0.0042,0.0877,31.25,32.47,31.77,32.5,-5.2171378,2.1182364,-6.874461649999999,0.7,0.2,2.1,0,ble
person_b_session_01,recovery,high,2026-08-14T21:41:13.989+08:00,1786714873989,right,foot_right_001,2402087,343639777,0.0056,0.0,0.0012,0.0,0.0112,0.064,31.19,31.86,25.03,32.45,3.91285335,4.0991797,-6.7273619,-6.6,-0.9,-1.4,0,ble
person_b_session_01,recovery,high,2026-08-14T21:41:13.996+08:00,1786714873996,left,foot_left_001,2402087,343639777,0.0088,0.0005,0.0098,0.0007,0.0042,0.0886,31.28,32.47,31.83,32.5,-5.24655775,2.0986230999999997,-6.874461649999999,0.6,0.1,2.1,0,ble
person_b_session_01,recovery,high,2026-08-14T21:41:14.189+08:00,1786714874189,right,foot_right_001,2402087,343639778,0.0051,0.0,0.0005,0.0,0.011,0.0654,31.19,31.86,25.08,32.45,3.87362675,4.0991797,-6.7273619,-6.4,-0.9,-1.5,0,ble
person_b_session_01,recovery,high,2026-08-14T21:41:14.196+08:00,1786714874196,left,foot_left_001,2402087,343639778,0.009,0.0005,0.0105,0.0002,0.0042,0.0879,31.28,32.47,31.77,32.5,-5.20733115,2.1280430499999996,-6.874461649999999,0.7,0.2,2.1,0,ble
person_b_session_01,recovery,high,2026-08-14T21:41:14.389+08:00,1786714874389,right,foot_right_001,2402087,343639779,0.0042,0.0,0.0,0.0,0.0115,0.0664,31.16,31.83,25.0,32.45,3.8834334,4.0991797,-6.756781849999999,-6.4,-0.8,-1.3,0,ble
person_b_session_01,recovery,high,2026-08-14T21:41:14.396+08:00,1786714874396,left,foot_left_001,2402087,343639779,0.0088,0.0002,0.0098,0.0005,0.0042,0.0872,31.28,32.47,31.77,32.5,-5.20733115,2.10842975,-6.864655,0.7,0.0,2.0,0,ble
person_b_session_01,recovery,high,2026-08-14T21:41:14.589+08:00,1786714874589,right,foot_right_001,2402087,343639780,0.0049,0.0,0.0,0.0,0.0117,0.0667,31.19,31.86,25.05,32.45,3.8834334,4.1384063,-6.6881353,-6.3,-0.8,-1.2,0,ble
person_b_session_01,recovery,high,2026-08-14T21:41:14.596+08:00,1786714874596,left,foot_left_001,2402087,343639780,0.0093,0.0005,0.01,0.0005,0.0037,0.0886,31.28,32.47,31.77,32.5,-5.20733115,2.1280430499999996,-6.864655,0.6,0.0,2.1,0,ble
person_b_session_01,recovery,high,2026-08-14T21:41:14.789+08:00,1786714874789,right,foot_right_001,2402087,343639781,0.0049,0.0,0.0,0.0,0.0115,0.0662,31.19,31.86,25.05,32.45,3.9030467,4.12859965,-6.7077485999999995,-6.2,-0.9,-1.3,0,ble
person_b_session_01,recovery,high,2026-08-14T21:41:14.796+08:00,1786714874796,left,foot_left_001,2402087,343639781,0.01,0.0005,0.011,0.0002,0.0034,0.0891,31.28,32.47,31.77,32.5,-5.20733115,2.0986230999999997,-6.864655,0.5,0.0,2.1,0,ble
person_b_session_01,recovery,high,2026-08-14T21:41:14.989+08:00,1786714874989,right,foot_right_001,2402087,343639782,0.0054,0.0,0.0,0.0,0.0115,0.0667,31.19,31.86,25.05,32.45,3.87362675,4.118792999999999,-6.717555249999999,-6.3,-1.0,-1.4,0,ble
person_b_session_01,recovery,high,2026-08-14T21:41:14.996+08:00,1786714874996,left,foot_left_001,2402087,343639782,0.0107,0.0005,0.0098,0.0002,0.0037,0.0899,31.28,32.47,31.77,32.5,-5.2269444499999995,2.1182364,-6.8058151,0.6,0.1,2.2,0,ble
person_b_session_01,recovery,high,2026-08-14T21:41:15.189+08:00,1786714875189,right,foot_right_001,2402087,343639783,0.0051,0.0,0.0,0.0,0.0115,0.0667,31.19,31.86,25.08,32.45,3.91285335,4.10898635,-6.69794195,-6.2,-1.0,-1.4,0,ble
person_b_session_01,recovery,high,2026-08-14T21:41:15.196+08:00,1786714875196,left,foot_left_001,2402087,343639783,0.0103,0.0005,0.0085,0.0005,0.0037,0.0916,31.28,32.47,31.77,32.53,-5.2269444499999995,2.1280430499999996,-6.874461649999999,0.7,0.0,2.0,0,ble
person_b_session_01,recovery,high,2026-08-14T21:41:15.389+08:00,1786714875389,right,foot_right_001,2402087,343639784,0.0044,0.0,0.0,0.0,0.0115,0.0672,31.16,31.86,25.08,32.45,3.8834334,4.08937305,-6.668522,-6.2,-0.8,-1.2,0,ble
person_b_session_01,recovery,high,2026-08-14T21:41:15.396+08:00,1786714875396,left,foot_left_001,2402087,343639784,0.0115,0.0,0.0059,0.0017,0.0032,0.0913,31.28,32.47,31.77,32.5,-5.2269444499999995,2.1280430499999996,-6.854848349999999,0.4,0.0,2.1,0,ble
person_b_session_01,recovery,high,2026-08-14T21:41:15.589+08:00,1786714875589,right,foot_right_001,2402087,343639785,0.0054,0.0,0.0,0.0,0.0117,0.0659,31.19,31.86,25.05,32.45,3.9030467,4.08937305,-6.65871535,-6.2,-0.9,-1.5,0,ble
person_b_session_01,recovery,high,2026-08-14T21:41:15.596+08:00,1786714875596,left,foot_left_001,2402087,343639785,0.0125,0.0,0.0066,0.001,0.0032,0.0916,31.28,32.47,31.77,32.5,-5.2171378,2.1280430499999996,-6.8450416999999995,0.6,0.1,2.1,0,ble
person_b_session_01,recovery,high,2026-08-14T21:41:15.789+08:00,1786714875789,right,foot_right_001,2402087,343639786,0.0056,0.0,0.0005,0.0,0.0127,0.0664,31.19,31.86,25.08,32.45,3.8932400499999997,4.08937305,-6.69794195,-6.3,-0.8,-1.4,0,ble
person_b_session_01,recovery,high,2026-08-14T21:41:15.796+08:00,1786714875796,left,foot_left_001,2402087,343639786,0.0117,0.0,0.0073,0.0002,0.0034,0.0913,31.28,32.47,31.77,32.5,-5.2269444499999995,2.1280430499999996,-6.894074949999999,0.7,0.1,2.1,0,ble
person_b_session_01,recovery,high,2026-08-14T21:41:15.989+08:00,1786714875989,right,foot_right_001,2402087,343639787,0.0051,0.0,0.001,0.0,0.0129,0.0674,31.16,31.86,25.08,32.45,3.8932400499999997,4.0991797,-6.717555249999999,-6.3,-0.9,-1.4,0,ble
person_b_session_01,recovery,high,2026-08-14T21:41:15.996+08:00,1786714875996,left,foot_left_001,2402087,343639787,0.0122,0.0002,0.0083,0.001,0.0037,0.0918,31.28,32.47,31.77,32.5,-5.2269444499999995,2.10842975,-6.9234949,0.6,0.2,2.1,0,ble
person_b_session_01,recovery,high,2026-08-14T21:41:16.189+08:00,1786714876189,right,foot_right_001,2402087,343639788,0.0051,0.0,0.001,0.0,0.0129,0.0676,31.16,31.86,25.08,32.45,3.8638201,4.12859965,-6.7273619,-6.3,-0.9,-1.4,0,ble
person_b_session_01,recovery,high,2026-08-14T21:41:16.196+08:00,1786714876196,left,foot_left_001,2402087,343639788,0.012,0.0002,0.0078,0.0007,0.0039,0.0926,31.28,32.47,31.77,32.5,-5.236751099999999,2.1182364,-6.894074949999999,0.7,0.2,2.2,0,ble
person_b_session_01,recovery,high,2026-08-14T21:41:16.389+08:00,1786714876389,right,foot_right_001,2402087,343639789,0.0054,0.0,0.001,0.0,0.0127,0.0674,31.16,31.86,25.08,32.45,3.8638201,4.118792999999999,-6.69794195,-6.4,-0.8,-1.1,0,ble
person_b_session_01,recovery,high,2026-08-14T21:41:16.396+08:00,1786714876396,left,foot_left_001,2402087,343639789,0.0117,0.0002,0.0088,0.0007,0.0039,0.093,31.28,32.47,31.77,32.5,-5.2269444499999995,2.1182364,-6.864655,0.7,0.1,2.0,0,ble
person_b_session_01,recovery,high,2026-08-14T21:41:16.589+08:00,1786714876589,right,foot_right_001,2402087,343639790,0.0063,0.0,0.0015,0.0,0.0122,0.0645,31.16,31.86,25.08,32.45,3.8834334,4.069759749999999,-6.7665885,-5.8,-0.9,-1.1,0,ble
person_b_session_01,recovery,high,2026-08-14T21:41:16.596+08:00,1786714876596,left,foot_left_001,2402087,343639790,0.0125,0.0002,0.01,0.0007,0.0044,0.0928,31.25,32.47,31.77,32.5,-5.2269444499999995,2.1182364,-6.864655,0.6,0.0,2.1,0,ble
person_b_session_01,recovery,high,2026-08-14T21:41:16.789+08:00,1786714876789,right,foot_right_001,2402087,343639791,0.0088,0.0,0.0032,0.0,0.0125,0.0613,31.16,31.86,25.08,32.45,3.8834334,4.069759749999999,-6.7077485999999995,-6.2,-0.9,-1.2,0,ble
person_b_session_01,recovery,high,2026-08-14T21:41:16.796+08:00,1786714876796,left,foot_left_001,2402087,343639791,0.0132,0.0005,0.0112,0.001,0.0046,0.0921,31.28,32.47,31.77,32.5,-5.2171378,2.1182364,-6.8450416999999995,0.7,0.0,2.0,0,ble
person_b_session_01,recovery,high,2026-08-14T21:41:16.989+08:00,1786714876989,right,foot_right_001,2402087,343639792,0.0095,0.0,0.0022,0.0005,0.0125,0.0598,31.16,31.86,25.08,32.5,3.8834334,4.0795664,-6.717555249999999,-6.2,-1.0,-1.3,0,ble
person_b_session_01,recovery,high,2026-08-14T21:41:16.996+08:00,1786714876996,left,foot_left_001,2402087,343639792,0.0139,0.0005,0.0144,0.0017,0.0049,0.0886,31.28,32.47,31.77,32.5,-5.2269444499999995,2.1280430499999996,-6.83523505,0.7,0.2,2.1,0,ble
person_b_session_01,recovery,high,2026-08-14T21:41:17.189+08:00,1786714877189,right,foot_right_001,2402087,343639793,0.0105,0.0,0.0037,0.0007,0.0127,0.0586,31.16,31.86,25.08,32.45,3.93246665,4.0599530999999995,-6.73716855,-6.2,-0.8,-1.2,0,ble
person_b_session_01,recovery,high,2026-08-14T21:41:17.196+08:00,1786714877196,left,foot_left_001,2402087,343639793,0.0156,0.0002,0.0161,0.0022,0.0051,0.0864,31.25,32.47,31.77,32.5,-5.2563644,2.1182364,-6.8450416999999995,0.7,0.0,2.0,0,ble
person_b_session_01,recovery,high,2026-08-14T21:41:17.389+08:00,1786714877389,right,foot_right_001,2402087,343639794,0.0105,0.0,0.0044,0.0005,0.0129,0.0593,31.16,31.86,25.08,32.45,3.8834334,4.05014645,-6.7469752,-6.3,-0.9,-1.3,0,ble
person_b_session_01,recovery,high,2026-08-14T21:41:17.396+08:00,1786714877396,left,foot_left_001,2402087,343639794,0.0176,0.0,0.0188,0.0024,0.0046,0.0847,31.25,32.47,31.77,32.5,-5.2269444499999995,2.1182364,-6.864655,0.6,0.0,2.0,0,ble
person_b_session_01,recovery,high,2026-08-14T21:41:17.589+08:00,1786714877589,right,foot_right_001,2402087,343639795,0.011,0.0,0.0044,0.0007,0.0132,0.0606,31.16,31.86,25.11,32.45,3.91285335,4.0991797,-6.7273619,-6.4,-0.8,-1.4,0,ble
person_b_session_01,recovery,high,2026-08-14T21:41:17.596+08:00,1786714877596,left,foot_left_001,2402087,343639795,0.0178,0.0007,0.0195,0.002,0.0051,0.0838,31.25,32.47,31.77,32.5,-5.2269444499999995,2.10842975,-6.874461649999999,0.8,0.3,2.0,0,ble
person_b_session_01,recovery,high,2026-08-14T21:41:17.789+08:00,1786714877789,right,foot_right_001,2402087,343639796,0.011,0.0,0.0049,0.0012,0.0129,0.064,31.16,31.86,25.05,32.45,3.93246665,4.069759749999999,-6.717555249999999,-6.3,-0.9,-1.3,0,ble
person_b_session_01,recovery,high,2026-08-14T21:41:17.796+08:00,1786714877796,left,foot_left_001,2402087,343639796,0.0176,0.0012,0.02,0.0022,0.0049,0.0833,31.28,32.47,31.77,32.5,-5.24655775,2.1280430499999996,-6.854848349999999,0.7,0.3,2.2,0,ble
person_b_session_01,recovery,high,2026-08-14T21:41:17.989+08:00,1786714877989,right,foot_right_001,2402087,343639797,0.011,0.0,0.0051,0.0012,0.0129,0.0645,31.16,31.86,25.08,32.45,3.8638201,4.0599530999999995,-6.7273619,-6.3,-1.0,-1.4,0,ble
person_b_session_01,recovery,high,2026-08-14T21:41:17.996+08:00,1786714877996,left,foot_left_001,2402087,343639797,0.0168,0.001,0.02,0.0024,0.0049,0.0835,31.28,32.47,31.77,32.5,-5.236751099999999,2.1182364,-6.83523505,0.6,0.0,2.0,0,ble
person_b_session_01,recovery,high,2026-08-14T21:41:18.189+08:00,1786714878189,right,foot_right_001,2402087,343639798,0.0112,0.0,0.0051,0.001,0.0129,0.065,31.16,31.86,25.08,32.45,3.8638201,4.0991797,-6.6881353,-6.4,-0.8,-1.4,0,ble
person_b_session_01,recovery,high,2026-08-14T21:41:18.196+08:00,1786714878196,left,foot_left_001,2402087,343639798,0.0173,0.001,0.0205,0.0022,0.0049,0.0828,31.28,32.47,31.77,32.5,-5.275977699999999,2.1280430499999996,-6.815621749999999,0.6,0.3,2.2,0,ble
person_b_session_01,recovery,high,2026-08-14T21:41:18.389+08:00,1786714878389,right,foot_right_001,2402087,343639799,0.0112,0.0,0.0051,0.0012,0.0132,0.0654,31.16,31.86,25.08,32.5,3.8638201,4.0795664,-6.717555249999999,-6.1,-1.1,-1.3,0,ble
person_b_session_01,recovery,high,2026-08-14T21:41:18.396+08:00,1786714878396,left,foot_left_001,2402087,343639799,0.0176,0.0012,0.0208,0.0024,0.0049,0.083,31.28,32.45,31.77,32.53,-5.236751099999999,2.1182364,-6.874461649999999,0.6,0.1,2.0,0,ble
person_b_session_01,recovery,high,2026-08-14T21:41:18.589+08:00,1786714878589,right,foot_right_001,2402087,343639800,0.0115,0.0,0.0051,0.0012,0.0132,0.0654,31.16,31.86,25.08,32.5,3.8834334,4.0991797,-6.6881353,-6.3,-0.9,-1.4,0,ble
person_b_session_01,recovery,high,2026-08-14T21:41:18.596+08:00,1786714878596,left,foot_left_001,2402087,343639800,0.0176,0.0012,0.0212,0.0024,0.0051,0.0825,31.28,32.45,31.77,32.5,-5.2269444499999995,2.1182364,-6.854848349999999,0.7,0.3,2.2,0,ble
person_b_session_01,recovery,high,2026-08-14T21:41:18.789+08:00,1786714878789,right,foot_right_001,2402087,343639801,0.0115,0.0,0.0049,0.0012,0.0132,0.0659,31.16,31.86,25.08,32.45,3.8932400499999997,4.069759749999999,-6.7273619,-6.3,-0.9,-1.3,0,ble
person_b_session_01,recovery,high,2026-08-14T21:41:18.796+08:00,1786714878796,left,foot_left_001,2402087,343639801,0.0149,0.0012,0.0193,0.0024,0.0049,0.0864,31.28,32.45,31.77,32.53,-5.236751099999999,2.1280430499999996,-6.874461649999999,0.8,0.4,2.1,0,ble
person_b_session_01,recovery,high,2026-08-14T21:41:18.989+08:00,1786714878989,right,foot_right_001,2402087,343639802,0.0115,0.0,0.0051,0.001,0.0132,0.0657,31.16,31.86,25.08,32.45,3.91285335,4.10898635,-6.756781849999999,-6.2,-0.8,-1.2,0,ble
person_b_session_01,recovery,high,2026-08-14T21:41:18.996+08:00,1786714878996,left,foot_left_001,2402087,343639802,0.0166,0.0012,0.0205,0.0024,0.0051,0.0869,31.28,32.45,31.77,32.5,-5.2269444499999995,2.1280430499999996,-6.8842683,0.6,0.1,2.0,0,ble
person_b_session_01,recovery,high,2026-08-14T21:41:19.189+08:00,1786714879189,right,foot_right_001,2402087,343639803,0.0112,0.0,0.0049,0.0007,0.0134,0.0662,31.13,31.86,25.11,32.5,3.9030467,4.08937305,-6.7273619,-6.4,-0.8,-1.4,0,ble
person_b_session_01,recovery,high,2026-08-14T21:41:19.196+08:00,1786714879196,left,foot_left_001,2402087,343639803,0.0154,0.0012,0.02,0.0027,0.0051,0.0879,31.28,32.45,31.77,32.53,-5.2171378,2.1378497,-6.8450416999999995,0.8,0.4,2.2,0,ble
person_b_session_01,recovery,high,2026-08-14T21:41:19.389+08:00,1786714879389,right,foot_right_001,2402087,343639804,0.0107,0.0,0.0049,0.001,0.0134,0.0669,31.16,31.86,25.11,32.5,3.92266,4.1384063,-6.580262149999999,-6.2,-1.0,-1.4,0,ble
person_b_session_01,recovery,high,2026-08-14T21:41:19.396+08:00,1786714879396,left,foot_left_001,2402087,343639804,0.0127,0.0005,0.0154,0.0015,0.0049,0.0913,31.28,32.45,31.77,32.5,-5.20733115,2.1182364,-6.8842683,0.7,0.3,2.1,0,ble
person_b_session_01,recovery,high,2026-08-14T21:41:19.589+08:00,1786714879589,right,foot_right_001,2402087,343639805,0.0107,0.0,0.0049,0.0007,0.0132,0.0662,31.16,31.86,25.08,32.5,3.8932400499999997,4.0795664,-6.717555249999999,-6.4,-0.8,-1.2,0,ble
person_b_session_01,recovery,high,2026-08-14T21:41:19.596+08:00,1786714879596,left,foot_left_001,2402087,343639805,0.0127,0.0007,0.0149,0.0017,0.0049,0.0926,31.28,32.45,31.77,32.53,-5.20733115,2.1378497,-6.874461649999999,0.7,0.2,2.1,0,ble
person_b_session_01,recovery,high,2026-08-14T21:41:19.789+08:00,1786714879789,right,foot_right_001,2402087,343639806,0.0105,0.0,0.0046,0.0005,0.0134,0.0657,31.16,31.86,25.11,32.5,3.8834334,4.08937305,-6.668522,-6.3,-0.9,-1.4,0,ble
person_b_session_01,recovery,high,2026-08-14T21:41:19.796+08:00,1786714879796,left,foot_left_001,2402087,343639806,0.0132,0.0007,0.0168,0.0017,0.0049,0.0926,31.28,32.45,31.77,32.5,-5.24655775,2.1182364,-6.8450416999999995,0.6,0.1,2.1,0,ble
person_b_session_01,recovery,high,2026-08-14T21:41:19.989+08:00,1786714879989,right,foot_right_001,2402087,343639807,0.0105,0.0,0.0046,0.0,0.0129,0.065,31.19,31.86,25.16,32.5,3.91285335,4.069759749999999,-6.7469752,-6.2,-0.8,-1.3,0,ble
person_b_session_01,recovery,high,2026-08-14T21:41:19.996+08:00,1786714879996,left,foot_left_001,2402087,343639807,0.0129,0.0007,0.0159,0.0017,0.0051,0.0933,31.25,32.47,31.77,32.5,-5.2171378,2.1280430499999996,-6.864655,0.7,0.3,2.2,0,ble
person_b_session_01,recovery,high,2026-08-14T21:41:20.189+08:00,1786714880189,right,foot_right_001,2402087,343639808,0.0103,0.0,0.0049,0.0,0.0122,0.0647,31.16,31.86,25.11,32.53,3.9030467,4.08937305,-6.7077485999999995,-6.4,-0.8,-1.2,0,ble
person_b_session_01,recovery,high,2026-08-14T21:41:20.196+08:00,1786714880196,left,foot_left_001,2402087,343639808,0.0117,0.0002,0.0144,0.0007,0.0049,0.093,31.28,32.45,31.77,32.53,-5.236751099999999,2.1182364,-6.864655,0.8,0.1,2.0,0,ble
person_b_session_01,recovery,high,2026-08-14T21:41:20.389+08:00,1786714880389,right,foot_right_001,2402087,343639809,0.0107,0.0,0.0046,0.0,0.0127,0.0647,31.16,31.86,25.08,32.5,3.8834334,4.0795664,-6.7469752,-6.1,-0.8,-1.3,0,ble
person_b_session_01,recovery,high,2026-08-14T21:41:20.396+08:00,1786714880396,left,foot_left_001,2402087,343639809,0.0117,0.0005,0.0142,0.0015,0.0051,0.093,31.28,32.45,31.77,32.53,-5.2269444499999995,2.1280430499999996,-6.8842683,0.6,0.1,2.1,0,ble
person_b_session_01,recovery,high,2026-08-14T21:41:20.589+08:00,1786714880589,right,foot_right_001,2402087,343639810,0.0105,0.0,0.0049,0.0002,0.0134,0.065,31.16,31.86,25.08,32.5,3.9030467,4.0991797,-6.717555249999999,-6.1,-1.1,-1.4,0,ble
person_b_session_01,recovery,high,2026-08-14T21:41:20.596+08:00,1786714880596,left,foot_left_001,2402087,343639810,0.0117,0.0002,0.0144,0.0012,0.0049,0.093,31.25,32.45,31.77,32.5,-5.20733115,2.1182364,-6.9038816,0.6,0.1,2.1,0,ble
person_b_session_01,recovery,high,2026-08-14T21:41:20.789+08:00,1786714880789,right,foot_right_001,2402087,343639811,0.0105,0.0,0.0049,0.0,0.0134,0.0652,31.16,31.86,25.08,32.5,3.91285335,4.08937305,-6.73716855,-6.3,-0.9,-1.3,0,ble
person_b_session_01,recovery,high,2026-08-14T21:41:20.796+08:00,1786714880796,left,foot_left_001,2402087,343639811,0.0112,0.0005,0.0139,0.001,0.0049,0.0933,31.25,32.45,31.77,32.53,-5.197524499999999,2.10842975,-6.864655,0.7,0.2,2.2,0,ble
person_b_session_01,recovery,high,2026-08-14T21:41:20.989+08:00,1786714880989,right,foot_right_001,2402087,343639812,0.0105,0.0,0.0049,0.0,0.0134,0.0654,31.16,31.86,25.08,32.5,3.8932400499999997,4.1384063,-6.717555249999999,-6.3,-1.0,-1.4,0,ble
person_b_session_01,recovery,high,2026-08-14T21:41:20.996+08:00,1786714880996,left,foot_left_001,2402087,343639812,0.0107,0.0002,0.0132,0.001,0.0049,0.094,31.28,32.45,31.77,32.53,-5.18771785,2.1378497,-6.864655,0.7,0.2,2.1,0,ble
person_b_session_01,recovery,high,2026-08-14T21:41:21.189+08:00,1786714881189,right,foot_right_001,2402087,343639813,0.0105,0.0,0.0049,0.0002,0.0132,0.0654,31.19,31.86,25.16,32.53,3.9030467,4.08937305,-6.7273619,-6.3,-0.9,-1.3,0,ble
person_b_session_01,recovery,high,2026-08-14T21:41:21.196+08:00,1786714881196,left,foot_left_001,2402087,343639813,0.0105,0.0002,0.0115,0.0005,0.0046,0.0943,31.28,32.45,31.77,32.5,-5.20733115,2.0986230999999997,-6.8842683,0.6,0.1,2.1,0,ble
person_b_session_01,recovery,high,2026-08-14T21:41:21.389+08:00,1786714881389,right,foot_right_001,2402087,343639814,0.0098,0.0,0.0044,0.0,0.0129,0.0654,31.19,31.95,25.16,32.56,3.92266,4.158019599999999,-6.639102049999999,-6.7,-1.0,-1.4,0,ble
person_b_session_01,recovery,high,2026-08-14T21:41:21.396+08:00,1786714881396,left,foot_left_001,2402087,343639814,0.0103,0.0002,0.0112,0.001,0.0049,0.0952,31.28,32.45,31.77,32.53,-5.20733115,2.1378497,-6.894074949999999,0.6,0.1,2.1,0,ble
person_b_session_01,recovery,high,2026-08-14T21:41:21.589+08:00,1786714881589,right,foot_right_001,2402087,343639815,0.0093,0.0,0.0034,0.0,0.0129,0.0654,31.16,31.86,25.16,32.53,3.9030467,4.0795664,-6.6881353,-6.2,-0.9,-1.2,0,ble
person_b_session_01,recovery,high,2026-08-14T21:41:21.596+08:00,1786714881596,left,foot_left_001,2402087,343639815,0.0103,0.0005,0.0122,0.001,0.0046,0.0957,31.28,32.45,31.77,32.53,-5.20733115,2.10842975,-6.874461649999999,0.7,0.1,2.1,0,ble
person_b_session_01,recovery,high,2026-08-14T21:41:21.789+08:00,1786714881789,right,foot_right_001,2402087,343639816,0.01,0.0,0.0042,0.0,0.0125,0.0642,31.16,31.86,25.16,32.53,3.8932400499999997,4.08937305,-6.69794195,-6.3,-0.9,-1.2,0,ble
person_b_session_01,recovery,high,2026-08-14T21:41:21.796+08:00,1786714881796,left,foot_left_001,2402087,343639816,0.01,0.0005,0.0122,0.0007,0.0046,0.096,31.28,32.5,31.83,32.53,-5.18771785,2.1182364,-6.8842683,0.7,0.2,2.1,0,ble
person_b_session_01,recovery,high,2026-08-14T21:41:21.989+08:00,1786714881989,right,foot_right_001,2402087,343639817,0.0105,0.0,0.0044,0.0,0.0125,0.0635,31.16,31.86,25.11,32.53,3.8834334,4.0795664,-6.69794195,-6.3,-0.8,-1.3,0,ble
person_b_session_01,recovery,high,2026-08-14T21:41:21.996+08:00,1786714881996,left,foot_left_001,2402087,343639817,0.0103,0.0005,0.0125,0.0007,0.0049,0.096,31.28,32.45,31.77,32.5,-5.2171378,2.1280430499999996,-6.894074949999999,0.6,0.0,2.1,0,ble
person_b_session_01,recovery,high,2026-08-14T21:41:22.189+08:00,1786714882189,right,foot_right_001,2402087,343639818,0.0105,0.0,0.0044,0.0,0.0127,0.0628,31.16,31.86,25.11,32.5,3.8932400499999997,4.05014645,-6.7469752,-6.3,-0.8,-1.3,0,ble
person_b_session_01,recovery,high,2026-08-14T21:41:22.196+08:00,1786714882196,left,foot_left_001,2402087,343639818,0.0103,0.0005,0.0127,0.0007,0.0046,0.0957,31.28,32.45,31.77,32.53,-5.20733115,2.1280430499999996,-6.874461649999999,0.7,0.0,2.1,0,ble
person_b_session_01,recovery,high,2026-08-14T21:41:22.389+08:00,1786714882389,right,foot_right_001,2402087,343639819,0.0107,0.0,0.0046,0.0,0.0127,0.062,31.16,31.86,25.08,32.53,3.9030467,4.0795664,-6.717555249999999,-6.3,-1.0,-1.3,0,ble
person_b_session_01,recovery,high,2026-08-14T21:41:22.396+08:00,1786714882396,left,foot_left_001,2402087,343639819,0.0103,0.0007,0.0129,0.001,0.0049,0.096,31.28,32.45,31.77,32.5,-5.20733115,2.1280430499999996,-6.864655,0.4,0.0,2.0,0,ble
person_b_session_01,recovery,high,2026-08-14T21:41:22.589+08:00,1786714882589,right,foot_right_001,2402087,343639820,0.0107,0.0,0.0049,0.0,0.0129,0.0613,31.16,31.86,25.16,32.56,3.93246665,4.05014645,-6.7273619,-6.5,-0.7,-1.3,0,ble
person_b_session_01,recovery,high,2026-08-14T21:41:22.596+08:00,1786714882596,left,foot_left_001,2402087,343639820,0.0115,0.0007,0.0144,0.0012,0.0049,0.0955,31.25,32.45,31.77,32.53,-5.2269444499999995,2.1280430499999996,-6.874461649999999,0.7,0.2,2.1,0,ble
person_b_session_01,recovery,high,2026-08-14T21:41:22.789+08:00,1786714882789,right,foot_right_001,2402087,343639821,0.011,0.0,0.0049,0.0,0.0129,0.0613,31.16,31.86,25.11,32.53,3.91285335,4.08937305,-6.668522,-6.2,-0.9,-1.3,0,ble
person_b_session_01,recovery,high,2026-08-14T21:41:22.796+08:00,1786714882796,left,foot_left_001,2402087,343639821,0.0112,0.001,0.0147,0.0012,0.0049,0.096,31.28,32.45,31.77,32.53,-5.236751099999999,2.10842975,-6.9038816,0.7,0.2,2.1,0,ble
person_b_session_01,recovery,high,2026-08-14T21:41:22.989+08:00,1786714882989,right,foot_right_001,2402087,343639822,0.0107,0.0,0.0046,0.0,0.0134,0.0618,31.16,31.86,25.11,32.53,3.9030467,4.0795664,-6.69794195,-6.2,-1.0,-1.3,0,ble
person_b_session_01,recovery,high,2026-08-14T21:41:22.996+08:00,1786714882996,left,foot_left_001,2402087,343639822,0.0105,0.0007,0.0134,0.001,0.0046,0.0965,31.28,32.45,31.77,32.5,-5.197524499999999,2.1182364,-6.8842683,0.6,0.2,2.2,0,ble
person_b_session_01,recovery,high,2026-08-14T21:41:23.189+08:00,1786714883189,right,foot_right_001,2402087,343639823,0.011,0.0,0.0046,0.0,0.0134,0.0618,31.16,31.86,25.16,32.56,3.93246665,4.10898635,-6.668522,-6.4,-0.8,-1.2,0,ble
person_b_session_01,recovery,high,2026-08-14T21:41:23.196+08:00,1786714883196,left,foot_left_001,2402087,343639823,0.0107,0.001,0.0137,0.0007,0.0049,0.0965,31.25,32.45,31.77,32.53,-5.236751099999999,2.1182364,-6.8842683,0.7,0.0,2.0,0,ble
person_b_session_01,recovery,high,2026-08-14T21:41:23.389+08:00,1786714883389,right,foot_right_001,2402087,343639824,0.011,0.0,0.0046,0.0,0.0134,0.0613,31.16,31.86,25.11,32.53,3.9030467,4.118792999999999,-6.73716855,-6.3,-1.0,-1.3,0,ble
person_b_session_01,recovery,high,2026-08-14T21:41:23.396+08:00,1786714883396,left,foot_left_001,2402087,343639824,0.0107,0.001,0.0137,0.0007,0.0049,0.0967,31.25,32.45,31.77,32.5,-5.236751099999999,2.1280430499999996,-6.8842683,0.7,0.3,2.1,0,ble
person_b_session_01,recovery,high,2026-08-14T21:41:23.589+08:00,1786714883589,right,foot_right_001,2402087,343639825,0.0112,0.0,0.0046,0.0,0.0132,0.0608,31.16,31.86,25.11,32.53,3.8834334,4.0795664,-6.717555249999999,-6.2,-0.9,-1.3,0,ble
person_b_session_01,recovery,high,2026-08-14T21:41:23.596+08:00,1786714883596,left,foot_left_001,2402087,343639825,0.011,0.001,0.0137,0.001,0.0049,0.0967,31.28,32.45,31.77,32.5,-5.2269444499999995,2.1182364,-6.894074949999999,0.6,0.1,2.1,0,ble
person_b_session_01,recovery,high,2026-08-14T21:41:23.789+08:00,1786714883789,right,foot_right_001,2402087,343639826,0.011,0.0,0.0046,0.0,0.0132,0.0581,31.19,31.95,25.16,32.56,3.8932400499999997,4.10898635,-6.7077485999999995,-6.1,-0.9,-1.3,0,ble
person_b_session_01,recovery,high,2026-08-14T21:41:23.796+08:00,1786714883796,left,foot_left_001,2402087,343639826,0.011,0.001,0.0142,0.0012,0.0051,0.0962,31.28,32.45,31.77,32.5,-5.20733115,2.08881645,-6.854848349999999,0.7,0.0,2.1,0,ble
person_b_session_01,recovery,high,2026-08-14T21:41:23.989+08:00,1786714883989,right,foot_right_001,2402087,343639827,0.011,0.0,0.0051,0.0,0.0132,0.0574,31.16,31.86,25.16,32.53,3.9030467,4.069759749999999,-6.7077485999999995,-6.3,-0.9,-1.3,0,ble
person_b_session_01,recovery,high,2026-08-14T21:41:23.996+08:00,1786714883996,left,foot_left_001,2402087,343639827,0.0115,0.001,0.0149,0.0012,0.0054,0.0955,31.28,32.45,31.77,32.5,-5.2171378,2.1280430499999996,-6.83523505,0.7,0.1,2.1,0,ble
person_b_session_01,recovery,high,2026-08-14T21:41:24.189+08:00,1786714884189,right,foot_right_001,2402087,343639828,0.0112,0.0,0.0054,0.0,0.0132,0.0559,31.19,31.95,25.16,32.59,3.8834334,4.08937305,-6.7077485999999995,-6.3,-0.9,-1.3,0,ble
person_b_session_01,recovery,high,2026-08-14T21:41:24.196+08:00,1786714884196,left,foot_left_001,2402087,343639828,0.0132,0.0012,0.0171,0.0017,0.0056,0.0926,31.28,32.45,31.77,32.53,-5.236751099999999,2.0986230999999997,-6.913688249999999,0.5,0.0,2.0,0,ble
person_b_session_01,recovery,high,2026-08-14T21:41:24.389+08:00,1786714884389,right,foot_right_001,2402087,343639829,0.0115,0.0,0.0056,0.0,0.0132,0.0564,31.19,31.86,25.16,32.56,3.8932400499999997,4.069759749999999,-6.7273619,-6.3,-1.0,-1.5,0,ble
person_b_session_01,recovery,high,2026-08-14T21:41:24.396+08:00,1786714884396,left,foot_left_001,2402087,343639829,0.0129,0.0012,0.0178,0.002,0.0054,0.0938,31.25,32.45,31.77,32.5,-5.2563644,2.10842975,-6.874461649999999,0.7,0.3,2.2,0,ble
person_b_session_01,recovery,high,2026-08-14T21:41:24.589+08:00,1786714884589,right,foot_right_001,2402087,343639830,0.0112,0.0,0.0059,0.0,0.0134,0.0574,31.19,31.95,25.16,32.56,3.8834334,4.10898635,-6.7077485999999995,-6.3,-0.9,-1.4,0,ble
person_b_session_01,recovery,high,2026-08-14T21:41:24.596+08:00,1786714884596,left,foot_left_001,2402087,343639830,0.0129,0.001,0.0178,0.002,0.0059,0.0955,31.28,32.45,31.77,32.53,-5.2269444499999995,2.1182364,-6.8450416999999995,0.7,0.2,2.1,0,ble
person_b_session_01,recovery,high,2026-08-14T21:41:24.789+08:00,1786714884789,right,foot_right_001,2402087,343639831,0.0107,0.0,0.0059,0.0,0.0134,0.0593,31.19,31.86,25.16,32.53,3.8834334,4.08937305,-6.73716855,-6.3,-1.1,-1.5,0,ble
person_b_session_01,recovery,high,2026-08-14T21:41:24.796+08:00,1786714884796,left,foot_left_001,2402087,343639831,0.012,0.001,0.0154,0.0017,0.0054,0.0965,31.28,32.45,31.77,32.53,-5.20733115,2.10842975,-6.8450416999999995,0.5,0.2,2.2,0,ble
person_b_session_01,recovery,high,2026-08-14T21:41:24.989+08:00,1786714884989,right,foot_right_001,2402087,343639832,0.011,0.0,0.0059,0.0,0.0137,0.0603,31.16,31.95,25.16,32.56,3.91285335,4.10898635,-6.73716855,-6.4,-0.9,-1.2,0,ble
person_b_session_01,recovery,high,2026-08-14T21:41:24.996+08:00,1786714884996,left,foot_left_001,2402087,343639832,0.0112,0.001,0.0147,0.0015,0.0056,0.0972,31.25,32.45,31.77,32.5,-5.20733115,2.1280430499999996,-6.894074949999999,0.6,0.1,2.1,0,ble
person_b_session_01,recovery,high,2026-08-14T21:41:25.189+08:00,1786714885189,right,foot_right_001,2402087,343639833,0.0107,0.0,0.0061,0.0,0.0137,0.0606,31.16,31.86,25.16,32.53,3.91285335,4.08937305,-6.73716855,-6.4,-0.8,-1.3,0,ble
person_b_session_01,recovery,high,2026-08-14T21:41:25.196+08:00,1786714885196,left,foot_left_001,2402087,343639833,0.0107,0.001,0.0142,0.0015,0.0056,0.0977,31.28,32.45,31.77,32.5,-5.2171378,2.1182364,-6.864655,0.6,0.2,2.1,0,ble
person_b_session_01,recovery,high,2026-08-14T21:41:25.389+08:00,1786714885389,right,foot_right_001,2402087,343639834,0.0107,0.0,0.0063,0.0,0.0137,0.0606,31.19,31.95,25.16,32.56,3.92266,4.0991797,-6.7077485999999995,-6.3,-1.0,-1.4,0,ble
person_b_session_01,recovery,high,2026-08-14T21:41:25.396+08:00,1786714885396,left,foot_left_001,2402087,343639834,0.011,0.0012,0.0147,0.0012,0.0056,0.0974,31.28,32.45,31.77,32.53,-5.20733115,2.10842975,-6.894074949999999,0.6,0.0,2.0,0,ble
person_b_session_01,recovery,high,2026-08-14T21:41:25.589+08:00,1786714885589,right,foot_right_001,2402087,343639835,0.011,0.0,0.0061,0.0002,0.0137,0.0608,31.19,31.86,25.16,32.56,3.9030467,4.08937305,-6.7077485999999995,-6.3,-0.8,-1.3,0,ble
person_b_session_01,recovery,high,2026-08-14T21:41:25.596+08:00,1786714885596,left,foot_left_001,2402087,343639835,0.011,0.0012,0.0147,0.0017,0.0059,0.0974,31.28,32.45,31.77,32.5,-5.2269444499999995,2.10842975,-6.894074949999999,0.7,0.2,2.1,0,ble
person_b_session_01,recovery,high,2026-08-14T21:41:25.789+08:00,1786714885789,right,foot_right_001,2402087,343639836,0.0107,0.0,0.0061,0.0002,0.0137,0.0608,31.19,31.95,25.19,32.56,3.8834334,4.08937305,-6.6881353,-6.3,-0.9,-1.3,0,ble
person_b_session_01,recovery,high,2026-08-14T21:41:25.796+08:00,1786714885796,left,foot_left_001,2402087,343639836,0.0112,0.0012,0.0144,0.0017,0.0059,0.0974,31.28,32.45,31.77,32.53,-5.18771785,2.1182364,-6.9038816,0.6,0.1,2.1,0,ble
person_b_session_01,recovery,high,2026-08-14T21:41:25.989+08:00,1786714885989,right,foot_right_001,2402087,343639837,0.011,0.0,0.0061,0.0002,0.0137,0.0608,31.16,31.86,25.16,32.53,3.92266,4.0991797,-6.7273619,-6.3,-0.9,-1.3,0,ble
person_b_session_01,recovery,high,2026-08-14T21:41:25.996+08:00,1786714885996,left,foot_left_001,2402087,343639837,0.0115,0.0012,0.0144,0.002,0.0059,0.0969,31.28,32.45,31.77,32.53,-5.236751099999999,2.1182364,-6.8450416999999995,0.7,0.0,2.0,0,ble
person_b_session_01,recovery,high,2026-08-14T21:41:26.189+08:00,1786714886189,right,foot_right_001,2402087,343639838,0.011,0.0,0.0061,0.0002,0.0137,0.0603,31.19,31.86,25.16,32.53,3.9030467,4.0795664,-6.69794195,-6.3,-0.8,-1.3,0,ble
person_b_session_01,recovery,high,2026-08-14T21:41:26.196+08:00,1786714886196,left,foot_left_001,2402087,343639838,0.012,0.0012,0.0159,0.0022,0.0059,0.0965,31.28,32.45,31.77,32.5,-5.197524499999999,2.1182364,-6.8450416999999995,0.6,0.0,2.0,0,ble
person_b_session_01,recovery,high,2026-08-14T21:41:26.389+08:00,1786714886389,right,foot_right_001,2402087,343639839,0.011,0.0,0.0056,0.0,0.0139,0.0601,31.19,31.86,25.16,32.56,3.8932400499999997,4.069759749999999,-6.7273619,-6.3,-0.8,-1.3,0,ble
person_b_session_01,recovery,high,2026-08-14T21:41:26.396+08:00,1786714886396,left,foot_left_001,2402087,343639839,0.0125,0.0012,0.0171,0.0024,0.0061,0.0965,31.28,32.45,31.77,32.53,-5.2171378,2.08881645,-6.8842683,0.6,0.3,2.2,0,ble
person_b_session_01,recovery,high,2026-08-14T21:41:26.589+08:00,1786714886589,right,foot_right_001,2402087,343639840,0.0112,0.0,0.0059,0.0,0.0137,0.0574,31.16,31.86,25.16,32.53,3.92266,4.0991797,-6.69794195,-6.8,-0.7,-1.4,0,ble
person_b_session_01,recovery,high,2026-08-14T21:41:26.596+08:00,1786714886596,left,foot_left_001,2402087,343639840,0.0122,0.001,0.0171,0.0022,0.0061,0.0974,31.25,32.45,31.77,32.53,-5.20733115,2.10842975,-6.874461649999999,0.6,0.3,2.1,0,ble
person_b_session_01,recovery,high,2026-08-14T21:41:26.789+08:00,1786714886789,right,foot_right_001,2402087,343639841,0.0107,0.0,0.0056,0.0,0.0127,0.0567,31.19,31.95,25.19,32.56,3.91285335,4.08937305,-6.678328649999999,-6.7,-0.5,-1.1,0,ble
person_b_session_01,recovery,high,2026-08-14T21:41:26.796+08:00,1786714886796,left,foot_left_001,2402087,343639841,0.011,0.001,0.0154,0.0022,0.0063,0.0989,31.25,32.47,31.77,32.5,-5.236751099999999,2.08881645,-6.894074949999999,0.6,0.0,2.0,0,ble
person_b_session_01,recovery,high,2026-08-14T21:41:26.989+08:00,1786714886989,right,foot_right_001,2402087,343639842,0.0117,0.0,0.0044,0.0005,0.0127,0.0454,31.19,31.95,25.19,32.56,3.93246665,4.1482129500000005,-6.678328649999999,-6.3,-1.0,-1.3,0,ble
person_b_session_01,recovery,high,2026-08-14T21:41:26.996+08:00,1786714886996,left,foot_left_001,2402087,343639842,0.0122,0.001,0.0171,0.0022,0.0071,0.0989,31.25,32.47,31.77,32.5,-5.197524499999999,2.1378497,-6.864655,0.7,0.3,2.1,0,ble
person_b_session_01,recovery,high,2026-08-14T21:41:27.189+08:00,1786714887189,right,foot_right_001,2402087,343639843,0.0115,0.0,0.0059,0.0,0.0127,0.0466,31.16,31.86,25.16,32.56,3.9030467,4.10898635,-6.678328649999999,-6.1,-1.1,-1.5,0,ble
person_b_session_01,recovery,high,2026-08-14T21:41:27.196+08:00,1786714887196,left,foot_left_001,2402087,343639843,0.0127,0.001,0.0176,0.0022,0.0068,0.0987,31.25,32.45,31.77,32.5,-5.197524499999999,2.1280430499999996,-6.874461649999999,0.6,-0.2,2.0,0,ble
person_b_session_01,recovery,high,2026-08-14T21:41:27.389+08:00,1786714887389,right,foot_right_001,2402087,343639844,0.0105,0.0,0.0059,0.0002,0.0132,0.0535,31.19,31.86,25.16,32.56,3.8834334,4.0991797,-6.7273619,-6.4,-0.8,-1.2,0,ble
person_b_session_01,recovery,high,2026-08-14T21:41:27.396+08:00,1786714887396,left,foot_left_001,2402087,343639844,0.0117,0.0012,0.0168,0.0024,0.0063,0.0982,31.28,32.45,31.77,32.5,-5.2269444499999995,2.10842975,-6.894074949999999,0.7,-0.1,2.0,0,ble
person_b_session_01,recovery,high,2026-08-14T21:41:27.589+08:00,1786714887589,right,foot_right_001,2402087,343639845,0.0112,0.0,0.0066,0.0,0.0134,0.0542,31.19,31.95,25.16,32.56,3.8932400499999997,4.0991797,-6.69794195,-6.3,-1.0,-1.5,0,ble
person_b_session_01,recovery,high,2026-08-14T21:41:27.596+08:00,1786714887596,left,foot_left_001,2402087,343639845,0.0125,0.0015,0.0176,0.0022,0.0063,0.0955,31.28,32.45,31.77,32.5,-5.236751099999999,2.1182364,-6.874461649999999,0.7,0.1,2.1,0,ble
person_b_session_01,recovery,high,2026-08-14T21:41:27.789+08:00,1786714887789,right,foot_right_001,2402087,343639846,0.0115,0.0002,0.0068,0.0002,0.0139,0.0557,31.16,31.86,25.16,32.53,3.9030467,4.10898635,-6.7273619,-6.0,-1.1,-1.3,0,ble
person_b_session_01,recovery,high,2026-08-14T21:41:27.796+08:00,1786714887796,left,foot_left_001,2402087,343639846,0.0125,0.0012,0.0176,0.0024,0.0061,0.0935,31.25,32.45,31.77,32.5,-5.24655775,2.1280430499999996,-6.854848349999999,0.6,0.0,2.0,0,ble
person_b_session_01,recovery,high,2026-08-14T21:41:27.989+08:00,1786714887989,right,foot_right_001,2402087,343639847,0.0107,0.0,0.0061,0.0,0.0142,0.0576,31.16,31.95,25.11,32.53,3.85401345,4.03053315,-6.7273619,-6.4,-1.1,-1.8,0,ble
person_b_session_01,recovery,high,2026-08-14T21:41:27.996+08:00,1786714887996,left,foot_left_001,2402087,343639847,0.0122,0.0015,0.0154,0.0022,0.0061,0.0955,31.25,32.45,31.77,32.5,-5.2563644,2.1476563499999997,-6.864655,0.7,0.0,2.0,0,ble
person_b_session_01,recovery,high,2026-08-14T21:41:28.189+08:00,1786714888189,right,foot_right_001,2402087,343639848,0.0098,0.0,0.0054,0.0,0.0142,0.0601,31.19,31.86,25.19,32.56,3.93246665,4.08937305,-6.6096821,-6.7,-0.6,-1.3,0,ble
person_b_session_01,recovery,high,2026-08-14T21:41:28.196+08:00,1786714888196,left,foot_left_001,2402087,343639848,0.021,0.0005,0.0134,0.0022,0.0063,0.0913,31.25,32.45,31.77,32.5,-5.28578435,2.157463,-6.8450416999999995,-0.5,-1.4,1.3,0,ble
person_b_session_01,recovery,high,2026-08-14T21:41:28.389+08:00,1786714888389,right,foot_right_001,2402087,343639849,0.0042,0.0,0.0015,0.0,0.0125,0.0596,31.16,31.86,25.16,32.53,3.92266,4.1482129500000005,-6.6489087,-7.1,-0.9,-1.7,0,ble
person_b_session_01,recovery,high,2026-08-14T21:41:28.396+08:00,1786714888396,left,foot_left_001,2402087,343639849,0.0908,0.0044,0.0147,0.0068,0.0037,0.064,31.25,32.45,31.77,32.53,-5.3152042999999995,2.08881645,-6.7862018,0.1,-2.2,0.5,0,ble
person_b_session_01,recovery,high,2026-08-14T21:41:28.589+08:00,1786714888589,right,foot_right_001,2402087,343639850,0.0,0.0,0.0,0.0,0.0144,0.0691,31.16,31.86,25.16,32.53,3.8638201,4.158019599999999,-6.6881353,-7.6,-1.3,-2.3,0,ble
person_b_session_01,recovery,high,2026-08-14T21:41:28.596+08:00,1786714888596,left,foot_left_001,2402087,343639850,0.1976,0.0044,0.0193,0.0112,0.0005,0.0498,31.28,32.45,31.77,32.53,-5.40346415,2.0593964999999996,-6.7862018,0.5,-1.6,1.2,0,ble
person_b_session_01,recovery,high,2026-08-14T21:41:28.789+08:00,1786714888789,right,foot_right_001,2402087,343639851,0.0,0.0,0.0,0.0,0.0188,0.0769,31.19,31.95,25.19,32.53,3.8638201,4.24627945,-6.6881353,-4.8,-1.4,-1.1,0,ble
person_b_session_01,recovery,high,2026-08-14T21:41:28.796+08:00,1786714888796,left,foot_left_001,2402087,343639851,0.2422,0.0046,0.0242,0.0142,0.0,0.0364,31.28,32.45,31.77,32.53,-5.3544309,2.0986230999999997,-6.7273619,0.9,0.0,1.6,0,ble
person_b_session_01,recovery,high,2026-08-14T21:41:28.989+08:00,1786714888989,right,foot_right_001,2402087,343639852,0.0,0.0,0.0,0.0,0.0239,0.0823,31.19,31.86,25.19,32.53,3.85401345,4.10898635,-6.7273619,-5.9,-1.1,-1.5,0,ble
person_b_session_01,recovery,high,2026-08-14T21:41:28.996+08:00,1786714888996,left,foot_left_001,2402087,343639852,0.2606,0.0046,0.0295,0.0164,0.0,0.0239,31.25,32.45,31.77,32.53,-5.42307745,2.0986230999999997,-6.7469752,0.7,0.0,1.6,0,ble
person_b_session_01,recovery,high,2026-08-14T21:41:29.189+08:00,1786714889189,right,foot_right_001,2402087,343639853,0.0,0.0,0.0,0.0,0.0261,0.0899,31.19,31.95,25.19,32.53,3.77556025,4.2364728,-6.69794195,-8.7,-0.9,-2.6,0,ble
person_b_session_01,recovery,high,2026-08-14T21:41:29.196+08:00,1786714889196,left,foot_left_001,2402087,343639853,0.264,0.0034,0.0317,0.0144,0.0,0.0254,31.28,32.45,31.77,32.53,-5.432884099999999,2.06920315,-6.7469752,1.1,0.6,2.1,0,ble
person_b_session_01,recovery,high,2026-08-14T21:41:29.389+08:00,1786714889389,right,foot_right_001,2402087,343639854,0.0,0.0,0.0,0.0,0.0254,0.0974,31.19,31.95,25.19,32.56,3.81478685,4.2168595,-6.678328649999999,-4.8,-0.8,-0.9,0,ble
person_b_session_01,recovery,high,2026-08-14T21:41:29.396+08:00,1786714889396,left,foot_left_001,2402087,343639854,0.2447,0.002,0.0166,0.0103,0.0,0.0405,31.25,32.45,31.77,32.5,-5.374044199999999,2.0986230999999997,-6.7273619,1.0,0.9,2.4,0,ble
person_b_session_01,recovery,high,2026-08-14T21:41:29.589+08:00,1786714889589,right,foot_right_001,2402087,343639855,0.0,0.0,0.0,0.0,0.0247,0.0923,31.19,31.86,25.19,32.53,3.8442068,4.24627945,-6.6881353,-5.0,-1.0,-0.6,0,ble
person_b_session_01,recovery,high,2026-08-14T21:41:29.596+08:00,1786714889596,left,foot_left_001,2402087,343639855,0.2427,0.0044,0.0239,0.0134,0.0,0.044,31.28,32.5,31.77,32.53,-5.3936575,2.0986230999999997,-6.7077485999999995,0.4,-0.2,2.0,0,ble
person_b_session_01,recovery,high,2026-08-14T21:41:29.789+08:00,1786714889789,right,foot_right_001,2402087,343639856,0.0,0.0,0.0,0.0,0.0242,0.0889,31.19,31.95,25.19,32.53,3.8834334,4.2168595,-6.7077485999999995,-6.7,-0.9,-1.2,0,ble
person_b_session_01,recovery,high,2026-08-14T21:41:29.796+08:00,1786714889796,left,foot_left_001,2402087,343639856,0.2486,0.0051,0.0313,0.0134,0.0002,0.0435,31.28,32.5,31.77,32.53,-5.432884099999999,2.1182364,-6.7469752,0.9,0.2,1.9,0,ble
person_b_session_01,recovery,high,2026-08-14T21:41:29.989+08:00,1786714889989,right,foot_right_001,2402087,343639857,0.0,0.0,0.0,0.0,0.023,0.0869,31.19,31.86,25.19,32.59,3.8442068,4.256086099999999,-6.6489087,-6.6,-1.3,-1.3,0,ble
person_b_session_01,recovery,high,2026-08-14T21:41:29.996+08:00,1786714889996,left,foot_left_001,2402087,343639857,0.2567,0.0051,0.0383,0.0176,0.0,0.0418,31.28,32.5,31.77,32.53,-5.413270799999999,2.08881645,-6.7273619,0.8,0.1,1.9,0,ble
person_b_session_01,left_forefoot_high,high,2026-08-14T21:41:30.189+08:00,1786714890189,right,foot_right_001,2402087,343639858,0.0,0.0,0.0,0.0,0.0222,0.085,31.16,31.95,25.16,32.59,3.8638201,4.2364728,-6.6881353,-6.5,-0.7,-1.3,0,ble
person_b_session_01,left_forefoot_high,high,2026-08-14T21:41:30.196+08:00,1786714890196,left,foot_left_001,2402087,343639858,0.2623,0.0054,0.0435,0.0178,0.0002,0.0442,31.28,32.45,31.77,32.53,-5.38385085,2.06920315,-6.7665885,0.7,0.4,2.1,0,ble
person_b_session_01,left_forefoot_high,high,2026-08-14T21:41:30.389+08:00,1786714890389,right,foot_right_001,2402087,343639859,0.0007,0.0,0.0,0.0,0.0215,0.0818,31.16,31.95,25.16,32.53,3.8442068,4.22666615,-6.6096821,-5.8,-0.9,-1.0,0,ble
person_b_session_01,left_forefoot_high,high,2026-08-14T21:41:30.396+08:00,1786714890396,left,foot_left_001,2402087,343639859,0.2674,0.0056,0.0459,0.021,0.0002,0.0452,31.28,32.5,31.77,32.53,-5.40346415,2.08881645,-6.73716855,0.8,0.5,2.1,0,ble
person_b_session_01,left_forefoot_high,high,2026-08-14T21:41:30.589+08:00,1786714890589,right,foot_right_001,2402087,343639860,0.0005,0.0,0.0,0.0,0.0212,0.0784,31.19,31.95,25.19,32.59,3.85401345,4.20705285,-6.6489087,-6.0,-0.9,-1.2,0,ble
person_b_session_01,left_forefoot_high,high,2026-08-14T21:41:30.596+08:00,1786714890596,left,foot_left_001,2402087,343639860,0.2603,0.0056,0.0493,0.0215,0.0002,0.0486,31.28,32.5,31.77,32.53,-5.3642375499999995,2.0986230999999997,-6.73716855,0.7,0.3,2.2,0,ble
person_b_session_01,left_forefoot_high,high,2026-08-14T21:41:30.789+08:00,1786714890789,right,foot_right_001,2402087,343639861,0.0005,0.0,0.0,0.0,0.0212,0.0774,31.16,31.95,25.19,32.56,3.85401345,4.2168595,-6.65871535,-6.4,-0.9,-1.3,0,ble
person_b_session_01,left_forefoot_high,high,2026-08-14T21:41:30.796+08:00,1786714890796,left,foot_left_001,2402087,343639861,0.2598,0.0054,0.0491,0.0217,0.0007,0.051,31.28,32.5,31.83,32.56,-5.3936575,2.0790097999999997,-6.7665885,0.9,0.2,2.1,0,ble
person_b_session_01,left_forefoot_high,high,2026-08-14T21:41:30.989+08:00,1786714890989,right,foot_right_001,2402087,343639862,0.0007,0.0,0.0,0.0,0.0215,0.0799,31.16,31.86,25.19,32.59,3.8638201,4.2168595,-6.6489087,-6.3,-1.0,-1.4,0,ble
person_b_session_01,left_forefoot_high,high,2026-08-14T21:41:30.996+08:00,1786714890996,left,foot_left_001,2402087,343639862,0.2471,0.0046,0.0403,0.0173,0.0007,0.0559,31.28,32.5,31.77,32.53,-5.374044199999999,2.04958985,-6.815621749999999,0.6,0.4,2.5,0,ble
person_b_session_01,left_forefoot_high,high,2026-08-14T21:41:31.189+08:00,1786714891189,right,foot_right_001,2402087,343639863,0.0005,0.0,0.0,0.0,0.0212,0.0801,31.16,31.95,25.19,32.59,3.85401345,4.20705285,-6.6489087,-6.2,-0.9,-1.4,0,ble
person_b_session_01,left_forefoot_high,high,2026-08-14T21:41:31.196+08:00,1786714891196,left,foot_left_001,2402087,343639863,0.2322,0.0034,0.0247,0.0107,0.0002,0.0613,31.25,32.5,31.77,32.53,-5.3936575,2.0790097999999997,-6.756781849999999,0.8,0.3,2.1,0,ble
person_b_session_01,left_forefoot_high,high,2026-08-14T21:41:31.389+08:00,1786714891389,right,foot_right_001,2402087,343639864,0.0002,0.0,0.0,0.0,0.0215,0.0811,31.16,31.95,25.19,32.59,3.8638201,4.22666615,-6.678328649999999,-6.3,-1.0,-1.3,0,ble
person_b_session_01,left_forefoot_high,high,2026-08-14T21:41:31.396+08:00,1786714891396,left,foot_left_001,2402087,343639864,0.2313,0.0032,0.0217,0.0115,0.0002,0.0628,31.25,32.5,31.77,32.53,-5.3642375499999995,2.08881645,-6.776395149999999,0.9,0.3,2.1,0,ble
person_b_session_01,left_forefoot_high,high,2026-08-14T21:41:31.589+08:00,1786714891589,right,foot_right_001,2402087,343639865,0.0005,0.0,0.0,0.0,0.0215,0.0818,31.16,31.95,25.19,32.59,3.8834334,4.2168595,-6.678328649999999,-6.3,-0.9,-1.3,0,ble
person_b_session_01,left_forefoot_high,high,2026-08-14T21:41:31.596+08:00,1786714891596,left,foot_left_001,2402087,343639865,0.2237,0.0024,0.0208,0.0117,0.0,0.0659,31.28,32.5,31.77,32.53,-5.34462425,2.06920315,-6.7665885,0.7,0.3,2.1,0,ble
person_b_session_01,left_forefoot_high,high,2026-08-14T21:41:31.789+08:00,1786714891789,right,foot_right_001,2402087,343639866,0.0005,0.0,0.0,0.0,0.0212,0.0811,31.16,31.95,25.19,32.56,3.85401345,4.2168595,-6.678328649999999,-6.0,-0.8,-1.1,0,ble
person_b_session_01,left_forefoot_high,high,2026-08-14T21:41:31.796+08:00,1786714891796,left,foot_left_001,2402087,343639866,0.2208,0.0032,0.0269,0.0139,0.0,0.064,31.28,32.5,31.77,32.53,-5.3544309,2.0790097999999997,-6.7665885,0.6,-0.1,2.0,0,ble
person_b_session_01,left_forefoot_high,high,2026-08-14T21:41:31.989+08:00,1786714891989,right,foot_right_001,2402087,343639867,0.001,0.0,0.0,0.0,0.0215,0.0806,31.13,31.95,25.19,32.56,3.8638201,4.20705285,-6.639102049999999,-6.0,-1.0,-1.3,0,ble
person_b_session_01,left_forefoot_high,high,2026-08-14T21:41:31.996+08:00,1786714891996,left,foot_left_001,2402087,343639867,0.2259,0.0044,0.033,0.0161,0.0,0.0606,31.28,32.5,31.83,32.53,-5.34462425,2.08881645,-6.7960084499999995,0.7,0.0,2.0,0,ble
person_b_session_01,left_forefoot_high,high,2026-08-14T21:41:32.189+08:00,1786714892189,right,foot_right_001,2402087,343639868,0.001,0.0,0.0,0.0,0.0215,0.0808,31.13,31.86,25.19,32.59,3.8442068,4.22666615,-6.717555249999999,-6.3,-0.9,-1.3,0,ble
person_b_session_01,left_forefoot_high,high,2026-08-14T21:41:32.196+08:00,1786714892196,left,foot_left_001,2402087,343639868,0.2291,0.0046,0.0349,0.0161,0.0,0.0596,31.28,32.5,31.83,32.53,-5.3642375499999995,2.0397832,-6.776395149999999,0.9,0.1,2.0,0,ble
person_b_session_01,left_forefoot_high,high,2026-08-14T21:41:32.389+08:00,1786714892389,right,foot_right_001,2402087,343639869,0.0007,0.0,0.0,0.0,0.0217,0.0818,31.13,31.86,25.16,32.56,3.8442068,4.1972461999999995,-6.6292954,-6.3,-1.0,-1.3,0,ble
person_b_session_01,left_forefoot_high,high,2026-08-14T21:41:32.396+08:00,1786714892396,left,foot_left_001,2402087,343639869,0.2254,0.0046,0.0342,0.0171,0.0,0.064,31.28,32.5,31.77,32.53,-5.34462425,2.06920315,-6.8058151,0.7,0.3,2.2,0,ble
person_b_session_01,left_forefoot_high,high,2026-08-14T21:41:32.589+08:00,1786714892589,right,foot_right_001,2402087,343639870,0.0005,0.0,0.0,0.0,0.0217,0.0823,31.13,31.95,25.19,32.59,3.8638201,4.22666615,-6.6881353,-6.2,-1.0,-1.3,0,ble
person_b_session_01,left_forefoot_high,high,2026-08-14T21:41:32.596+08:00,1786714892596,left,foot_left_001,2402087,343639870,0.2056,0.0032,0.0295,0.0147,0.0,0.0674,31.28,32.5,31.77,32.53,-5.3642375499999995,2.0986230999999997,-6.7862018,0.9,0.4,2.2,0,ble
person_b_session_01,left_forefoot_high,high,2026-08-14T21:41:32.789+08:00,1786714892789,right,foot_right_001,2402087,343639871,0.0007,0.0,0.0,0.0,0.022,0.0823,31.16,31.95,25.19,32.59,3.8638201,4.22666615,-6.69794195,-6.1,-0.9,-1.2,0,ble
person_b_session_01,left_forefoot_high,high,2026-08-14T21:41:32.796+08:00,1786714892796,left,foot_left_001,2402087,343639871,0.2054,0.0029,0.0249,0.0142,0.0,0.0679,31.25,32.5,31.77,32.53,-5.334817599999999,2.0790097999999997,-6.7960084499999995,0.6,0.2,2.0,0,ble
person_b_session_01,left_forefoot_high,high,2026-08-14T21:41:32.989+08:00,1786714892989,right,foot_right_001,2402087,343639872,0.001,0.0,0.0,0.0,0.0215,0.0806,31.16,31.95,25.19,32.62,3.8442068,4.20705285,-6.6881353,-6.0,-0.9,-1.2,0,ble
person_b_session_01,left_forefoot_high,high,2026-08-14T21:41:32.996+08:00,1786714892996,left,foot_left_001,2402087,343639872,0.2044,0.0032,0.0327,0.0168,0.0,0.0669,31.28,32.5,31.83,32.53,-5.3642375499999995,2.0397832,-6.8058151,0.8,-0.3,1.8,0,ble
person_b_session_01,left_forefoot_high,high,2026-08-14T21:41:33.189+08:00,1786714893189,right,foot_right_001,2402087,343639873,0.0012,0.0,0.0,0.0,0.0212,0.0796,31.13,31.95,25.19,32.62,3.8442068,4.1972461999999995,-6.678328649999999,-6.1,-0.8,-1.2,0,ble
person_b_session_01,left_forefoot_high,high,2026-08-14T21:41:33.196+08:00,1786714893196,left,foot_left_001,2402087,343639873,0.2095,0.0042,0.0408,0.0161,0.0,0.0603,31.28,32.45,31.77,32.53,-5.34462425,2.0397832,-6.8058151,0.6,-0.2,1.8,0,ble
person_b_session_01,left_forefoot_high,high,2026-08-14T21:41:33.389+08:00,1786714893389,right,foot_right_001,2402087,343639874,0.0015,0.0,0.0,0.0,0.0215,0.0764,31.13,31.95,25.19,32.59,3.8049802,4.256086099999999,-6.7273619,-5.4,-1.1,-1.0,0,ble
person_b_session_01,left_forefoot_high,high,2026-08-14T21:41:33.396+08:00,1786714893396,left,foot_left_001,2402087,343639874,0.2083,0.0046,0.0454,0.021,0.0002,0.0569,31.28,32.5,31.83,32.53,-5.3152042999999995,2.0790097999999997,-6.8254284,0.4,0.0,2.0,0,ble
person_b_session_01,left_forefoot_high,high,2026-08-14T21:41:33.589+08:00,1786714893589,right,foot_right_001,2402087,343639875,0.0015,0.0,0.0,0.0,0.021,0.0733,31.13,31.95,25.19,32.62,3.9030467,4.1482129500000005,-6.668522,-5.6,-0.9,-0.9,0,ble
person_b_session_01,left_forefoot_high,high,2026-08-14T21:41:33.596+08:00,1786714893596,left,foot_left_001,2402087,343639875,0.2073,0.0049,0.0513,0.0222,0.0007,0.0552,31.28,32.5,31.77,32.53,-5.3642375499999995,2.1182364,-6.7665885,0.4,0.1,2.1,0,ble
person_b_session_01,left_forefoot_high,high,2026-08-14T21:41:33.789+08:00,1786714893789,right,foot_right_001,2402087,343639876,0.0015,0.0,0.0,0.0,0.0212,0.0713,31.13,31.95,25.19,32.65,3.8442068,4.08937305,-6.69794195,-6.3,-0.8,-1.3,0,ble
person_b_session_01,left_forefoot_high,high,2026-08-14T21:41:33.796+08:00,1786714893796,left,foot_left_001,2402087,343639876,0.2049,0.0056,0.0523,0.0217,0.001,0.0518,31.28,32.5,31.77,32.53,-5.374044199999999,2.0986230999999997,-6.7665885,0.5,0.1,2.1,0,ble
person_b_session_01,left_forefoot_high,high,2026-08-14T21:41:33.989+08:00,1786714893989,right,foot_right_001,2402087,343639877,0.0015,0.0,0.0005,0.0,0.0215,0.0694,31.13,31.95,25.19,32.62,3.8834334,4.118792999999999,-6.73716855,-5.6,-0.8,-1.1,0,ble
person_b_session_01,left_forefoot_high,high,2026-08-14T21:41:33.996+08:00,1786714893996,left,foot_left_001,2402087,343639877,0.2037,0.0061,0.0545,0.023,0.001,0.0486,31.28,32.5,31.77,32.56,-5.3544309,2.0593964999999996,-6.7960084499999995,0.5,0.0,2.0,0,ble
person_b_session_01,left_forefoot_high,high,2026-08-14T21:41:34.189+08:00,1786714894189,right,foot_right_001,2402087,343639878,0.0024,0.0005,0.0024,0.0,0.022,0.0698,31.1,31.95,25.19,32.59,3.8834334,4.1384063,-6.73716855,-6.4,-1.1,-1.5,0,ble
person_b_session_01,left_forefoot_high,high,2026-08-14T21:41:34.196+08:00,1786714894196,left,foot_left_001,2402087,343639878,0.1944,0.0061,0.0564,0.0222,0.001,0.0491,31.28,32.5,31.83,32.56,-5.3642375499999995,2.08881645,-6.7960084499999995,0.8,0.3,2.1,0,ble
person_b_session_01,left_forefoot_high,high,2026-08-14T21:41:34.389+08:00,1786714894389,right,foot_right_001,2402087,343639879,0.0022,0.0,0.0012,0.0,0.0215,0.0755,31.13,31.95,25.19,32.59,3.8442068,4.158019599999999,-6.678328649999999,-6.6,-0.9,-1.4,0,ble
person_b_session_01,left_forefoot_high,high,2026-08-14T21:41:34.396+08:00,1786714894396,left,foot_left_001,2402087,343639879,0.1814,0.0056,0.0515,0.0193,0.0007,0.0564,31.28,32.5,31.83,32.56,-5.32501095,2.08881645,-6.7469752,0.9,0.7,2.5,0,ble
person_b_session_01,left_forefoot_high,high,2026-08-14T21:41:34.589+08:00,1786714894589,right,foot_right_001,2402087,343639880,0.002,0.0,0.0,0.0,0.021,0.0794,31.1,31.95,25.19,32.59,3.87362675,4.18743955,-6.6881353,-6.3,-0.9,-1.4,0,ble
person_b_session_01,left_forefoot_high,high,2026-08-14T21:41:34.596+08:00,1786714894596,left,foot_left_001,2402087,343639880,0.1604,0.0049,0.0447,0.0173,0.0007,0.063,31.28,32.5,31.77,32.53,-5.34462425,2.0790097999999997,-6.7960084499999995,0.6,0.4,2.2,0,ble
person_b_session_01,left_forefoot_high,high,2026-08-14T21:41:34.789+08:00,1786714894789,right,foot_right_001,2402087,343639881,0.002,0.0,0.0,0.0,0.0205,0.0796,31.13,31.95,25.19,32.62,3.87362675,4.1482129500000005,-6.6881353,-6.5,-0.6,-1.2,0,ble
person_b_session_01,left_forefoot_high,high,2026-08-14T21:41:34.796+08:00,1786714894796,left,foot_left_001,2402087,343639881,0.1582,0.0046,0.0444,0.0181,0.0005,0.0662,31.25,32.5,31.77,32.53,-5.32501095,2.08881645,-6.815621749999999,0.7,0.2,2.1,0,ble
person_b_session_01,left_forefoot_high,high,2026-08-14T21:41:34.989+08:00,1786714894989,right,foot_right_001,2402087,343639882,0.002,0.0,0.0,0.0,0.0193,0.0789,31.13,31.92,25.19,32.62,3.87362675,4.1482129500000005,-6.668522,-6.3,-0.9,-1.3,0,ble
person_b_session_01,left_forefoot_high,high,2026-08-14T21:41:34.996+08:00,1786714894996,left,foot_left_001,2402087,343639882,0.1675,0.0046,0.0449,0.0183,0.001,0.0669,31.28,32.5,31.83,32.56,-5.32501095,2.0986230999999997,-6.756781849999999,0.6,0.1,2.0,0,ble
person_b_session_01,left_forefoot_high,high,2026-08-14T21:41:35.189+08:00,1786714895189,right,foot_right_001,2402087,343639883,0.002,0.0,0.0,0.0,0.019,0.0774,31.16,31.95,25.19,32.62,3.8834334,4.1384063,-6.6881353,-6.2,-0.9,-1.3,0,ble
person_b_session_01,left_forefoot_high,high,2026-08-14T21:41:35.196+08:00,1786714895196,left,foot_left_001,2402087,343639883,0.1709,0.0046,0.0464,0.019,0.0007,0.0679,31.28,32.5,31.83,32.56,-5.3544309,2.06920315,-6.7862018,0.6,0.0,2.0,0,ble
person_b_session_01,left_forefoot_high,high,2026-08-14T21:41:35.389+08:00,1786714895389,right,foot_right_001,2402087,343639884,0.0024,0.0,0.0,0.0,0.019,0.0772,31.13,31.95,25.19,32.62,3.8932400499999997,4.158019599999999,-6.65871535,-6.2,-0.9,-1.3,0,ble
person_b_session_01,left_forefoot_high,high,2026-08-14T21:41:35.396+08:00,1786714895396,left,foot_left_001,2402087,343639884,0.1734,0.0049,0.0488,0.0203,0.0007,0.0684,31.28,32.5,31.83,32.56,-5.34462425,2.06920315,-6.815621749999999,0.6,0.0,2.0,0,ble
person_b_session_01,left_forefoot_high,high,2026-08-14T21:41:35.589+08:00,1786714895589,right,foot_right_001,2402087,343639885,0.0024,0.0,0.0002,0.0,0.0195,0.0772,31.13,31.95,25.19,32.62,3.8638201,4.1482129500000005,-6.678328649999999,-6.2,-1.0,-1.3,0,ble
person_b_session_01,left_forefoot_high,high,2026-08-14T21:41:35.596+08:00,1786714895596,left,foot_left_001,2402087,343639885,0.1756,0.0049,0.0505,0.0212,0.0007,0.0679,31.28,32.5,31.83,32.56,-5.3152042999999995,2.06920315,-6.8254284,0.6,0.1,2.1,0,ble
person_b_session_01,left_forefoot_high,high,2026-08-14T21:41:35.789+08:00,1786714895789,right,foot_right_001,2402087,343639886,0.0027,0.0,0.0005,0.0,0.0203,0.0759,31.13,31.95,25.19,32.62,3.8834334,4.1482129500000005,-6.7273619,-6.4,-0.9,-1.4,0,ble
person_b_session_01,left_forefoot_high,high,2026-08-14T21:41:35.796+08:00,1786714895796,left,foot_left_001,2402087,343639886,0.1766,0.0051,0.0549,0.0222,0.0007,0.0652,31.28,32.5,31.77,32.53,-5.32501095,2.08881645,-6.7862018,0.7,0.0,2.0,0,ble
person_b_session_01,left_forefoot_high,high,2026-08-14T21:41:35.989+08:00,1786714895989,right,foot_right_001,2402087,343639887,0.0029,0.0,0.0007,0.0,0.0212,0.0764,31.13,31.95,25.19,32.62,3.85401345,4.1482129500000005,-6.717555249999999,-6.3,-1.0,-1.4,0,ble
person_b_session_01,left_forefoot_high,high,2026-08-14T21:41:35.996+08:00,1786714895996,left,foot_left_001,2402087,343639887,0.1778,0.0051,0.0576,0.0227,0.0007,0.0642,31.28,32.5,31.83,32.53,-5.295590999999999,2.0790097999999997,-6.7469752,0.5,0.1,2.2,0,ble
person_b_session_01,left_forefoot_high,high,2026-08-14T21:41:36.189+08:00,1786714896189,right,foot_right_001,2402087,343639888,0.0024,0.0,0.0002,0.0,0.0212,0.0777,31.13,31.95,25.19,32.62,3.8638201,4.16782625,-6.69794195,-6.3,-1.0,-1.4,0,ble
person_b_session_01,left_forefoot_high,high,2026-08-14T21:41:36.196+08:00,1786714896196,left,foot_left_001,2402087,343639888,0.1807,0.0054,0.0581,0.0212,0.001,0.0642,31.28,32.5,31.77,32.53,-5.30539765,2.04958985,-6.7862018,0.7,0.2,2.1,0,ble
person_b_session_01,left_forefoot_high,high,2026-08-14T21:41:36.389+08:00,1786714896389,right,foot_right_001,2402087,343639889,0.0024,0.0,0.0002,0.0,0.021,0.0799,31.13,31.95,25.19,32.59,3.85401345,4.16782625,-6.69794195,-6.7,-0.9,-1.5,0,ble
person_b_session_01,left_forefoot_high,high,2026-08-14T21:41:36.396+08:00,1786714896396,left,foot_left_001,2402087,343639889,0.1819,0.0051,0.0574,0.022,0.0007,0.0659,31.28,32.5,31.83,32.56,-5.32501095,2.0103632499999997,-6.7665885,0.8,0.1,2.1,0,ble
person_b_session_01,left_forefoot_high,high,2026-08-14T21:41:36.589+08:00,1786714896589,right,foot_right_001,2402087,343639890,0.002,0.0,0.0,0.0,0.0208,0.0803,31.13,31.95,25.19,32.62,3.92266,4.1972461999999995,-6.5704555000000004,-6.1,-0.9,-1.4,0,ble
person_b_session_01,left_forefoot_high,high,2026-08-14T21:41:36.596+08:00,1786714896596,left,foot_left_001,2402087,343639890,0.1766,0.0049,0.0513,0.0203,0.0007,0.0691,31.28,32.5,31.83,32.53,-5.3544309,2.06920315,-6.7665885,0.6,0.0,2.0,0,ble
person_b_session_01,left_forefoot_high,high,2026-08-14T21:41:36.789+08:00,1786714896789,right,foot_right_001,2402087,343639891,0.002,0.0,0.0,0.0,0.02,0.0806,31.13,31.95,25.19,32.59,3.8638201,4.1776329,-6.717555249999999,-6.4,-0.8,-1.3,0,ble
person_b_session_01,left_forefoot_high,high,2026-08-14T21:41:36.796+08:00,1786714896796,left,foot_left_001,2402087,343639891,0.1785,0.0046,0.0498,0.0208,0.0007,0.0701,31.28,32.5,31.83,32.56,-5.3152042999999995,2.08881645,-6.7862018,0.8,0.2,2.1,0,ble
person_b_session_01,left_forefoot_high,high,2026-08-14T21:41:36.989+08:00,1786714896989,right,foot_right_001,2402087,343639892,0.002,0.0,0.0,0.0,0.0195,0.0799,31.1,31.86,25.19,32.56,3.83440015,4.1384063,-6.7273619,-6.0,-1.0,-1.3,0,ble
person_b_session_01,left_forefoot_high,high,2026-08-14T21:41:36.996+08:00,1786714896996,left,foot_left_001,2402087,343639892,0.1807,0.0049,0.0508,0.0212,0.001,0.0703,31.28,32.5,31.83,32.56,-5.34462425,2.0397832,-6.776395149999999,0.6,0.0,2.0,0,ble
person_b_session_01,left_forefoot_high,high,2026-08-14T21:41:37.189+08:00,1786714897189,right,foot_right_001,2402087,343639893,0.002,0.0,0.0,0.0,0.019,0.0796,31.1,31.86,25.16,32.56,3.8834334,4.158019599999999,-6.69794195,-6.3,-0.8,-1.2,0,ble
person_b_session_01,left_forefoot_high,high,2026-08-14T21:41:37.196+08:00,1786714897196,left,foot_left_001,2402087,343639893,0.1819,0.0051,0.052,0.0217,0.001,0.0706,31.28,32.5,31.83,32.53,-5.32501095,2.0790097999999997,-6.8058151,0.7,0.1,2.1,0,ble
person_b_session_01,left_forefoot_high,high,2026-08-14T21:41:37.389+08:00,1786714897389,right,foot_right_001,2402087,343639894,0.0022,0.0,0.0,0.0,0.0188,0.0794,31.13,31.95,25.19,32.62,3.8638201,4.16782625,-6.73716855,-6.3,-0.9,-1.3,0,ble
person_b_session_01,left_forefoot_high,high,2026-08-14T21:41:37.396+08:00,1786714897396,left,foot_left_001,2402087,343639894,0.1834,0.0051,0.0527,0.022,0.001,0.0701,31.28,32.5,31.83,32.53,-5.3152042999999995,2.08881645,-6.854848349999999,0.6,0.1,2.0,0,ble
person_b_session_01,left_forefoot_high,high,2026-08-14T21:41:37.589+08:00,1786714897589,right,foot_right_001,2402087,343639895,0.0022,0.0,0.0,0.0,0.0195,0.0799,31.1,31.95,25.19,32.62,3.87362675,4.158019599999999,-6.668522,-6.2,-0.9,-1.4,0,ble
person_b_session_01,left_forefoot_high,high,2026-08-14T21:41:37.596+08:00,1786714897596,left,foot_left_001,2402087,343639895,0.1836,0.0051,0.053,0.0222,0.0007,0.0703,31.25,32.45,31.77,32.53,-5.32501095,2.08881645,-6.8058151,0.7,0.2,2.1,0,ble
person_b_session_01,left_forefoot_high,high,2026-08-14T21:41:37.789+08:00,1786714897789,right,foot_right_001,2402087,343639896,0.0024,0.0,0.0,0.0,0.0198,0.0796,31.1,31.95,25.19,32.59,3.8932400499999997,4.158019599999999,-6.6881353,-6.4,-0.8,-1.3,0,ble
person_b_session_01,left_forefoot_high,high,2026-08-14T21:41:37.796+08:00,1786714897796,left,foot_left_001,2402087,343639896,0.1853,0.0051,0.0532,0.0225,0.001,0.0703,31.28,32.5,31.83,32.53,-5.334817599999999,2.0593964999999996,-6.8058151,0.6,0.0,1.9,0,ble
person_b_session_01,left_forefoot_high,high,2026-08-14T21:41:37.989+08:00,1786714897989,right,foot_right_001,2402087,343639897,0.0024,0.0,0.0,0.0,0.02,0.0796,31.13,31.95,25.19,32.59,3.9030467,4.12859965,-6.717555249999999,-6.3,-0.6,-1.1,0,ble
person_b_session_01,left_forefoot_high,high,2026-08-14T21:41:37.996+08:00,1786714897996,left,foot_left_001,2402087,343639897,0.1863,0.0056,0.0537,0.0225,0.001,0.0701,31.28,32.5,31.83,32.56,-5.3642375499999995,2.06920315,-6.8058151,0.6,0.0,2.0,0,ble
person_b_session_01,left_forefoot_high,high,2026-08-14T21:41:38.189+08:00,1786714898189,right,foot_right_001,2402087,343639898,0.0034,0.0,0.0,0.0,0.0203,0.0799,31.1,31.86,25.19,32.59,3.87362675,4.1776329,-6.65871535,-6.1,-1.0,-1.3,0,ble
person_b_session_01,left_forefoot_high,high,2026-08-14T21:41:38.196+08:00,1786714898196,left,foot_left_001,2402087,343639898,0.1858,0.0056,0.0545,0.0225,0.001,0.0701,31.28,32.5,31.83,32.56,-5.32501095,2.0593964999999996,-6.8058151,0.6,0.1,2.0,0,ble
person_b_session_01,left_forefoot_high,high,2026-08-14T21:41:38.389+08:00,1786714898389,right,foot_right_001,2402087,343639899,0.0032,0.0,0.0005,0.0,0.0203,0.0796,31.13,31.95,25.19,32.62,3.8442068,4.18743955,-6.668522,-6.2,-0.9,-1.3,0,ble
person_b_session_01,left_forefoot_high,high,2026-08-14T21:41:38.396+08:00,1786714898396,left,foot_left_001,2402087,343639899,0.1866,0.0056,0.0567,0.021,0.001,0.0691,31.28,32.5,31.77,32.53,-5.32501095,2.08881645,-6.815621749999999,0.7,0.2,2.0,0,ble
person_b_session_01,left_forefoot_high,high,2026-08-14T21:41:38.589+08:00,1786714898589,right,foot_right_001,2402087,343639900,0.0037,0.0,0.0005,0.0,0.02,0.0799,31.13,31.95,25.19,32.62,3.8834334,4.18743955,-6.6881353,-6.3,-0.9,-1.4,0,ble
person_b_session_01,left_forefoot_high,high,2026-08-14T21:41:38.596+08:00,1786714898596,left,foot_left_001,2402087,343639900,0.1873,0.0054,0.0579,0.0205,0.0012,0.0689,31.28,32.5,31.83,32.56,-5.34462425,2.06920315,-6.7960084499999995,0.6,0.2,2.0,0,ble
person_b_session_01,left_forefoot_high,high,2026-08-14T21:41:38.789+08:00,1786714898789,right,foot_right_001,2402087,343639901,0.0039,0.0,0.0007,0.0,0.02,0.0799,31.1,31.95,25.19,32.62,3.8834334,4.158019599999999,-6.7273619,-6.3,-0.9,-1.4,0,ble
person_b_session_01,left_forefoot_high,high,2026-08-14T21:41:38.796+08:00,1786714898796,left,foot_left_001,2402087,343639901,0.1849,0.0056,0.0579,0.0217,0.001,0.0698,31.28,32.45,31.83,32.56,-5.3642375499999995,2.0397832,-6.7665885,0.6,0.1,2.1,0,ble
person_b_session_01,left_forefoot_high,high,2026-08-14T21:41:38.989+08:00,1786714898989,right,foot_right_001,2402087,343639902,0.0037,0.0,0.0005,0.0,0.02,0.0801,31.1,31.95,25.19,32.59,3.8834334,4.1776329,-6.6881353,-6.3,-0.9,-1.5,0,ble
person_b_session_01,left_forefoot_high,high,2026-08-14T21:41:38.996+08:00,1786714898996,left,foot_left_001,2402087,343639902,0.1817,0.0054,0.0564,0.0217,0.001,0.0713,31.28,32.5,31.83,32.56,-5.3152042999999995,2.0201699,-6.815621749999999,0.7,0.3,2.1,0,ble
person_b_session_01,left_forefoot_high,high,2026-08-14T21:41:39.189+08:00,1786714899189,right,foot_right_001,2402087,343639903,0.0027,0.0,0.0,0.0,0.0198,0.0801,31.13,31.95,25.19,32.65,3.8638201,4.1384063,-6.6489087,-6.6,-0.8,-1.5,0,ble
person_b_session_01,left_forefoot_high,high,2026-08-14T21:41:39.196+08:00,1786714899196,left,foot_left_001,2402087,343639903,0.1702,0.0046,0.051,0.02,0.001,0.0728,31.28,32.5,31.83,32.56,-5.32501095,2.04958985,-6.8254284,0.8,0.3,2.2,0,ble
person_b_session_01,left_forefoot_high,high,2026-08-14T21:41:39.389+08:00,1786714899389,right,foot_right_001,2402087,343639904,0.0022,0.0,0.0,0.0,0.019,0.0801,31.1,31.95,25.19,32.62,3.8638201,4.1776329,-6.65871535,-6.3,-1.0,-1.3,0,ble
person_b_session_01,left_forefoot_high,high,2026-08-14T21:41:39.396+08:00,1786714899396,left,foot_left_001,2402087,343639904,0.1709,0.0044,0.0493,0.0183,0.001,0.0728,31.28,32.5,31.83,32.56,-5.30539765,2.06920315,-6.8254284,0.8,0.2,2.1,0,ble
person_b_session_01,left_forefoot_high,high,2026-08-14T21:41:39.589+08:00,1786714899589,right,foot_right_001,2402087,343639905,0.0024,0.0,0.0,0.0,0.0188,0.0799,31.1,31.95,25.19,32.59,3.8932400499999997,4.16782625,-6.6881353,-6.1,-0.9,-1.3,0,ble
person_b_session_01,left_forefoot_high,high,2026-08-14T21:41:39.596+08:00,1786714899596,left,foot_left_001,2402087,343639905,0.1761,0.0049,0.0523,0.0203,0.0007,0.0713,31.28,32.5,31.83,32.56,-5.32501095,2.04958985,-6.7960084499999995,0.5,0.1,2.0,0,ble
person_b_session_01,left_forefoot_high,high,2026-08-14T21:41:39.789+08:00,1786714899789,right,foot_right_001,2402087,343639906,0.0024,0.0,0.0,0.0,0.0193,0.0784,31.1,31.95,25.19,32.62,3.8638201,4.1482129500000005,-6.69794195,-6.2,-0.9,-1.3,0,ble
person_b_session_01,left_forefoot_high,high,2026-08-14T21:41:39.796+08:00,1786714899796,left,foot_left_001,2402087,343639906,0.1788,0.0049,0.0542,0.0217,0.0007,0.0696,31.28,32.5,31.83,32.56,-5.334817599999999,2.06920315,-6.854848349999999,0.6,0.1,1.9,0,ble
person_b_session_01,left_forefoot_high,high,2026-08-14T21:41:39.989+08:00,1786714899989,right,foot_right_001,2402087,343639907,0.0027,0.0,0.0,0.0,0.02,0.0799,31.08,31.86,25.19,32.59,3.8638201,4.16782625,-6.639102049999999,-6.3,-1.0,-1.4,0,ble
person_b_session_01,left_forefoot_high,high,2026-08-14T21:41:39.996+08:00,1786714899996,left,foot_left_001,2402087,343639907,0.1795,0.0051,0.0557,0.0212,0.0007,0.0689,31.28,32.5,31.83,32.56,-5.30539765,2.06920315,-6.776395149999999,0.6,-0.1,2.1,0,ble
person_b_session_01,left_forefoot_high,high,2026-08-14T21:41:40.189+08:00,1786714900189,right,foot_right_001,2402087,343639908,0.0037,0.0,0.0,0.0,0.0203,0.0801,31.08,31.86,25.19,32.62,3.87362675,4.1776329,-6.6194887499999995,-6.0,-1.0,-1.2,0,ble
person_b_session_01,left_forefoot_high,high,2026-08-14T21:41:40.196+08:00,1786714900196,left,foot_left_001,2402087,343639908,0.1797,0.0054,0.0569,0.0208,0.0007,0.0669,31.28,32.5,31.83,32.56,-5.30539765,2.0790097999999997,-6.8254284,0.7,0.2,2.1,0,ble
person_b_session_01,left_forefoot_high,high,2026-08-14T21:41:40.389+08:00,1786714900389,right,foot_right_001,2402087,343639909,0.0044,0.0,0.0005,0.0,0.0205,0.0762,31.08,31.86,25.19,32.59,3.87362675,4.1482129500000005,-6.668522,-5.9,-0.9,-1.2,0,ble
person_b_session_01,left_forefoot_high,high,2026-08-14T21:41:40.396+08:00,1786714900396,left,foot_left_001,2402087,343639909,0.1819,0.0056,0.0593,0.022,0.0007,0.0625,31.28,32.45,31.83,32.56,-5.3544309,2.04958985,-6.8254284,0.5,-0.1,2.0,0,ble
person_b_session_01,left_forefoot_high,high,2026-08-14T21:41:40.589+08:00,1786714900589,right,foot_right_001,2402087,343639910,0.0042,0.0,0.0005,0.0,0.0203,0.073,31.08,31.86,25.19,32.59,3.85401345,4.1482129500000005,-6.7273619,-6.2,-0.9,-1.2,0,ble
person_b_session_01,left_forefoot_high,high,2026-08-14T21:41:40.596+08:00,1786714900596,left,foot_left_001,2402087,343639910,0.1851,0.0056,0.0618,0.0249,0.0007,0.0581,31.28,32.5,31.83,32.56,-5.32501095,2.0593964999999996,-6.815621749999999,0.5,0.0,2.0,0,ble
person_b_session_01,left_forefoot_high,high,2026-08-14T21:41:40.789+08:00,1786714900789,right,foot_right_001,2402087,343639911,0.0034,0.0005,0.0015,0.0,0.0205,0.0694,31.08,31.86,25.19,32.62,3.8442068,4.12859965,-6.7077485999999995,-6.0,-1.0,-1.2,0,ble
person_b_session_01,left_forefoot_high,high,2026-08-14T21:41:40.796+08:00,1786714900796,left,foot_left_001,2402087,343639911,0.1849,0.0059,0.0645,0.0227,0.0007,0.0559,31.28,32.5,31.83,32.56,-5.3642375499999995,2.0593964999999996,-6.7960084499999995,0.6,0.0,2.1,0,ble
person_b_session_01,left_forefoot_high,high,2026-08-14T21:41:40.989+08:00,1786714900989,right,foot_right_001,2402087,343639912,0.0042,0.0005,0.0015,0.0,0.0198,0.0696,31.1,31.86,25.19,32.59,3.8442068,4.1384063,-6.678328649999999,-6.3,-1.0,-1.4,0,ble
person_b_session_01,left_forefoot_high,high,2026-08-14T21:41:40.996+08:00,1786714900996,left,foot_left_001,2402087,343639912,0.1819,0.0059,0.0652,0.0242,0.001,0.0564,31.28,32.5,31.83,32.56,-5.334817599999999,2.0201699,-6.7960084499999995,0.7,0.1,2.1,0,ble
person_b_session_01,left_forefoot_high,high,2026-08-14T21:41:41.189+08:00,1786714901189,right,foot_right_001,2402087,343639913,0.0042,0.0005,0.0015,0.0,0.0198,0.0718,31.1,31.95,25.19,32.62,3.87362675,4.158019599999999,-6.6881353,-6.3,-0.8,-1.4,0,ble
person_b_session_01,left_forefoot_high,high,2026-08-14T21:41:41.196+08:00,1786714901196,left,foot_left_001,2402087,343639913,0.1827,0.0061,0.0654,0.0242,0.0007,0.0569,31.28,32.5,31.83,32.56,-5.3642375499999995,2.0593964999999996,-6.7862018,0.7,0.2,2.1,0,ble
person_b_session_01,left_forefoot_high,high,2026-08-14T21:41:41.389+08:00,1786714901389,right,foot_right_001,2402087,343639914,0.0039,0.0002,0.0012,0.0,0.02,0.0725,31.1,31.95,25.19,32.59,3.8834334,4.12859965,-6.7273619,-6.4,-0.9,-1.4,0,ble
person_b_session_01,left_forefoot_high,high,2026-08-14T21:41:41.396+08:00,1786714901396,left,foot_left_001,2402087,343639914,0.1824,0.0061,0.0652,0.0244,0.0007,0.0576,31.28,32.5,31.83,32.56,-5.3152042999999995,2.0790097999999997,-6.776395149999999,0.7,0.2,2.0,0,ble
person_b_session_01,left_forefoot_high,high,2026-08-14T21:41:41.589+08:00,1786714901589,right,foot_right_001,2402087,343639915,0.0034,0.0,0.0007,0.0,0.02,0.0737,31.1,31.95,25.19,32.65,3.8638201,4.118792999999999,-6.6489087,-6.4,-1.0,-1.4,0,ble
person_b_session_01,left_forefoot_high,high,2026-08-14T21:41:41.596+08:00,1786714901596,left,foot_left_001,2402087,343639915,0.1812,0.0061,0.0645,0.0244,0.001,0.0593,31.28,32.5,31.83,32.56,-5.34462425,2.06920315,-6.776395149999999,0.6,0.3,2.0,0,ble
person_b_session_01,left_forefoot_high,high,2026-08-14T21:41:41.765+08:00,1786714901765,left,foot_left_001,2402087,343639916,0.1792,0.0059,0.0623,0.0227,0.001,0.0611,31.28,32.5,31.83,32.56,-5.32501095,2.04958985,-6.8254284,0.7,0.3,2.2,0,ble
person_b_session_01,left_forefoot_high,high,2026-08-14T21:41:41.789+08:00,1786714901789,right,foot_right_001,2402087,343639916,0.0024,0.0,0.0002,0.0,0.02,0.0759,31.08,31.95,25.19,32.62,3.87362675,4.1776329,-6.7273619,-6.5,-1.0,-1.5,0,ble
person_b_session_01,left_forefoot_high,high,2026-08-14T21:41:41.989+08:00,1786714901989,right,foot_right_001,2402087,343639917,0.002,0.0,0.0,0.0,0.02,0.0774,31.1,31.86,25.19,32.65,3.8638201,4.1482129500000005,-6.6881353,-6.5,-0.8,-1.4,0,ble
person_b_session_01,left_forefoot_high,high,2026-08-14T21:41:41.995+08:00,1786714901995,left,foot_left_001,2402087,343639917,0.1761,0.0056,0.0596,0.0222,0.001,0.0657,31.28,32.5,31.83,32.56,-5.099457999999999,2.38301595,-6.12915625,1.2,0.3,2.3,0,ble
person_b_session_01,left_forefoot_high,high,2026-08-14T21:41:42.189+08:00,1786714902189,right,foot_right_001,2402087,343639918,0.002,0.0,0.0,0.0,0.02,0.0789,31.13,31.92,25.19,32.65,3.87362675,4.1482129500000005,-6.7077485999999995,-6.2,-1.0,-1.4,0,ble
person_b_session_01,left_forefoot_high,high,2026-08-14T21:41:42.195+08:00,1786714902195,left,foot_left_001,2402087,343639918,0.1741,0.0054,0.0586,0.022,0.001,0.0674,31.28,32.5,31.83,32.56,-5.874183349999999,1.7553903499999999,-7.9433865,0.8,0.0,3.1,0,ble
person_b_session_01,left_forefoot_high,high,2026-08-14T21:41:42.389+08:00,1786714902389,right,foot_right_001,2402087,343639919,0.002,0.0,0.0,0.0,0.0193,0.0796,31.13,31.95,25.19,32.62,3.8638201,4.1482129500000005,-6.6881353,-6.4,-0.9,-1.4,0,ble
person_b_session_01,left_forefoot_high,high,2026-08-14T21:41:42.395+08:00,1786714902395,left,foot_left_001,2402087,343639919,0.17,0.0051,0.0557,0.0198,0.0007,0.0694,31.28,32.5,31.83,32.56,-5.462304049999999,2.157463,-6.952914849999999,1.2,0.1,2.9,0,ble
person_b_session_01,left_forefoot_high,high,2026-08-14T21:41:42.589+08:00,1786714902589,right,foot_right_001,2402087,343639920,0.0017,0.0,0.0,0.0,0.019,0.0796,31.13,31.95,25.22,32.65,3.8638201,4.16782625,-6.668522,-6.2,-1.0,-1.3,0,ble
person_b_session_01,left_forefoot_high,high,2026-08-14T21:41:42.595+08:00,1786714902595,left,foot_left_001,2402087,343639920,0.1695,0.0049,0.0557,0.0208,0.001,0.0713,31.28,32.5,31.83,32.56,-4.8248717999999995,2.4124358999999997,-5.56037055,0.7,0.2,1.2,0,ble
person_b_session_01,left_forefoot_high,high,2026-08-14T21:41:42.789+08:00,1786714902789,right,foot_right_001,2402087,343639921,0.0017,0.0,0.0,0.0,0.019,0.0794,31.13,31.95,25.19,32.65,3.8638201,4.1384063,-6.6881353,-6.2,-0.9,-1.3,0,ble
person_b_session_01,left_forefoot_high,high,2026-08-14T21:41:42.795+08:00,1786714902795,left,foot_left_001,2402087,343639921,0.167,0.0049,0.0527,0.0186,0.0007,0.0723,31.28,32.5,31.83,32.56,-5.18771785,2.0103632499999997,-6.580262149999999,0.1,0.2,1.2,0,ble
person_b_session_01,left_forefoot_high,high,2026-08-14T21:41:42.989+08:00,1786714902989,right,foot_right_001,2402087,343639922,0.0022,0.0,0.0,0.0,0.019,0.0784,31.1,31.95,25.19,32.62,3.8834334,4.1482129500000005,-6.7077485999999995,-6.0,-1.0,-1.4,0,ble
person_b_session_01,left_forefoot_high,high,2026-08-14T21:41:42.995+08:00,1786714902995,left,foot_left_001,2402087,343639922,0.167,0.0049,0.0508,0.0171,0.001,0.0718,31.28,32.5,31.83,32.56,-5.18771785,2.3339827,-6.3056759499999995,1.4,0.2,2.6,0,ble
person_b_session_01,left_forefoot_high,high,2026-08-14T21:41:43.189+08:00,1786714903189,right,foot_right_001,2402087,343639923,0.0015,0.0,0.0,0.0,0.0188,0.0789,31.13,31.95,25.19,32.65,3.8834334,4.16782625,-6.668522,-6.4,-0.9,-1.3,0,ble
person_b_session_01,left_forefoot_high,high,2026-08-14T21:41:43.195+08:00,1786714903195,left,foot_left_001,2402087,343639923,0.1687,0.0051,0.0503,0.0186,0.001,0.0728,31.28,32.45,31.83,32.56,-5.18771785,2.0201699,-6.46258235,0.1,0.2,1.2,0,ble
person_b_session_01,left_forefoot_high,high,2026-08-14T21:41:43.389+08:00,1786714903389,right,foot_right_001,2402087,343639924,0.0022,0.0,0.0,0.0,0.0186,0.0781,31.1,31.95,25.19,32.65,3.8638201,4.1482129500000005,-6.678328649999999,-6.2,-0.8,-1.2,0,ble
person_b_session_01,left_forefoot_high,high,2026-08-14T21:41:43.395+08:00,1786714903395,left,foot_left_001,2402087,343639924,0.1707,0.0051,0.0525,0.0193,0.001,0.072,31.28,32.45,31.83,32.56,-5.3544309,2.1770762999999995,-6.7960084499999995,0.6,-0.8,1.7,0,ble
person_b_session_01,left_forefoot_high,high,2026-08-14T21:41:43.589+08:00,1786714903589,right,foot_right_001,2402087,343639925,0.0027,0.0,0.0,0.0,0.0186,0.0769,31.13,31.95,25.19,32.65,3.87362675,4.158019599999999,-6.73716855,-6.1,-0.9,-1.2,0,ble
person_b_session_01,left_forefoot_high,high,2026-08-14T21:41:43.595+08:00,1786714903595,left,foot_left_001,2402087,343639925,0.1773,0.0051,0.0564,0.021,0.001,0.0696,31.28,32.5,31.83,32.56,-5.24655775,1.95152335,-6.8058151,0.4,-0.2,1.9,0,ble
person_b_session_01,left_forefoot_high,high,2026-08-14T21:41:43.789+08:00,1786714903789,right,foot_right_001,2402087,343639926,0.0029,0.0,0.0,0.0,0.019,0.0769,31.1,31.86,25.19,32.65,3.85401345,4.158019599999999,-6.6881353,-6.1,-0.9,-1.3,0,ble
person_b_session_01,left_forefoot_high,high,2026-08-14T21:41:43.795+08:00,1786714903795,left,foot_left_001,2402087,343639926,0.1819,0.0056,0.0606,0.021,0.0012,0.0659,31.28,32.5,31.83,32.56,-5.3642375499999995,2.04958985,-6.83523505,0.8,-0.2,1.9,0,ble
person_b_session_01,left_forefoot_high,high,2026-08-14T21:41:43.989+08:00,1786714903989,right,foot_right_001,2402087,343639927,0.0044,0.0,0.0002,0.0,0.019,0.0735,31.1,31.95,25.19,32.62,3.8638201,4.1482129500000005,-6.7077485999999995,-5.9,-1.0,-1.2,0,ble
person_b_session_01,left_forefoot_high,high,2026-08-14T21:41:43.995+08:00,1786714903995,left,foot_left_001,2402087,343639927,0.1827,0.0059,0.0618,0.0227,0.0012,0.0647,31.28,32.45,31.77,32.53,-5.34462425,2.06920315,-6.7862018,0.6,0.1,2.0,0,ble
person_b_session_01,left_forefoot_high,high,2026-08-14T21:41:44.189+08:00,1786714904189,right,foot_right_001,2402087,343639928,0.0046,0.0002,0.0005,0.0,0.019,0.0728,31.08,31.86,25.19,32.65,3.8932400499999997,4.1384063,-6.678328649999999,-6.2,-0.9,-1.3,0,ble
person_b_session_01,left_forefoot_high,high,2026-08-14T21:41:44.195+08:00,1786714904195,left,foot_left_001,2402087,343639928,0.1832,0.0059,0.0632,0.0249,0.0012,0.0645,31.28,32.5,31.83,32.56,-5.334817599999999,2.04958985,-6.8058151,0.7,0.2,2.0,0,ble
person_b_session_01,left_forefoot_high,high,2026-08-14T21:41:44.389+08:00,1786714904389,right,foot_right_001,2402087,343639929,0.0049,0.0002,0.0012,0.0,0.0195,0.0696,31.13,31.95,25.19,32.65,3.9422732999999996,4.158019599999999,-6.6881353,-5.4,-0.8,-0.8,0,ble
person_b_session_01,left_forefoot_high,high,2026-08-14T21:41:44.395+08:00,1786714904395,left,foot_left_001,2402087,343639929,0.1832,0.0056,0.0645,0.023,0.0012,0.0613,31.28,32.5,31.83,32.56,-5.334817599999999,2.0593964999999996,-6.7960084499999995,0.6,0.2,2.0,0,ble
person_b_session_01,left_forefoot_high,high,2026-08-14T21:41:44.589+08:00,1786714904589,right,foot_right_001,2402087,343639930,0.0059,0.0007,0.0027,0.0,0.0186,0.0596,31.1,31.95,25.19,32.65,3.8932400499999997,4.0599530999999995,-6.73716855,-6.4,-0.6,-1.2,0,ble
person_b_session_01,left_forefoot_high,high,2026-08-14T21:41:44.595+08:00,1786714904595,left,foot_left_001,2402087,343639930,0.1841,0.0059,0.0672,0.0247,0.0012,0.0584,31.34,32.5,31.83,32.59,-5.295590999999999,2.08881645,-6.7960084499999995,0.5,0.4,2.1,0,ble
person_b_session_01,left_forefoot_high,high,2026-08-14T21:41:44.789+08:00,1786714904789,right,foot_right_001,2402087,343639931,0.0061,0.0012,0.0046,0.0,0.0183,0.053,31.1,31.95,25.19,32.65,3.9030467,4.0599530999999995,-6.65871535,-6.3,-0.6,-1.2,0,ble
person_b_session_01,left_forefoot_high,high,2026-08-14T21:41:44.795+08:00,1786714904795,left,foot_left_001,2402087,343639931,0.1829,0.0059,0.0659,0.0269,0.0015,0.0562,31.28,32.45,31.83,32.56,-5.34462425,2.0397832,-6.7862018,0.7,0.2,2.1,0,ble
person_b_session_01,left_forefoot_high,high,2026-08-14T21:41:44.989+08:00,1786714904989,right,foot_right_001,2402087,343639932,0.0056,0.0007,0.0022,0.0,0.0183,0.0576,31.1,31.95,25.19,32.65,3.9030467,4.158019599999999,-6.69794195,-6.7,-1.1,-1.9,0,ble
person_b_session_01,left_forefoot_high,high,2026-08-14T21:41:44.995+08:00,1786714904995,left,foot_left_001,2402087,343639932,0.1822,0.0056,0.0664,0.0271,0.0012,0.0596,31.28,32.5,31.83,32.56,-5.3642375499999995,2.04958985,-6.8058151,0.9,0.3,2.1,0,ble
person_b_session_01,recovery,high,2026-08-14T21:41:45.189+08:00,1786714905189,right,foot_right_001,2402087,343639933,0.0049,0.0002,0.0015,0.0,0.0181,0.0647,31.1,31.95,25.19,32.65,3.8834334,4.10898635,-6.756781849999999,-6.4,-0.9,-1.4,0,ble
person_b_session_01,recovery,high,2026-08-14T21:41:45.195+08:00,1786714905195,left,foot_left_001,2402087,343639933,0.1832,0.0059,0.0664,0.0269,0.001,0.0606,31.28,32.45,31.83,32.56,-5.3152042999999995,2.0593964999999996,-6.7960084499999995,0.6,0.1,2.1,0,ble
person_b_session_01,recovery,high,2026-08-14T21:41:45.389+08:00,1786714905389,right,foot_right_001,2402087,343639934,0.0046,0.0005,0.001,0.0,0.0186,0.0664,31.13,31.95,25.19,32.65,3.87362675,4.1384063,-6.717555249999999,-6.4,-0.9,-1.4,0,ble
person_b_session_01,recovery,high,2026-08-14T21:41:45.395+08:00,1786714905395,left,foot_left_001,2402087,343639934,0.1851,0.0059,0.0679,0.0259,0.001,0.0596,31.28,32.45,31.83,32.56,-5.3642375499999995,2.06920315,-6.8254284,0.7,-0.3,1.9,0,ble
person_b_session_01,recovery,high,2026-08-14T21:41:45.589+08:00,1786714905589,right,foot_right_001,2402087,343639935,0.0017,0.0,0.0002,0.0,0.019,0.0684,31.13,31.95,25.22,32.65,3.87362675,4.16782625,-6.69794195,-6.4,-1.0,-1.5,0,ble
person_b_session_01,recovery,high,2026-08-14T21:41:45.595+08:00,1786714905595,left,foot_left_001,2402087,343639935,0.1863,0.0059,0.0686,0.0269,0.0012,0.0576,31.28,32.45,31.83,32.56,-5.374044199999999,2.08881645,-6.864655,0.6,-0.1,1.9,0,ble
person_b_session_01,recovery,high,2026-08-14T21:41:45.789+08:00,1786714905789,right,foot_right_001,2402087,343639936,0.0007,0.0,0.0,0.0,0.0183,0.0694,31.13,31.95,25.19,32.65,3.8638201,4.16782625,-6.7273619,-6.4,-0.9,-1.5,0,ble
person_b_session_01,recovery,high,2026-08-14T21:41:45.795+08:00,1786714905795,left,foot_left_001,2402087,343639936,0.1888,0.0059,0.0686,0.0327,0.0012,0.054,31.28,32.5,31.83,32.59,-5.3642375499999995,2.08881645,-6.854848349999999,0.7,0.1,2.2,0,ble
person_b_session_01,recovery,high,2026-08-14T21:41:45.989+08:00,1786714905989,right,foot_right_001,2402087,343639937,0.0,0.0,0.0,0.0,0.0188,0.0718,31.13,31.95,25.19,32.65,3.8245934999999998,4.1384063,-6.6881353,-7.4,-1.0,-2.2,0,ble
person_b_session_01,recovery,high,2026-08-14T21:41:45.995+08:00,1786714905995,left,foot_left_001,2402087,343639937,0.1795,0.0051,0.0581,0.0244,0.0012,0.0613,31.28,32.45,31.83,32.56,-5.32501095,2.0397832,-6.83523505,1.5,0.9,3.0,0,ble
person_b_session_01,recovery,high,2026-08-14T21:41:46.189+08:00,1786714906189,right,foot_right_001,2402087,343639938,0.0,0.0,0.0,0.0,0.019,0.0764,31.13,31.95,25.22,32.65,3.8638201,4.20705285,-6.639102049999999,-6.0,-1.2,-1.6,0,ble
person_b_session_01,recovery,high,2026-08-14T21:41:46.195+08:00,1786714906195,left,foot_left_001,2402087,343639938,0.1026,0.0034,0.0396,0.0105,0.0012,0.0711,31.28,32.5,31.83,32.56,-5.28578435,2.04958985,-6.913688249999999,0.5,0.7,2.7,0,ble
person_b_session_01,recovery,high,2026-08-14T21:41:46.389+08:00,1786714906389,right,foot_right_001,2402087,343639939,0.0,0.0,0.0,0.0,0.02,0.0818,31.13,31.95,25.19,32.62,3.8245934999999998,4.1384063,-6.7273619,-5.4,-1.4,-1.3,0,ble
person_b_session_01,recovery,high,2026-08-14T21:41:46.395+08:00,1786714906395,left,foot_left_001,2402087,343639939,0.0193,0.0005,0.0063,0.0012,0.001,0.0828,31.28,32.45,31.83,32.56,-5.20733115,2.1770762999999995,-6.992141449999999,0.1,3.6,4.3,0,ble
person_b_session_01,recovery,high,2026-08-14T21:41:46.589+08:00,1786714906589,right,foot_right_001,2402087,343639940,0.0,0.0,0.0,0.0,0.0203,0.0886,31.13,31.95,25.22,32.65,3.8049802,4.22666615,-6.59987545,-6.2,-1.0,-1.1,0,ble
person_b_session_01,recovery,high,2026-08-14T21:41:46.595+08:00,1786714906595,left,foot_left_001,2402087,343639940,0.0,0.0,0.0,0.0002,0.0,0.0896,31.28,32.45,31.77,32.56,-5.099457999999999,2.20649625,-6.7960084499999995,-1.4,0.9,5.8,0,ble
person_b_session_01,recovery,high,2026-08-14T21:41:46.789+08:00,1786714906789,right,foot_right_001,2402087,343639941,0.0,0.0,0.0,0.0,0.021,0.0852,31.16,31.95,25.22,32.65,3.8049802,4.0991797,-6.5312289,-3.6,-1.1,-0.1,0,ble
person_b_session_01,recovery,high,2026-08-14T21:41:46.795+08:00,1786714906795,left,foot_left_001,2402087,343639941,0.0,0.0,0.0,0.0002,0.0005,0.0884,31.34,32.5,31.83,32.56,-5.0798447,2.1966895999999996,-6.913688249999999,1.7,2.1,2.2,0,ble
person_b_session_01,recovery,high,2026-08-14T21:41:46.989+08:00,1786714906989,right,foot_right_001,2402087,343639942,0.002,0.0,0.0017,0.0,0.0208,0.0757,31.1,31.95,25.19,32.65,3.8638201,4.069759749999999,-6.7077485999999995,-6.0,-0.6,-1.1,0,ble
person_b_session_01,recovery,high,2026-08-14T21:41:46.995+08:00,1786714906995,left,foot_left_001,2402087,343639942,0.0,0.0,0.01,0.001,0.0046,0.0757,31.34,32.45,31.83,32.56,-5.20733115,2.157463,-6.913688249999999,0.0,-0.7,2.1,0,ble
person_b_session_01,recovery,high,2026-08-14T21:41:47.189+08:00,1786714907189,right,foot_right_001,2402087,343639943,0.002,0.0,0.0007,0.0,0.0222,0.0811,31.1,31.95,25.22,32.62,3.8834334,4.18743955,-6.6881353,-6.9,-1.1,-1.7,0,ble
person_b_session_01,recovery,high,2026-08-14T21:41:47.195+08:00,1786714907195,left,foot_left_001,2402087,343639943,0.0007,0.0002,0.01,0.0002,0.0061,0.073,31.28,32.45,31.83,32.56,-5.2269444499999995,2.20649625,-6.815621749999999,0.6,0.0,2.2,0,ble
person_b_session_01,recovery,high,2026-08-14T21:41:47.389+08:00,1786714907389,right,foot_right_001,2402087,343639944,0.0027,0.0,0.0007,0.0,0.0225,0.083,31.13,31.95,25.22,32.65,3.92266,4.0599530999999995,-6.7665885,-6.4,-0.4,-0.9,0,ble
person_b_session_01,recovery,high,2026-08-14T21:41:47.395+08:00,1786714907395,left,foot_left_001,2402087,343639944,0.0,0.0005,0.0095,0.0005,0.0063,0.0737,31.28,32.45,31.83,32.53,-5.236751099999999,2.1868829499999998,-6.854848349999999,0.9,0.1,2.0,0,ble
person_b_session_01,recovery,high,2026-08-14T21:41:47.589+08:00,1786714907589,right,foot_right_001,2402087,343639945,0.002,0.0,0.0007,0.0,0.0222,0.083,31.13,31.92,25.22,32.65,3.85401345,4.16782625,-6.668522,-6.0,-1.1,-1.3,0,ble
person_b_session_01,recovery,high,2026-08-14T21:41:47.595+08:00,1786714907595,left,foot_left_001,2402087,343639945,0.0,0.0005,0.011,0.0,0.0073,0.0762,31.28,32.45,31.83,32.56,-5.2171378,2.22610955,-6.8450416999999995,0.5,0.4,2.2,0,ble
person_b_session_01,recovery,high,2026-08-14T21:41:47.789+08:00,1786714907789,right,foot_right_001,2402087,343639946,0.0022,0.0,0.001,0.0,0.0222,0.0828,31.13,31.95,25.22,32.65,3.8638201,4.18743955,-6.6881353,-6.5,-0.8,-1.2,0,ble
person_b_session_01,recovery,high,2026-08-14T21:41:47.795+08:00,1786714907795,left,foot_left_001,2402087,343639946,0.0,0.0,0.01,0.0,0.0078,0.0774,31.34,32.45,31.83,32.56,-5.197524499999999,2.2163028999999996,-6.874461649999999,0.6,0.2,2.2,0,ble
person_b_session_01,recovery,high,2026-08-14T21:41:47.989+08:00,1786714907989,right,foot_right_001,2402087,343639947,0.0029,0.0,0.0007,0.0,0.0222,0.0828,31.13,31.95,25.22,32.65,3.8834334,4.0991797,-6.7469752,-6.2,-1.0,-1.4,0,ble
person_b_session_01,recovery,high,2026-08-14T21:41:47.995+08:00,1786714907995,left,foot_left_001,2402087,343639947,0.0,0.0,0.011,0.0002,0.0088,0.0799,31.28,32.45,31.83,32.56,-5.18771785,2.2163028999999996,-6.854848349999999,0.6,0.0,2.0,0,ble
person_b_session_01,recovery,high,2026-08-14T21:41:48.189+08:00,1786714908189,right,foot_right_001,2402087,343639948,0.0027,0.0,0.0005,0.0,0.0222,0.083,31.1,31.95,25.22,32.65,3.8638201,4.1384063,-6.6881353,-6.2,-0.9,-1.3,0,ble
person_b_session_01,recovery,high,2026-08-14T21:41:48.195+08:00,1786714908195,left,foot_left_001,2402087,343639948,0.0,0.0002,0.0117,0.0,0.0078,0.0811,31.34,32.45,31.83,32.56,-5.20733115,2.1868829499999998,-6.874461649999999,0.8,0.0,2.0,0,ble
person_b_session_01,recovery,high,2026-08-14T21:41:48.389+08:00,1786714908389,right,foot_right_001,2402087,343639949,0.0029,0.0,0.0007,0.0,0.0225,0.0828,31.1,31.95,25.19,32.62,3.8638201,4.1482129500000005,-6.717555249999999,-6.0,-0.9,-1.3,0,ble
person_b_session_01,recovery,high,2026-08-14T21:41:48.395+08:00,1786714908395,left,foot_left_001,2402087,343639949,0.0,0.0002,0.0129,0.0,0.0073,0.0813,31.34,32.45,31.83,32.56,-5.2171378,2.1868829499999998,-6.864655,0.6,0.2,2.2,0,ble
person_b_session_01,recovery,high,2026-08-14T21:41:48.589+08:00,1786714908589,right,foot_right_001,2402087,343639950,0.0032,0.0002,0.0007,0.0,0.022,0.0794,31.08,31.86,25.19,32.65,3.9030467,4.08937305,-6.7273619,-6.1,-0.8,-1.2,0,ble
person_b_session_01,recovery,high,2026-08-14T21:41:48.595+08:00,1786714908595,left,foot_left_001,2402087,343639950,0.0,0.0002,0.0129,0.0,0.0073,0.0813,31.34,32.47,31.83,32.53,-5.20733115,2.22610955,-6.894074949999999,0.7,0.1,2.1,0,ble
person_b_session_01,recovery,high,2026-08-14T21:41:48.789+08:00,1786714908789,right,foot_right_001,2402087,343639951,0.0042,0.0002,0.0007,0.0,0.022,0.0786,31.1,31.95,25.19,32.65,3.8834334,4.118792999999999,-6.7077485999999995,-6.5,-1.0,-1.5,0,ble
person_b_session_01,recovery,high,2026-08-14T21:41:48.795+08:00,1786714908795,left,foot_left_001,2402087,343639951,0.0,0.0002,0.0134,0.0,0.0076,0.0818,31.28,32.47,31.83,32.53,-5.2171378,2.20649625,-6.815621749999999,0.6,0.1,2.1,0,ble
person_b_session_01,recovery,high,2026-08-14T21:41:48.989+08:00,1786714908989,right,foot_right_001,2402087,343639952,0.0029,0.0,0.0007,0.0,0.022,0.0803,31.1,31.95,25.19,32.65,3.85401345,4.08937305,-6.717555249999999,-6.5,-0.8,-1.4,0,ble
person_b_session_01,recovery,high,2026-08-14T21:41:48.995+08:00,1786714908995,left,foot_left_001,2402087,343639952,0.0,0.0002,0.0132,0.0002,0.0083,0.0825,31.34,32.45,31.83,32.56,-5.2171378,2.22610955,-6.8450416999999995,0.6,0.1,2.2,0,ble
person_b_session_01,recovery,high,2026-08-14T21:41:49.189+08:00,1786714909189,right,foot_right_001,2402087,343639953,0.0005,0.0,0.0005,0.0,0.022,0.0774,31.13,31.92,25.22,32.65,3.8638201,4.1482129500000005,-6.717555249999999,-6.3,-0.9,-1.4,0,ble
person_b_session_01,recovery,high,2026-08-14T21:41:49.195+08:00,1786714909195,left,foot_left_001,2402087,343639953,0.0,0.0005,0.0142,0.0,0.0085,0.0821,31.28,32.47,31.83,32.56,-5.2269444499999995,2.1476563499999997,-6.8450416999999995,1.0,-0.2,1.7,0,ble
person_b_session_01,recovery,high,2026-08-14T21:41:49.389+08:00,1786714909389,right,foot_right_001,2402087,343639954,0.001,0.0002,0.0015,0.0,0.0217,0.0755,31.13,31.92,25.19,32.65,3.87362675,4.0991797,-6.6881353,-5.9,-0.9,-1.3,0,ble
person_b_session_01,recovery,high,2026-08-14T21:41:49.395+08:00,1786714909395,left,foot_left_001,2402087,343639954,0.0005,0.0012,0.0227,0.0,0.0093,0.0703,31.34,32.47,31.83,32.56,-5.2171378,2.1770762999999995,-6.776395149999999,1.1,-0.2,1.5,0,ble
person_b_session_01,recovery,high,2026-08-14T21:41:49.589+08:00,1786714909589,right,foot_right_001,2402087,343639955,0.001,0.0005,0.0024,0.0,0.0222,0.0759,31.13,31.95,25.19,32.65,3.8638201,4.118792999999999,-6.717555249999999,-6.1,-0.9,-1.3,0,ble
person_b_session_01,recovery,high,2026-08-14T21:41:49.595+08:00,1786714909595,left,foot_left_001,2402087,343639955,0.0,0.0012,0.0225,0.0002,0.0083,0.0686,31.28,32.47,31.83,32.56,-5.2269444499999995,2.1868829499999998,-6.864655,0.6,0.2,2.1,0,ble
person_b_session_01,recovery,high,2026-08-14T21:41:49.789+08:00,1786714909789,right,foot_right_001,2402087,343639956,0.002,0.0007,0.0027,0.0,0.0225,0.0772,31.13,31.95,25.22,32.65,3.8442068,4.0991797,-6.678328649999999,-6.2,-1.0,-1.4,0,ble
person_b_session_01,recovery,high,2026-08-14T21:41:49.795+08:00,1786714909795,left,foot_left_001,2402087,343639956,0.0,0.0012,0.0222,0.0005,0.0085,0.0689,31.28,32.47,31.83,32.56,-5.20733115,2.1868829499999998,-6.8450416999999995,0.5,0.1,2.2,0,ble
person_b_session_01,recovery,high,2026-08-14T21:41:49.989+08:00,1786714909989,right,foot_right_001,2402087,343639957,0.0024,0.0007,0.0027,0.0,0.0225,0.0774,31.13,31.95,25.19,32.65,3.8442068,4.118792999999999,-6.756781849999999,-6.3,-0.9,-1.3,0,ble
person_b_session_01,recovery,high,2026-08-14T21:41:49.995+08:00,1786714909995,left,foot_left_001,2402087,343639957,0.0,0.0012,0.0225,0.0,0.0088,0.0694,31.28,32.47,31.83,32.53,-5.2171378,2.1868829499999998,-6.83523505,0.7,0.2,2.2,0,ble
person_b_session_01,recovery,high,2026-08-14T21:41:50.189+08:00,1786714910189,right,foot_right_001,2402087,343639958,0.0037,0.001,0.0024,0.0,0.0225,0.0779,31.13,31.95,25.19,32.65,3.85401345,4.10898635,-6.7077485999999995,-6.2,-0.9,-1.2,0,ble
person_b_session_01,recovery,high,2026-08-14T21:41:50.195+08:00,1786714910195,left,foot_left_001,2402087,343639958,0.0,0.0012,0.021,0.0,0.0088,0.072,31.34,32.47,31.83,32.56,-5.18771785,2.1868829499999998,-6.864655,0.6,0.2,2.2,0,ble
person_b_session_01,recovery,high,2026-08-14T21:41:50.389+08:00,1786714910389,right,foot_right_001,2402087,343639959,0.0044,0.001,0.0027,0.0,0.0225,0.0772,31.1,31.95,25.19,32.65,3.8834334,4.10898635,-6.7273619,-6.2,-1.0,-1.3,0,ble
person_b_session_01,recovery,high,2026-08-14T21:41:50.395+08:00,1786714910395,left,foot_left_001,2402087,343639959,0.0,0.0015,0.022,0.0002,0.0093,0.0716,31.34,32.47,31.83,32.53,-5.2269444499999995,2.1868829499999998,-6.864655,0.7,0.2,2.0,0,ble
person_b_session_01,recovery,high,2026-08-14T21:41:50.589+08:00,1786714910589,right,foot_right_001,2402087,343639960,0.0049,0.001,0.0027,0.0,0.0222,0.0764,31.1,31.95,25.19,32.65,3.87362675,4.118792999999999,-6.69794195,-6.2,-0.8,-1.3,0,ble
person_b_session_01,recovery,high,2026-08-14T21:41:50.595+08:00,1786714910595,left,foot_left_001,2402087,343639960,0.0002,0.0017,0.0237,0.0007,0.0093,0.0706,31.34,32.47,31.83,32.56,-5.2171378,2.1868829499999998,-6.83523505,0.6,0.0,2.0,0,ble
person_b_session_01,recovery,high,2026-08-14T21:41:50.789+08:00,1786714910789,right,foot_right_001,2402087,343639961,0.0046,0.001,0.0037,0.0,0.0222,0.0755,31.1,31.95,25.19,32.65,3.87362675,4.10898635,-6.717555249999999,-6.3,-0.7,-1.3,0,ble
person_b_session_01,recovery,high,2026-08-14T21:41:50.795+08:00,1786714910795,left,foot_left_001,2402087,343639961,0.0,0.0015,0.0249,0.0005,0.0093,0.0696,31.28,32.47,31.83,32.53,-5.236751099999999,2.1966895999999996,-6.8450416999999995,0.8,0.4,2.1,0,ble
person_b_session_01,recovery,high,2026-08-14T21:41:50.989+08:00,1786714910989,right,foot_right_001,2402087,343639962,0.0049,0.001,0.0039,0.0,0.0222,0.0762,31.1,31.95,25.22,32.65,3.8638201,4.08937305,-6.7469752,-6.1,-1.1,-1.3,0,ble
person_b_session_01,recovery,high,2026-08-14T21:41:50.995+08:00,1786714910995,left,foot_left_001,2402087,343639962,0.0,0.0015,0.0244,0.0002,0.0093,0.0711,31.34,32.47,31.83,32.53,-5.20733115,2.1868829499999998,-6.83523505,0.7,0.1,2.2,0,ble
person_b_session_01,recovery,high,2026-08-14T21:41:51.189+08:00,1786714911189,right,foot_right_001,2402087,343639963,0.0046,0.001,0.0039,0.0,0.022,0.0767,31.1,31.95,25.22,32.65,3.9030467,4.0795664,-6.65871535,-6.3,-0.9,-1.3,0,ble
person_b_session_01,recovery,high,2026-08-14T21:41:51.195+08:00,1786714911195,left,foot_left_001,2402087,343639963,0.0,0.0015,0.0244,0.0005,0.009,0.0716,31.34,32.47,31.83,32.53,-5.20733115,2.1966895999999996,-6.854848349999999,0.6,0.2,2.1,0,ble
person_b_session_01,recovery,high,2026-08-14T21:41:51.389+08:00,1786714911389,right,foot_right_001,2402087,343639964,0.0046,0.001,0.0042,0.0,0.022,0.0772,31.1,31.92,25.19,32.65,3.93246665,4.256086099999999,-6.472388999999999,-6.8,-0.8,-1.4,0,ble
person_b_session_01,recovery,high,2026-08-14T21:41:51.395+08:00,1786714911395,left,foot_left_001,2402087,343639964,0.0,0.0015,0.0249,0.0005,0.009,0.0706,31.34,32.47,31.83,32.53,-5.236751099999999,2.1672696499999997,-6.8450416999999995,0.6,0.2,2.1,0,ble
person_b_session_01,recovery,high,2026-08-14T21:41:51.589+08:00,1786714911589,right,foot_right_001,2402087,343639965,0.0049,0.001,0.0039,0.0,0.0217,0.0769,31.13,31.92,25.22,32.65,3.8442068,4.0795664,-6.7469752,-6.3,-0.9,-1.3,0,ble
person_b_session_01,recovery,high,2026-08-14T21:41:51.595+08:00,1786714911595,left,foot_left_001,2402087,343639965,0.0007,0.002,0.0259,0.0005,0.0093,0.0706,31.34,32.47,31.83,32.56,-5.20733115,2.1868829499999998,-6.815621749999999,0.5,0.0,2.1,0,ble
person_b_session_01,recovery,high,2026-08-14T21:41:51.789+08:00,1786714911789,right,foot_right_001,2402087,343639966,0.0046,0.001,0.0037,0.0,0.0215,0.0772,31.1,31.95,25.19,32.65,3.85401345,4.0795664,-6.717555249999999,-6.2,-0.9,-1.3,0,ble
person_b_session_01,recovery,high,2026-08-14T21:41:51.795+08:00,1786714911795,left,foot_left_001,2402087,343639966,0.0002,0.0024,0.0261,0.0002,0.0095,0.0698,31.34,32.47,31.83,32.53,-5.2269444499999995,2.1966895999999996,-6.913688249999999,0.6,0.2,2.2,0,ble
person_b_session_01,recovery,high,2026-08-14T21:41:51.989+08:00,1786714911989,right,foot_right_001,2402087,343639967,0.0049,0.0007,0.0037,0.0,0.0212,0.0767,31.1,31.95,25.19,32.62,3.8442068,4.0991797,-6.73716855,-6.3,-0.9,-1.3,0,ble
person_b_session_01,recovery,high,2026-08-14T21:41:51.995+08:00,1786714911995,left,foot_left_001,2402087,343639967,0.0,0.0022,0.0264,0.0,0.0095,0.0713,31.34,32.47,31.83,32.53,-5.20733115,2.1868829499999998,-6.8254284,0.7,0.3,2.2,0,ble
person_b_session_01,recovery,high,2026-08-14T21:41:52.189+08:00,1786714912189,right,foot_right_001,2402087,343639968,0.0054,0.001,0.0037,0.0,0.0212,0.0762,31.13,31.92,25.22,32.65,3.87362675,4.0991797,-6.7077485999999995,-6.2,-1.0,-1.3,0,ble
person_b_session_01,recovery,high,2026-08-14T21:41:52.195+08:00,1786714912195,left,foot_left_001,2402087,343639968,0.0,0.0022,0.0261,0.0002,0.0098,0.0723,31.34,32.47,31.83,32.53,-5.24655775,2.1966895999999996,-6.8450416999999995,0.7,0.2,2.2,0,ble
person_b_session_01,recovery,high,2026-08-14T21:41:52.389+08:00,1786714912389,right,foot_right_001,2402087,343639969,0.0051,0.001,0.0039,0.0,0.0212,0.0759,31.1,31.95,25.22,32.65,3.87362675,4.0991797,-6.7469752,-6.3,-0.9,-1.4,0,ble
person_b_session_01,recovery,high,2026-08-14T21:41:52.395+08:00,1786714912395,left,foot_left_001,2402087,343639969,0.0,0.002,0.0247,0.0,0.0098,0.074,31.28,32.47,31.83,32.53,-5.2269444499999995,2.1868829499999998,-6.864655,0.8,0.4,2.2,0,ble
person_b_session_01,recovery,high,2026-08-14T21:41:52.589+08:00,1786714912589,right,foot_right_001,2402087,343639970,0.0056,0.0007,0.0039,0.0,0.0212,0.0762,31.1,31.95,25.19,32.65,3.8638201,4.0991797,-6.7077485999999995,-6.3,-1.0,-1.3,0,ble
person_b_session_01,recovery,high,2026-08-14T21:41:52.595+08:00,1786714912595,left,foot_left_001,2402087,343639970,0.0002,0.002,0.0227,0.0,0.0098,0.0752,31.28,32.47,31.83,32.53,-5.2171378,2.2163028999999996,-6.874461649999999,0.7,0.2,2.2,0,ble
person_b_session_01,recovery,high,2026-08-14T21:41:52.789+08:00,1786714912789,right,foot_right_001,2402087,343639971,0.0056,0.001,0.0039,0.0,0.0215,0.0759,31.1,31.92,25.22,32.65,3.8834334,4.10898635,-6.717555249999999,-6.2,-0.9,-1.3,0,ble
person_b_session_01,recovery,high,2026-08-14T21:41:52.795+08:00,1786714912795,left,foot_left_001,2402087,343639971,0.0,0.002,0.0222,0.0005,0.0098,0.0759,31.28,32.47,31.83,32.56,-5.20733115,2.1966895999999996,-6.864655,0.6,0.1,2.2,0,ble
person_b_session_01,recovery,high,2026-08-14T21:41:52.989+08:00,1786714912989,right,foot_right_001,2402087,343639972,0.0059,0.0007,0.0042,0.0,0.0215,0.0759,31.1,31.95,25.19,32.65,3.87362675,4.0991797,-6.7469752,-6.2,-0.9,-1.4,0,ble
person_b_session_01,recovery,high,2026-08-14T21:41:52.995+08:00,1786714912995,left,foot_left_001,2402087,343639972,0.0,0.0017,0.021,0.0,0.0098,0.0769,31.28,32.47,31.83,32.53,-5.2171378,2.1868829499999998,-6.8450416999999995,0.7,0.1,2.1,0,ble
person_b_session_01,recovery,high,2026-08-14T21:41:53.189+08:00,1786714913189,right,foot_right_001,2402087,343639973,0.0059,0.001,0.0039,0.0,0.0212,0.0752,31.1,31.92,25.22,32.65,3.8442068,4.069759749999999,-6.7273619,-6.3,-0.7,-1.1,0,ble
person_b_session_01,recovery,high,2026-08-14T21:41:53.195+08:00,1786714913195,left,foot_left_001,2402087,343639973,0.0002,0.0017,0.0215,0.0005,0.0098,0.0772,31.34,32.47,31.83,32.56,-5.2171378,2.22610955,-6.83523505,0.6,0.2,2.1,0,ble
person_b_session_01,recovery,high,2026-08-14T21:41:53.389+08:00,1786714913389,right,foot_right_001,2402087,343639974,0.0068,0.001,0.0027,0.0,0.0212,0.0718,31.1,31.95,25.19,32.65,3.87362675,4.10898635,-6.717555249999999,-6.2,-0.8,-1.3,0,ble
person_b_session_01,recovery,high,2026-08-14T21:41:53.395+08:00,1786714913395,left,foot_left_001,2402087,343639974,0.0,0.002,0.0217,0.0007,0.01,0.0779,31.34,32.45,31.83,32.53,-5.20733115,2.1966895999999996,-6.874461649999999,0.7,0.2,2.1,0,ble
person_b_session_01,recovery,high,2026-08-14T21:41:53.589+08:00,1786714913589,right,foot_right_001,2402087,343639975,0.0068,0.001,0.0049,0.0,0.0212,0.0716,31.13,31.92,25.22,32.65,3.8834334,4.10898635,-6.717555249999999,-6.3,-0.9,-1.3,0,ble
person_b_session_01,recovery,high,2026-08-14T21:41:53.595+08:00,1786714913595,left,foot_left_001,2402087,343639975,0.0,0.0022,0.023,0.0007,0.0103,0.0777,31.28,32.47,31.83,32.53,-5.20733115,2.20649625,-6.8254284,0.6,0.2,2.1,0,ble
person_b_session_01,recovery,high,2026-08-14T21:41:53.789+08:00,1786714913789,right,foot_right_001,2402087,343639976,0.0071,0.001,0.0054,0.0,0.0217,0.073,31.1,31.95,25.19,32.65,3.85401345,4.10898635,-6.7077485999999995,-6.3,-1.0,-1.5,0,ble
person_b_session_01,recovery,high,2026-08-14T21:41:53.795+08:00,1786714913795,left,foot_left_001,2402087,343639976,0.0,0.002,0.0215,0.0,0.01,0.0796,31.34,32.47,31.83,32.53,-5.2269444499999995,2.1966895999999996,-6.854848349999999,0.6,0.1,2.1,0,ble
person_b_session_01,recovery,high,2026-08-14T21:41:53.989+08:00,1786714913989,right,foot_right_001,2402087,343639977,0.0066,0.0007,0.0051,0.0,0.022,0.0747,31.1,31.95,25.19,32.65,3.8638201,4.10898635,-6.7273619,-6.2,-1.0,-1.4,0,ble
person_b_session_01,recovery,high,2026-08-14T21:41:53.995+08:00,1786714913995,left,foot_left_001,2402087,343639977,0.0,0.0017,0.0193,0.0,0.01,0.0801,31.34,32.47,31.83,32.56,-5.2171378,2.20649625,-6.864655,0.7,-0.1,2.1,0,ble
person_b_session_01,recovery,high,2026-08-14T21:41:54.189+08:00,1786714914189,right,foot_right_001,2402087,343639978,0.0071,0.001,0.0051,0.0,0.0217,0.0752,31.1,31.95,25.22,32.62,3.87362675,4.0795664,-6.69794195,-6.2,-0.9,-1.2,0,ble
person_b_session_01,recovery,high,2026-08-14T21:41:54.195+08:00,1786714914195,left,foot_left_001,2402087,343639978,0.0,0.002,0.0203,0.0002,0.0103,0.0803,31.28,32.45,31.83,32.53,-5.18771785,2.1868829499999998,-6.815621749999999,0.7,-0.1,2.0,0,ble
person_b_session_01,recovery,high,2026-08-14T21:41:54.389+08:00,1786714914389,right,foot_right_001,2402087,343639979,0.0073,0.001,0.0054,0.0,0.022,0.0747,31.08,31.95,25.19,32.62,3.87362675,4.10898635,-6.7469752,-6.2,-1.0,-1.3,0,ble
person_b_session_01,recovery,high,2026-08-14T21:41:54.395+08:00,1786714914395,left,foot_left_001,2402087,343639979,0.0002,0.002,0.021,0.0005,0.01,0.0801,31.34,32.47,31.86,32.56,-5.20733115,2.2163028999999996,-6.8450416999999995,0.6,0.1,2.2,0,ble
person_b_session_01,recovery,high,2026-08-14T21:41:54.589+08:00,1786714914589,right,foot_right_001,2402087,343639980,0.0073,0.001,0.0054,0.0,0.022,0.0755,31.1,31.95,25.19,32.62,3.87362675,4.0991797,-6.717555249999999,-6.2,-0.9,-1.3,0,ble
person_b_session_01,recovery,high,2026-08-14T21:41:54.595+08:00,1786714914595,left,foot_left_001,2402087,343639980,0.0,0.002,0.02,0.0,0.01,0.0806,31.34,32.45,31.83,32.53,-5.20733115,2.20649625,-6.8450416999999995,0.6,0.2,2.2,0,ble
person_b_session_01,recovery,high,2026-08-14T21:41:54.789+08:00,1786714914789,right,foot_right_001,2402087,343639981,0.0071,0.0007,0.0051,0.0,0.0217,0.0759,31.1,31.95,25.19,32.65,3.87362675,4.05014645,-6.73716855,-6.2,-0.9,-1.3,0,ble
person_b_session_01,recovery,high,2026-08-14T21:41:54.795+08:00,1786714914795,left,foot_left_001,2402087,343639981,0.0,0.0017,0.0166,0.0,0.01,0.0821,31.34,32.47,31.86,32.56,-5.20733115,2.2163028999999996,-6.854848349999999,0.5,0.1,2.2,0,ble
person_b_session_01,recovery,high,2026-08-14T21:41:54.989+08:00,1786714914989,right,foot_right_001,2402087,343639982,0.0068,0.0007,0.0049,0.0,0.0215,0.0759,31.08,31.95,25.19,32.65,3.85401345,4.1482129500000005,-6.639102049999999,-6.6,-1.0,-1.3,0,ble
person_b_session_01,recovery,high,2026-08-14T21:41:54.995+08:00,1786714914995,left,foot_left_001,2402087,343639982,0.0,0.0017,0.0139,0.0,0.01,0.0833,31.28,32.47,31.83,32.56,-5.197524499999999,2.1672696499999997,-6.8450416999999995,1.0,0.7,2.4,0,ble
person_b_session_01,recovery,high,2026-08-14T21:41:55.189+08:00,1786714915189,right,foot_right_001,2402087,343639983,0.0063,0.0005,0.0044,0.0,0.0205,0.0762,31.1,31.95,25.19,32.65,3.8932400499999997,4.03053315,-6.717555249999999,-6.0,-1.0,-1.4,0,ble
person_b_session_01,recovery,high,2026-08-14T21:41:55.195+08:00,1786714915195,left,foot_left_001,2402087,343639983,0.0,0.001,0.0115,0.0005,0.01,0.0852,31.28,32.45,31.83,32.53,-5.1582979,2.1378497,-6.815621749999999,0.5,-0.2,2.1,0,ble
person_b_session_01,recovery,high,2026-08-14T21:41:55.389+08:00,1786714915389,right,foot_right_001,2402087,343639984,0.0068,0.0005,0.0044,0.0,0.0208,0.0764,31.1,31.95,25.19,32.62,3.87362675,4.0795664,-6.7273619,-6.2,-0.9,-1.3,0,ble
person_b_session_01,recovery,high,2026-08-14T21:41:55.395+08:00,1786714915395,left,foot_left_001,2402087,343639984,0.0,0.0012,0.0139,0.0007,0.0103,0.0842,31.34,32.45,31.86,32.56,-5.197524499999999,2.1966895999999996,-6.864655,0.7,-0.1,1.8,0,ble
person_b_session_01,recovery,high,2026-08-14T21:41:55.589+08:00,1786714915589,right,foot_right_001,2402087,343639985,0.0073,0.0007,0.0046,0.0,0.0212,0.0767,31.1,31.95,25.19,32.62,3.87362675,4.118792999999999,-6.7077485999999995,-6.5,-0.9,-1.5,0,ble
person_b_session_01,recovery,high,2026-08-14T21:41:55.595+08:00,1786714915595,left,foot_left_001,2402087,343639985,0.0,0.0017,0.0154,0.0007,0.0103,0.0828,31.28,32.45,31.83,32.56,-5.197524499999999,2.22610955,-6.8450416999999995,0.6,0.1,2.1,0,ble
person_b_session_01,recovery,high,2026-08-14T21:41:55.789+08:00,1786714915789,right,foot_right_001,2402087,343639986,0.0068,0.0007,0.0051,0.0,0.022,0.0803,31.1,31.95,25.19,32.65,3.8442068,4.03053315,-6.7273619,-5.3,-1.3,-1.4,0,ble
person_b_session_01,recovery,high,2026-08-14T21:41:55.795+08:00,1786714915795,left,foot_left_001,2402087,343639986,0.0,0.002,0.0181,0.0007,0.0095,0.0762,31.34,32.45,31.86,32.56,-5.24655775,2.1966895999999996,-6.8058151,1.5,-0.6,1.6,0,ble
person_b_session_01,recovery,high,2026-08-14T21:41:55.989+08:00,1786714915989,right,foot_right_001,2402087,343639987,0.0068,0.001,0.0051,0.0,0.0222,0.083,31.08,31.95,25.19,32.62,3.8638201,4.158019599999999,-6.678328649999999,-5.5,-1.0,-1.5,0,ble
person_b_session_01,recovery,high,2026-08-14T21:41:55.995+08:00,1786714915995,left,foot_left_001,2402087,343639987,0.0,0.0007,0.0181,0.0005,0.0081,0.0672,31.34,32.45,31.83,32.56,-5.236751099999999,2.22610955,-6.854848349999999,0.6,0.1,2.4,0,ble
person_b_session_01,recovery,high,2026-08-14T21:41:56.189+08:00,1786714916189,right,foot_right_001,2402087,343639988,0.0068,0.0005,0.0054,0.0005,0.0205,0.0816,31.1,31.95,25.22,32.65,3.8932400499999997,4.0599530999999995,-6.756781849999999,-6.4,-0.4,-0.7,0,ble
person_b_session_01,recovery,high,2026-08-14T21:41:56.195+08:00,1786714916195,left,foot_left_001,2402087,343639988,0.0,0.0005,0.0149,0.0,0.0093,0.075,31.34,32.45,31.86,32.56,-5.2269444499999995,2.1770762999999995,-6.864655,1.0,0.9,2.2,0,ble
person_b_session_01,recovery,high,2026-08-14T21:41:56.389+08:00,1786714916389,right,foot_right_001,2402087,343639989,0.0044,0.0,0.0,0.0,0.0144,0.0723,31.1,31.95,25.19,32.65,3.79517355,4.03053315,-6.776395149999999,-6.9,-1.0,-1.7,0,ble
person_b_session_01,recovery,high,2026-08-14T21:41:56.395+08:00,1786714916395,left,foot_left_001,2402087,343639989,0.0,0.0005,0.0171,0.0005,0.01,0.0882,31.28,32.45,31.83,32.56,-5.1779112,2.1672696499999997,-6.894074949999999,0.8,0.8,2.4,0,ble
person_b_session_01,recovery,high,2026-08-14T21:41:56.589+08:00,1786714916589,right,foot_right_001,2402087,343639990,0.0,0.0,0.0,0.0,0.0068,0.0611,31.1,31.95,25.19,32.65,3.7559469499999993,4.0991797,-6.7862018,-6.5,-1.9,-1.3,0,ble
person_b_session_01,recovery,high,2026-08-14T21:41:56.595+08:00,1786714916595,left,foot_left_001,2402087,343639990,0.0,0.0002,0.0129,0.0,0.0103,0.0994,31.28,32.45,31.83,32.56,-5.14849125,2.1476563499999997,-6.943108199999999,0.8,0.3,2.1,0,ble
person_b_session_01,recovery,high,2026-08-14T21:41:56.789+08:00,1786714916789,right,foot_right_001,2402087,343639991,0.0,0.0,0.0,0.0,0.0088,0.0545,31.13,31.95,25.19,32.65,3.8245934999999998,4.118792999999999,-6.7469752,-6.0,-0.7,-1.4,0,ble
person_b_session_01,recovery,high,2026-08-14T21:41:56.795+08:00,1786714916795,left,foot_left_001,2402087,343639991,0.0,0.001,0.019,0.0007,0.011,0.0977,31.34,32.45,31.83,32.56,-5.1582979,2.1280430499999996,-6.9038816,0.7,-0.4,1.7,0,ble
person_b_session_01,recovery,high,2026-08-14T21:41:56.989+08:00,1786714916989,right,foot_right_001,2402087,343639992,0.0,0.0,0.0,0.0,0.01,0.0542,31.13,31.92,25.19,32.65,3.87362675,4.0403398,-6.7665885,-6.2,-0.7,-1.2,0,ble
person_b_session_01,recovery,high,2026-08-14T21:41:56.995+08:00,1786714916995,left,foot_left_001,2402087,343639992,0.0002,0.0012,0.0215,0.001,0.0107,0.0965,31.34,32.45,31.86,32.53,-5.1582979,2.157463,-6.8842683,0.7,0.2,2.1,0,ble
person_b_session_01,recovery,high,2026-08-14T21:41:57.189+08:00,1786714917189,right,foot_right_001,2402087,343639993,0.0005,0.0,0.0,0.0,0.0112,0.0564,31.13,31.92,25.22,32.65,3.8442068,4.0599530999999995,-6.7862018,-6.1,-0.8,-1.1,0,ble
person_b_session_01,recovery,high,2026-08-14T21:41:57.195+08:00,1786714917195,left,foot_left_001,2402087,343639993,0.0,0.001,0.021,0.001,0.0107,0.0965,31.34,32.47,31.86,32.56,-5.16810455,2.1476563499999997,-6.8450416999999995,0.8,0.1,2.0,0,ble
person_b_session_01,recovery,high,2026-08-14T21:41:57.389+08:00,1786714917389,right,foot_right_001,2402087,343639994,0.0017,0.0,0.0002,0.0,0.0129,0.0564,31.1,31.95,25.19,32.65,3.85401345,4.03053315,-6.815621749999999,-6.0,-0.8,-1.2,0,ble
person_b_session_01,recovery,high,2026-08-14T21:41:57.395+08:00,1786714917395,left,foot_left_001,2402087,343639994,0.0,0.001,0.022,0.0007,0.011,0.0928,31.34,32.47,31.86,32.56,-5.1779112,2.1476563499999997,-6.864655,0.4,-0.2,2.0,0,ble
person_b_session_01,recovery,high,2026-08-14T21:41:57.589+08:00,1786714917589,right,foot_right_001,2402087,343639995,0.0029,0.0,0.002,0.0,0.0134,0.0564,31.1,31.95,25.19,32.65,3.8442068,4.03053315,-6.7469752,-6.1,-0.9,-1.2,0,ble
person_b_session_01,recovery,high,2026-08-14T21:41:57.595+08:00,1786714917595,left,foot_left_001,2402087,343639995,0.0002,0.001,0.0225,0.001,0.0107,0.0923,31.34,32.47,31.86,32.56,-5.18771785,2.157463,-6.874461649999999,0.6,0.1,2.1,0,ble
person_b_session_01,recovery,high,2026-08-14T21:41:57.789+08:00,1786714917789,right,foot_right_001,2402087,343639996,0.0029,0.0,0.0015,0.0,0.0134,0.0564,31.1,31.95,25.19,32.65,3.8834334,4.01091985,-6.7665885,-6.3,-0.8,-1.3,0,ble
person_b_session_01,recovery,high,2026-08-14T21:41:57.795+08:00,1786714917795,left,foot_left_001,2402087,343639996,0.0007,0.001,0.0225,0.0007,0.0107,0.0933,31.28,32.47,31.86,32.56,-5.1779112,2.1182364,-6.913688249999999,0.4,0.2,2.1,0,ble
person_b_session_01,recovery,high,2026-08-14T21:41:57.989+08:00,1786714917989,right,foot_right_001,2402087,343639997,0.0034,0.0,0.0017,0.0002,0.0139,0.0562,31.13,31.92,25.19,32.65,3.9030467,4.0795664,-6.7077485999999995,-6.3,-0.9,-1.3,0,ble
person_b_session_01,recovery,high,2026-08-14T21:41:57.995+08:00,1786714917995,left,foot_left_001,2402087,343639997,0.0007,0.0012,0.0232,0.001,0.011,0.0928,31.34,32.45,31.86,32.56,-5.20733115,2.1476563499999997,-6.894074949999999,0.7,0.1,2.1,0,ble
person_b_session_01,recovery,high,2026-08-14T21:41:58.189+08:00,1786714918189,right,foot_right_001,2402087,343639998,0.0039,0.0,0.0017,0.0,0.0147,0.0564,31.13,31.92,25.22,32.65,3.8638201,4.08937305,-6.73716855,-6.3,-1.0,-1.4,0,ble
person_b_session_01,recovery,high,2026-08-14T21:41:58.195+08:00,1786714918195,left,foot_left_001,2402087,343639998,0.0002,0.0015,0.0222,0.0007,0.011,0.0957,31.28,32.45,31.86,32.56,-5.1386845999999995,2.1280430499999996,-6.8254284,0.7,0.7,2.4,0,ble
person_b_session_01,recovery,high,2026-08-14T21:41:58.389+08:00,1786714918389,right,foot_right_001,2402087,343639999,0.0046,0.0,0.0017,0.0,0.0149,0.0569,31.1,31.92,25.19,32.65,3.87362675,3.99130655,-6.776395149999999,-6.1,-0.8,-1.2,0,ble
person_b_session_01,recovery,high,2026-08-14T21:41:58.395+08:00,1786714918395,left,foot_left_001,2402087,343639999,0.0,0.0005,0.0186,0.0002,0.0107,0.0987,31.28,32.45,31.86,32.56,-5.1779112,2.1280430499999996,-6.874461649999999,0.6,0.1,2.1,0,ble
person_b_session_01,recovery,high,2026-08-14T21:41:58.589+08:00,1786714918589,right,foot_right_001,2402087,343640000,0.0044,0.0,0.0017,0.0,0.0147,0.0564,31.13,31.92,25.22,32.65,3.93246665,3.95207995,-6.874461649999999,-6.8,0.0,-0.9,0,ble
person_b_session_01,recovery,high,2026-08-14T21:41:58.595+08:00,1786714918595,left,foot_left_001,2402087,343640000,0.0,0.0005,0.0168,0.0005,0.0107,0.0996,31.34,32.45,31.86,32.56,-5.197524499999999,2.1378497,-6.8254284,0.6,-0.1,2.0,0,ble
person_b_session_01,recovery,high,2026-08-14T21:41:59.189+08:00,1786714919189,right,foot_right_001,2402087,343640003,0.0027,0.0,0.0,0.0,0.0137,0.0584,31.1,31.95,25.22,32.65,3.8834334,4.0795664,-6.7469752,-6.5,-0.9,-1.4,0,ble
person_b_session_01,recovery,high,2026-08-14T21:41:59.194+08:00,1786714919194,left,foot_left_001,2402087,343640003,0.0,0.0002,0.0093,0.0,0.0115,0.1031,31.34,32.47,31.86,32.56,-4.991584849999999,1.8044235999999998,-7.453053999999999,-0.4,-0.1,1.4,0,ble
person_b_session_01,recovery,high,2026-08-14T21:41:59.389+08:00,1786714919389,right,foot_right_001,2402087,343640004,0.0022,0.0,0.0,0.0,0.0137,0.0601,31.13,31.92,25.22,32.65,3.93246665,4.1776329,-6.6096821,-6.7,-1.1,-1.7,0,ble
person_b_session_01,recovery,high,2026-08-14T21:41:59.394+08:00,1786714919394,left,foot_left_001,2402087,343640004,0.0,0.0007,0.009,0.0,0.011,0.1043,31.28,32.45,31.86,32.56,-4.7856452,1.9907499499999999,-6.97252815,1.4,0.4,3.5,0,ble
person_b_session_01,recovery,high,2026-08-14T21:41:59.589+08:00,1786714919589,right,foot_right_001,2402087,343640005,0.0022,0.0,0.0,0.0,0.0134,0.0613,31.1,31.95,25.19,32.65,3.8442068,4.069759749999999,-6.7469752,-6.2,-0.8,-1.3,0,ble
person_b_session_01,recovery,high,2026-08-14T21:41:59.594+08:00,1786714919594,left,foot_left_001,2402087,343640005,0.0,0.0005,0.0098,0.0,0.0112,0.1048,31.28,32.45,31.86,32.56,-4.57970555,2.1476563499999997,-7.1588544999999995,-0.3,0.3,3.2,0,ble
person_b_session_01,recovery,high,2026-08-14T21:41:59.789+08:00,1786714919789,right,foot_right_001,2402087,343640006,0.0,0.0,0.0,0.0,0.0085,0.0496,31.13,31.92,25.22,32.65,3.8834334,4.158019599999999,-6.717555249999999,-6.8,-1.8,-1.8,0,ble
person_b_session_01,recovery,high,2026-08-14T21:41:59.794+08:00,1786714919794,left,foot_left_001,2402087,343640006,0.0,0.0012,0.011,0.0002,0.0129,0.1067,31.28,32.45,31.83,32.56,-5.7466969,1.9711366499999998,-7.884546599999999,1.8,0.1,2.7,0,ble
person_b_session_01,recovery,high,2026-08-14T21:41:59.989+08:00,1786714919989,right,foot_right_001,2402087,343640007,0.0,0.0,0.0,0.0,0.0129,0.065,31.13,31.92,25.22,32.65,3.79517355,4.16782625,-6.6881353,-9.0,-2.2,-2.9,0,ble
person_b_session_01,recovery,high,2026-08-14T21:41:59.994+08:00,1786714919994,left,foot_left_001,2402087,343640007,0.0,0.001,0.0056,0.0,0.01,0.1031,31.34,32.47,31.86,32.56,-4.4129925,2.40262925,-5.7859235,-0.4,-0.4,1.4,0,ble
person_b_session_01,right_forefoot_high,high,2026-08-14T21:42:00.189+08:00,1786714920189,right,foot_right_001,2402087,343640008,0.0,0.0,0.0,0.0,0.0149,0.0799,31.13,31.92,25.22,32.65,3.7265269999999995,4.20705285,-6.678328649999999,-6.4,-0.7,-1.6,0,ble
person_b_session_01,right_forefoot_high,high,2026-08-14T21:42:00.194+08:00,1786714920194,left,foot_left_001,2402087,343640008,0.0,0.0002,0.0024,0.0,0.0063,0.0952,31.28,32.45,31.86,32.56,-5.197524499999999,2.1868829499999998,-6.864655,0.5,-0.1,1.9,0,ble
person_b_session_01,right_forefoot_high,high,2026-08-14T21:42:00.389+08:00,1786714920389,right,foot_right_001,2402087,343640009,0.0007,0.0,0.0,0.0,0.0178,0.0847,31.13,31.92,25.22,32.65,3.81478685,4.10898635,-6.73716855,-5.4,-0.5,-1.0,0,ble
person_b_session_01,right_forefoot_high,high,2026-08-14T21:42:00.394+08:00,1786714920394,left,foot_left_001,2402087,343640009,0.0,0.001,0.0063,0.0,0.0059,0.0891,31.28,32.45,31.86,32.56,-5.2269444499999995,2.1378497,-6.874461649999999,1.1,0.3,1.9,0,ble
person_b_session_01,right_forefoot_high,high,2026-08-14T21:42:00.589+08:00,1786714920589,right,foot_right_001,2402087,343640010,0.0007,0.0,0.0,0.0,0.0198,0.0842,31.13,31.92,25.22,32.65,3.8834334,4.20705285,-6.6881353,-6.1,-0.7,-1.2,0,ble
person_b_session_01,right_forefoot_high,high,2026-08-14T21:42:00.594+08:00,1786714920594,left,foot_left_001,2402087,343640010,0.0,0.001,0.0098,0.0,0.0056,0.0877,31.34,32.47,31.95,32.56,-5.2269444499999995,2.157463,-6.913688249999999,0.7,0.2,2.1,0,ble
person_b_session_01,right_forefoot_high,high,2026-08-14T21:42:00.789+08:00,1786714920789,right,foot_right_001,2402087,343640011,0.0002,0.0,0.0,0.0,0.0203,0.0803,31.1,31.92,25.22,32.65,3.83440015,4.1482129500000005,-6.69794195,-5.3,-1.4,-1.6,0,ble
person_b_session_01,right_forefoot_high,high,2026-08-14T21:42:00.794+08:00,1786714920794,left,foot_left_001,2402087,343640011,0.0,0.001,0.0098,0.0002,0.0068,0.0921,31.34,32.47,31.86,32.56,-5.18771785,2.1280430499999996,-6.854848349999999,1.0,0.4,2.4,0,ble
person_b_session_01,right_forefoot_high,high,2026-08-14T21:42:00.989+08:00,1786714920989,right,foot_right_001,2402087,343640012,0.0,0.0,0.0,0.0,0.0188,0.0762,31.13,31.92,25.22,32.65,3.8245934999999998,4.12859965,-6.65871535,-6.2,-0.9,-1.2,0,ble
person_b_session_01,right_forefoot_high,high,2026-08-14T21:42:00.994+08:00,1786714920994,left,foot_left_001,2402087,343640012,0.0,0.0007,0.01,0.0,0.0076,0.096,31.34,32.45,31.86,32.56,-5.1779112,2.1280430499999996,-6.9038816,1.1,0.3,1.9,0,ble
person_b_session_01,right_forefoot_high,high,2026-08-14T21:42:01.189+08:00,1786714921189,right,foot_right_001,2402087,343640013,0.0,0.0,0.0,0.0,0.019,0.0757,31.13,31.92,25.22,32.65,3.8245934999999998,4.0991797,-6.7469752,-6.2,-0.7,-1.1,0,ble
person_b_session_01,right_forefoot_high,high,2026-08-14T21:42:01.194+08:00,1786714921194,left,foot_left_001,2402087,343640013,0.0,0.001,0.0076,0.0002,0.0066,0.096,31.34,32.45,31.86,32.59,-5.16810455,2.1378497,-6.8842683,1.3,0.9,2.1,0,ble
person_b_session_01,right_forefoot_high,high,2026-08-14T21:42:01.389+08:00,1786714921389,right,foot_right_001,2402087,343640014,0.0007,0.0,0.0,0.0,0.0198,0.0713,31.13,31.92,25.22,32.65,3.8638201,4.12859965,-6.756781849999999,-4.8,-0.3,-0.2,0,ble
person_b_session_01,right_forefoot_high,high,2026-08-14T21:42:01.394+08:00,1786714921394,left,foot_left_001,2402087,343640014,0.0,0.0,0.0044,0.001,0.0056,0.0921,31.34,32.42,31.86,32.56,-5.1386845999999995,2.1182364,-6.864655,0.7,1.3,2.1,0,ble
person_b_session_01,right_forefoot_high,high,2026-08-14T21:42:01.589+08:00,1786714921589,right,foot_right_001,2402087,343640015,0.0059,0.0005,0.0044,0.0,0.0203,0.0603,31.1,31.95,25.19,32.62,3.9030467,4.0795664,-6.73716855,-5.8,-0.8,-0.7,0,ble
person_b_session_01,right_forefoot_high,high,2026-08-14T21:42:01.594+08:00,1786714921594,left,foot_left_001,2402087,343640015,0.0,0.0007,0.0054,0.0002,0.0063,0.0904,31.28,32.33,31.83,32.56,-5.1582979,2.10842975,-6.8842683,0.3,0.1,2.0,0,ble
person_b_session_01,right_forefoot_high,high,2026-08-14T21:42:01.789+08:00,1786714921789,right,foot_right_001,2402087,343640016,0.042,0.001,0.0056,0.0,0.0188,0.0408,31.1,31.95,25.19,32.65,4.01091985,3.99130655,-6.992141449999999,-4.8,0.8,0.2,0,ble
person_b_session_01,right_forefoot_high,high,2026-08-14T21:42:01.794+08:00,1786714921794,left,foot_left_001,2402087,343640016,0.0,0.0007,0.0022,0.001,0.0054,0.0803,31.28,32.27,31.86,32.56,-5.1386845999999995,2.1672696499999997,-6.864655,0.5,0.2,1.6,0,ble
person_b_session_01,right_forefoot_high,high,2026-08-14T21:42:01.989+08:00,1786714921989,right,foot_right_001,2402087,343640017,0.1739,0.0049,0.0061,0.0042,0.0149,0.0293,31.1,31.95,25.19,32.65,3.9422732999999996,4.05014645,-6.7469752,-7.0,-1.1,-1.1,0,ble
person_b_session_01,right_forefoot_high,high,2026-08-14T21:42:01.994+08:00,1786714921994,left,foot_left_001,2402087,343640017,0.0,0.0007,0.001,0.0017,0.0042,0.0711,31.28,32.24,31.83,32.56,-5.16810455,2.1280430499999996,-6.874461649999999,0.3,0.0,2.1,0,ble
person_b_session_01,right_forefoot_high,high,2026-08-14T21:42:02.189+08:00,1786714922189,right,foot_right_001,2402087,343640018,0.2137,0.0061,0.0068,0.0029,0.0176,0.0327,31.1,31.95,25.19,32.62,3.8932400499999997,4.03053315,-6.73716855,-6.2,-0.9,-1.1,0,ble
person_b_session_01,right_forefoot_high,high,2026-08-14T21:42:02.194+08:00,1786714922194,left,foot_left_001,2402087,343640018,0.0,0.0005,0.0,0.0015,0.0024,0.0662,31.28,32.24,31.86,32.56,-5.16810455,2.1868829499999998,-6.943108199999999,0.5,0.4,2.0,0,ble
person_b_session_01,right_forefoot_high,high,2026-08-14T21:42:02.389+08:00,1786714922389,right,foot_right_001,2402087,343640019,0.2107,0.0051,0.0054,0.0039,0.0173,0.0357,31.1,31.95,25.19,32.65,3.9422732999999996,4.0599530999999995,-6.7665885,-6.2,-0.8,-1.1,0,ble
person_b_session_01,right_forefoot_high,high,2026-08-14T21:42:02.394+08:00,1786714922394,left,foot_left_001,2402087,343640019,0.0,0.0005,0.0002,0.0012,0.0032,0.0681,31.28,32.18,31.86,32.59,-5.14849125,2.08881645,-6.9333015499999995,0.6,0.5,2.3,0,ble
person_b_session_01,right_forefoot_high,high,2026-08-14T21:42:02.589+08:00,1786714922589,right,foot_right_001,2402087,343640020,0.2068,0.0044,0.0039,0.0056,0.0149,0.0381,31.1,31.95,25.19,32.65,3.91285335,4.03053315,-6.678328649999999,-6.3,-0.9,-1.3,0,ble
person_b_session_01,right_forefoot_high,high,2026-08-14T21:42:02.594+08:00,1786714922594,left,foot_left_001,2402087,343640020,0.0,0.0005,0.0002,0.0017,0.0037,0.0698,31.28,32.15,31.83,32.59,-5.12887795,2.1966895999999996,-6.874461649999999,0.7,0.2,2.3,0,ble
person_b_session_01,right_forefoot_high,high,2026-08-14T21:42:02.789+08:00,1786714922789,right,foot_right_001,2402087,343640021,0.2093,0.002,0.0015,0.0049,0.0149,0.0459,31.13,31.92,25.22,32.65,3.8834334,4.0403398,-6.7665885,-6.2,-1.1,-1.7,0,ble
person_b_session_01,right_forefoot_high,high,2026-08-14T21:42:02.794+08:00,1786714922794,left,foot_left_001,2402087,343640021,0.0,0.0005,0.0005,0.0012,0.0032,0.0723,31.28,32.15,31.83,32.56,-5.14849125,2.1476563499999997,-6.8842683,0.7,0.2,2.0,0,ble
person_b_session_01,right_forefoot_high,high,2026-08-14T21:42:02.989+08:00,1786714922989,right,foot_right_001,2402087,343640022,0.2068,0.0027,0.0012,0.0034,0.0151,0.0488,31.13,31.95,25.19,32.65,3.93246665,4.0599530999999995,-6.6881353,-6.3,-0.8,-1.2,0,ble
person_b_session_01,right_forefoot_high,high,2026-08-14T21:42:02.994+08:00,1786714922994,left,foot_left_001,2402087,343640022,0.0,0.0007,0.001,0.0012,0.0037,0.0733,31.28,32.09,31.86,32.59,-5.1386845999999995,2.1868829499999998,-6.864655,0.2,-0.2,2.1,0,ble
person_b_session_01,right_forefoot_high,high,2026-08-14T21:42:03.189+08:00,1786714923189,right,foot_right_001,2402087,343640023,0.2088,0.0029,0.002,0.0051,0.0166,0.0484,31.1,31.95,25.19,32.65,3.8932400499999997,4.069759749999999,-6.668522,-6.2,-0.9,-1.3,0,ble
person_b_session_01,right_forefoot_high,high,2026-08-14T21:42:03.194+08:00,1786714923194,left,foot_left_001,2402087,343640023,0.0,0.0007,0.0007,0.0015,0.0042,0.0733,31.34,32.09,31.86,32.59,-5.1779112,2.1672696499999997,-6.943108199999999,0.7,0.3,2.0,0,ble
person_b_session_01,right_forefoot_high,high,2026-08-14T21:42:03.389+08:00,1786714923389,right,foot_right_001,2402087,343640024,0.2112,0.0034,0.0029,0.0054,0.0166,0.0459,31.13,31.95,25.19,32.65,3.91285335,4.05014645,-6.6881353,-6.2,-0.8,-1.4,0,ble
person_b_session_01,right_forefoot_high,high,2026-08-14T21:42:03.394+08:00,1786714923394,left,foot_left_001,2402087,343640024,0.0,0.0007,0.0005,0.0012,0.0042,0.0735,31.28,32.09,31.86,32.59,-5.1779112,2.1770762999999995,-6.9234949,0.6,0.2,2.3,0,ble
person_b_session_01,right_forefoot_high,high,2026-08-14T21:42:03.589+08:00,1786714923589,right,foot_right_001,2402087,343640025,0.2071,0.0037,0.0034,0.0059,0.0161,0.0484,31.13,31.95,25.19,32.65,3.93246665,4.020726499999999,-6.69794195,-6.2,-0.9,-1.3,0,ble
person_b_session_01,right_forefoot_high,high,2026-08-14T21:42:03.594+08:00,1786714923594,left,foot_left_001,2402087,343640025,0.0,0.0007,0.0007,0.0015,0.0044,0.0747,31.28,32.03,31.86,32.59,-5.14849125,2.1770762999999995,-6.9333015499999995,0.6,0.3,2.2,0,ble
person_b_session_01,right_forefoot_high,high,2026-08-14T21:42:03.789+08:00,1786714923789,right,foot_right_001,2402087,343640026,0.2061,0.0039,0.0039,0.0059,0.0166,0.0484,31.13,31.95,25.19,32.65,3.93246665,4.020726499999999,-6.717555249999999,-6.2,-0.9,-1.3,0,ble
person_b_session_01,right_forefoot_high,high,2026-08-14T21:42:03.794+08:00,1786714923794,left,foot_left_001,2402087,343640026,0.0,0.0005,0.0005,0.0012,0.0044,0.0755,31.34,32.01,31.83,32.59,-5.1582979,2.1966895999999996,-6.913688249999999,0.6,0.3,2.1,0,ble
person_b_session_01,right_forefoot_high,high,2026-08-14T21:42:03.989+08:00,1786714923989,right,foot_right_001,2402087,343640027,0.2,0.0037,0.0032,0.0051,0.0156,0.0496,31.13,31.92,25.19,32.65,3.95207995,4.0011132,-6.7273619,-6.4,-0.6,-1.4,0,ble
person_b_session_01,right_forefoot_high,high,2026-08-14T21:42:03.994+08:00,1786714923994,left,foot_left_001,2402087,343640027,0.0,0.0005,0.0002,0.0012,0.0046,0.0757,31.28,31.92,31.86,32.56,-5.10926465,2.1770762999999995,-6.913688249999999,0.5,0.2,2.2,0,ble
person_b_session_01,right_forefoot_high,high,2026-08-14T21:42:04.189+08:00,1786714924189,right,foot_right_001,2402087,343640028,0.1905,0.0027,0.0029,0.0046,0.0171,0.0518,31.13,31.95,25.19,32.65,3.93246665,4.01091985,-6.7273619,-6.1,-0.9,-1.4,0,ble
person_b_session_01,right_forefoot_high,high,2026-08-14T21:42:04.194+08:00,1786714924194,left,foot_left_001,2402087,343640028,0.0,0.0005,0.0002,0.0012,0.0044,0.0759,31.34,31.95,31.86,32.59,-5.14849125,2.157463,-6.854848349999999,0.5,0.3,2.2,0,ble
person_b_session_01,right_forefoot_high,high,2026-08-14T21:42:04.389+08:00,1786714924389,right,foot_right_001,2402087,343640029,0.1805,0.0017,0.0024,0.0051,0.0168,0.053,31.13,31.95,25.19,32.65,3.9618865999999997,4.0403398,-6.7469752,-6.0,-1.2,-1.6,0,ble
person_b_session_01,right_forefoot_high,high,2026-08-14T21:42:04.394+08:00,1786714924394,left,foot_left_001,2402087,343640029,0.0,0.0005,0.0,0.0012,0.0042,0.0759,31.34,31.83,31.86,32.59,-5.1582979,2.2751428000000002,-6.952914849999999,0.6,0.7,2.1,0,ble
person_b_session_01,right_forefoot_high,high,2026-08-14T21:42:04.589+08:00,1786714924589,right,foot_right_001,2402087,343640030,0.1692,0.0005,0.0005,0.0037,0.0166,0.0576,31.16,31.92,25.22,32.65,3.9422732999999996,4.0599530999999995,-6.7077485999999995,-6.1,-0.9,-1.4,0,ble
person_b_session_01,right_forefoot_high,high,2026-08-14T21:42:04.594+08:00,1786714924594,left,foot_left_001,2402087,343640030,0.0,0.0002,0.0,0.0017,0.0037,0.0762,31.34,31.83,31.86,32.59,-5.14849125,2.1868829499999998,-6.864655,0.5,0.2,2.2,0,ble
person_b_session_01,right_forefoot_high,high,2026-08-14T21:42:04.789+08:00,1786714924789,right,foot_right_001,2402087,343640031,0.1692,0.0002,0.0002,0.0042,0.0149,0.0591,31.16,31.92,25.22,32.65,3.93246665,4.020726499999999,-6.717555249999999,-6.3,-1.0,-1.4,0,ble
person_b_session_01,right_forefoot_high,high,2026-08-14T21:42:04.794+08:00,1786714924794,left,foot_left_001,2402087,343640031,0.0,0.0005,0.0,0.0012,0.0042,0.0767,31.28,31.77,31.86,32.56,-5.1386845999999995,2.1966895999999996,-6.9038816,0.7,0.1,2.1,0,ble
person_b_session_01,right_forefoot_high,high,2026-08-14T21:42:04.989+08:00,1786714924989,right,foot_right_001,2402087,343640032,0.1751,0.0005,0.0005,0.0044,0.0154,0.0591,31.13,31.95,25.19,32.65,3.9030467,4.020726499999999,-6.6881353,-6.3,-0.8,-1.2,0,ble
person_b_session_01,right_forefoot_high,high,2026-08-14T21:42:04.994+08:00,1786714924994,left,foot_left_001,2402087,343640032,0.0,0.0005,0.0,0.0015,0.0042,0.0767,31.34,31.77,31.95,32.59,-5.12887795,2.1770762999999995,-6.894074949999999,0.8,0.0,1.9,0,ble
person_b_session_01,right_forefoot_high,high,2026-08-14T21:42:05.189+08:00,1786714925189,right,foot_right_001,2402087,343640033,0.1856,0.001,0.0017,0.0039,0.0164,0.0562,31.13,31.95,25.19,32.65,3.93246665,4.03053315,-6.7665885,-6.2,-0.9,-1.3,0,ble
person_b_session_01,right_forefoot_high,high,2026-08-14T21:42:05.194+08:00,1786714925194,left,foot_left_001,2402087,343640033,0.0,0.0005,0.0002,0.0017,0.0039,0.0759,31.34,31.77,31.86,32.59,-5.1386845999999995,2.1868829499999998,-6.9333015499999995,0.6,0.0,2.0,0,ble
person_b_session_01,right_forefoot_high,high,2026-08-14T21:42:05.389+08:00,1786714925389,right,foot_right_001,2402087,343640034,0.1868,0.0015,0.0024,0.0046,0.0168,0.0535,31.13,31.92,25.19,32.65,3.93246665,4.069759749999999,-6.7273619,-6.3,-0.9,-1.3,0,ble
person_b_session_01,right_forefoot_high,high,2026-08-14T21:42:05.394+08:00,1786714925394,left,foot_left_001,2402087,343640034,0.0,0.0005,0.0005,0.002,0.0039,0.0755,31.34,31.71,31.86,32.59,-5.12887795,2.1770762999999995,-6.9038816,0.7,0.4,2.2,0,ble
person_b_session_01,right_forefoot_high,high,2026-08-14T21:42:05.589+08:00,1786714925589,right,foot_right_001,2402087,343640035,0.1893,0.0017,0.0029,0.0046,0.0168,0.0523,31.16,31.92,25.19,32.65,3.9422732999999996,3.9618865999999997,-6.776395149999999,-6.3,-0.6,-1.1,0,ble
person_b_session_01,right_forefoot_high,high,2026-08-14T21:42:05.594+08:00,1786714925594,left,foot_left_001,2402087,343640035,0.0,0.0005,0.0007,0.0022,0.0042,0.0757,31.34,31.71,31.86,32.59,-5.12887795,2.1770762999999995,-6.9038816,0.9,0.3,2.1,0,ble
person_b_session_01,right_forefoot_high,high,2026-08-14T21:42:05.789+08:00,1786714925789,right,foot_right_001,2402087,343640036,0.1875,0.002,0.0029,0.0059,0.0166,0.0501,31.16,31.92,25.19,32.65,3.95207995,3.97169325,-6.776395149999999,-6.5,-0.7,-1.0,0,ble
person_b_session_01,right_forefoot_high,high,2026-08-14T21:42:05.794+08:00,1786714925794,left,foot_left_001,2402087,343640036,0.0,0.0005,0.0005,0.0017,0.0044,0.0767,31.34,31.71,31.86,32.59,-5.12887795,2.1770762999999995,-6.8842683,0.2,0.0,2.4,0,ble
person_b_session_01,right_forefoot_high,high,2026-08-14T21:42:05.989+08:00,1786714925989,right,foot_right_001,2402087,343640037,0.1961,0.0024,0.0049,0.0061,0.0168,0.0454,31.16,31.92,25.19,32.65,3.91285335,4.05014645,-6.7273619,-6.5,-0.6,-1.0,0,ble
person_b_session_01,right_forefoot_high,high,2026-08-14T21:42:05.994+08:00,1786714925994,left,foot_left_001,2402087,343640037,0.0,0.0005,0.0,0.001,0.0044,0.0781,31.28,31.68,31.86,32.59,-5.1386845999999995,2.2163028999999996,-6.894074949999999,0.6,-0.3,2.1,0,ble
person_b_session_01,right_forefoot_high,high,2026-08-14T21:42:06.189+08:00,1786714926189,right,foot_right_001,2402087,343640038,0.2051,0.0042,0.0063,0.0095,0.0149,0.0383,31.16,31.92,25.19,32.65,3.93246665,4.05014645,-6.668522,-6.7,-0.9,-1.1,0,ble
person_b_session_01,right_forefoot_high,high,2026-08-14T21:42:06.194+08:00,1786714926194,left,foot_left_001,2402087,343640038,0.0,0.0002,0.0,0.0007,0.0034,0.0794,31.34,31.68,31.86,32.59,-5.10926465,2.1966895999999996,-6.913688249999999,0.6,0.9,2.3,0,ble
person_b_session_01,right_forefoot_high,high,2026-08-14T21:42:06.389+08:00,1786714926389,right,foot_right_001,2402087,343640039,0.2315,0.0056,0.0144,0.0151,0.0107,0.0242,31.16,31.92,25.19,32.65,3.9618865999999997,4.05014645,-6.7077485999999995,-6.5,-0.9,-1.2,0,ble
person_b_session_01,right_forefoot_high,high,2026-08-14T21:42:06.394+08:00,1786714926394,left,foot_left_001,2402087,343640039,0.0,0.0,0.0,0.0002,0.0005,0.0833,31.34,31.66,31.86,32.59,-5.10926465,2.22610955,-6.8842683,1.5,1.0,1.7,0,ble
person_b_session_01,right_forefoot_high,high,2026-08-14T21:42:06.589+08:00,1786714926589,right,foot_right_001,2402087,343640040,0.2427,0.0063,0.0178,0.0171,0.0112,0.0215,31.19,31.92,25.19,32.65,4.01091985,4.0599530999999995,-6.6096821,-6.3,-1.0,-1.3,0,ble
person_b_session_01,right_forefoot_high,high,2026-08-14T21:42:06.594+08:00,1786714926594,left,foot_left_001,2402087,343640040,0.0,0.0,0.0,0.0005,0.0002,0.0855,31.28,31.66,31.86,32.59,-5.10926465,2.2457228499999995,-6.854848349999999,-0.2,0.2,2.7,0,ble
person_b_session_01,right_forefoot_high,high,2026-08-14T21:42:06.789+08:00,1786714926789,right,foot_right_001,2402087,343640041,0.2339,0.0061,0.0173,0.0137,0.0122,0.0266,31.16,31.92,25.22,32.65,3.9814998999999998,4.03053315,-6.678328649999999,-6.2,-1.0,-1.7,0,ble
person_b_session_01,right_forefoot_high,high,2026-08-14T21:42:06.794+08:00,1786714926794,left,foot_left_001,2402087,343640041,0.0,0.0,0.0,0.0,0.0005,0.0872,31.34,31.66,31.95,32.59,-5.1779112,2.2457228499999995,-6.9234949,0.3,-1.2,2.1,0,ble
person_b_session_01,right_forefoot_high,high,2026-08-14T21:42:06.989+08:00,1786714926989,right,foot_right_001,2402087,343640042,0.22,0.0063,0.0139,0.0115,0.0132,0.03,31.19,31.92,25.19,32.65,3.9422732999999996,4.05014645,-6.7273619,-6.0,-1.1,-1.4,0,ble
person_b_session_01,right_forefoot_high,high,2026-08-14T21:42:06.994+08:00,1786714926994,left,foot_left_001,2402087,343640042,0.0,0.0,0.0,0.0,0.001,0.0874,31.28,31.66,31.83,32.59,-5.1582979,2.2359161999999997,-6.9038816,0.8,0.0,2.1,0,ble
person_b_session_01,right_forefoot_high,high,2026-08-14T21:42:07.189+08:00,1786714927189,right,foot_right_001,2402087,343640043,0.2249,0.0073,0.0171,0.0132,0.0134,0.0293,31.16,31.92,25.19,32.65,3.9618865999999997,4.03053315,-6.7273619,-6.3,-0.9,-1.2,0,ble
person_b_session_01,right_forefoot_high,high,2026-08-14T21:42:07.194+08:00,1786714927194,left,foot_left_001,2402087,343640043,0.0,0.0002,0.0,0.0002,0.0015,0.0879,31.34,31.6,31.86,32.59,-5.16810455,2.2359161999999997,-6.9038816,0.4,0.2,2.2,0,ble
person_b_session_01,right_forefoot_high,high,2026-08-14T21:42:07.389+08:00,1786714927389,right,foot_right_001,2402087,343640044,0.2247,0.0076,0.0193,0.0132,0.0137,0.0291,31.19,31.92,25.19,32.65,3.97169325,4.05014645,-6.6881353,-6.3,-0.9,-1.3,0,ble
person_b_session_01,right_forefoot_high,high,2026-08-14T21:42:07.394+08:00,1786714927394,left,foot_left_001,2402087,343640044,0.0,0.0002,0.0,0.0005,0.0015,0.0882,31.28,31.57,31.86,32.59,-5.1582979,2.2555294999999997,-6.894074949999999,0.8,0.2,2.1,0,ble
person_b_session_01,right_forefoot_high,high,2026-08-14T21:42:07.589+08:00,1786714927589,right,foot_right_001,2402087,343640045,0.2203,0.0078,0.0203,0.0127,0.0139,0.0288,31.19,31.92,25.19,32.65,3.9814998999999998,4.0599530999999995,-6.717555249999999,-6.3,-1.0,-1.4,0,ble
person_b_session_01,right_forefoot_high,high,2026-08-14T21:42:07.594+08:00,1786714927594,left,foot_left_001,2402087,343640045,0.0,0.0,0.0,0.0002,0.0015,0.0882,31.34,31.6,31.86,32.59,-5.16810455,2.26533615,-6.854848349999999,0.3,0.1,2.2,0,ble
person_b_session_01,right_forefoot_high,high,2026-08-14T21:42:07.789+08:00,1786714927789,right,foot_right_001,2402087,343640046,0.2066,0.0076,0.0203,0.0127,0.0147,0.0305,31.19,31.92,25.19,32.65,3.9618865999999997,4.01091985,-6.6881353,-6.4,-1.0,-1.6,0,ble
person_b_session_01,right_forefoot_high,high,2026-08-14T21:42:07.794+08:00,1786714927794,left,foot_left_001,2402087,343640046,0.0,0.0002,0.0,0.0007,0.0015,0.0882,31.34,31.57,31.86,32.59,-5.16810455,2.2359161999999997,-6.874461649999999,0.6,0.0,2.0,0,ble
person_b_session_01,right_forefoot_high,high,2026-08-14T21:42:07.989+08:00,1786714927989,right,foot_right_001,2402087,343640047,0.1929,0.0071,0.0183,0.0122,0.0149,0.033,31.19,31.92,25.19,32.65,3.95207995,4.0403398,-6.7077485999999995,-6.3,-0.9,-1.2,0,ble
person_b_session_01,right_forefoot_high,high,2026-08-14T21:42:07.994+08:00,1786714927994,left,foot_left_001,2402087,343640047,0.0,0.0,0.0,0.0002,0.0015,0.0884,31.34,31.57,31.86,32.56,-5.16810455,2.2359161999999997,-6.8842683,0.7,0.1,2.0,0,ble
person_b_session_01,right_forefoot_high,high,2026-08-14T21:42:08.189+08:00,1786714928189,right,foot_right_001,2402087,343640048,0.1983,0.0081,0.0215,0.0129,0.0151,0.0283,31.19,31.92,25.19,32.65,3.9814998999999998,4.0599530999999995,-6.6881353,-6.4,-0.7,-1.3,0,ble
person_b_session_01,right_forefoot_high,high,2026-08-14T21:42:08.194+08:00,1786714928194,left,foot_left_001,2402087,343640048,0.0,0.0,0.0,0.0005,0.002,0.0874,31.34,31.57,31.86,32.62,-5.12887795,2.26533615,-6.9234949,1.1,0.6,2.1,0,ble
person_b_session_01,right_forefoot_high,high,2026-08-14T21:42:08.389+08:00,1786714928389,right,foot_right_001,2402087,343640049,0.1949,0.0098,0.0242,0.0142,0.0156,0.0261,31.19,31.92,25.19,32.65,3.9618865999999997,4.05014645,-6.6881353,-6.2,-0.9,-1.3,0,ble
person_b_session_01,right_forefoot_high,high,2026-08-14T21:42:08.394+08:00,1786714928394,left,foot_left_001,2402087,343640049,0.0,0.0002,0.0,0.0012,0.002,0.0862,31.34,31.57,31.95,32.59,-5.16810455,2.22610955,-6.874461649999999,1.3,0.2,1.7,0,ble
person_b_session_01,right_forefoot_high,high,2026-08-14T21:42:08.589+08:00,1786714928589,right,foot_right_001,2402087,343640050,0.1944,0.01,0.0254,0.0149,0.0151,0.0252,31.16,31.92,25.19,32.65,3.97169325,4.05014645,-6.7077485999999995,-6.2,-1.0,-1.4,0,ble
person_b_session_01,right_forefoot_high,high,2026-08-14T21:42:08.594+08:00,1786714928594,left,foot_left_001,2402087,343640050,0.0,0.0,0.0,0.001,0.0022,0.0872,31.34,31.54,31.95,32.59,-5.10926465,2.22610955,-6.913688249999999,0.6,0.2,2.3,0,ble
person_b_session_01,right_forefoot_high,high,2026-08-14T21:42:08.789+08:00,1786714928789,right,foot_right_001,2402087,343640051,0.1924,0.0095,0.0249,0.0144,0.0147,0.0259,31.19,31.92,25.19,32.65,4.020726499999999,4.05014645,-6.6489087,-6.4,-0.8,-1.4,0,ble
person_b_session_01,right_forefoot_high,high,2026-08-14T21:42:08.794+08:00,1786714928794,left,foot_left_001,2402087,343640051,0.0,0.0,0.0,0.001,0.0024,0.0882,31.34,31.48,31.86,32.59,-5.10926465,2.22610955,-6.894074949999999,0.6,0.2,2.1,0,ble
person_b_session_01,right_forefoot_high,high,2026-08-14T21:42:08.989+08:00,1786714928989,right,foot_right_001,2402087,343640052,0.1805,0.0088,0.0232,0.0127,0.0149,0.0283,31.19,31.92,25.19,32.65,3.97169325,4.0599530999999995,-6.6881353,-6.2,-0.9,-1.4,0,ble
person_b_session_01,right_forefoot_high,high,2026-08-14T21:42:08.994+08:00,1786714928994,left,foot_left_001,2402087,343640052,0.0,0.0,0.0,0.001,0.0024,0.0891,31.34,31.48,31.86,32.59,-5.1386845999999995,2.1966895999999996,-6.9038816,0.4,0.1,2.4,0,ble
person_b_session_01,right_forefoot_high,high,2026-08-14T21:42:09.189+08:00,1786714929189,right,foot_right_001,2402087,343640053,0.1853,0.0088,0.0237,0.0132,0.0149,0.0286,31.19,31.92,25.22,32.71,3.97169325,4.03053315,-6.7077485999999995,-6.3,-0.9,-1.3,0,ble
person_b_session_01,right_forefoot_high,high,2026-08-14T21:42:09.194+08:00,1786714929194,left,foot_left_001,2402087,343640053,0.0,0.0,0.0,0.001,0.0027,0.0904,31.34,31.48,31.86,32.59,-5.1386845999999995,2.2359161999999997,-6.894074949999999,0.6,0.2,2.1,0,ble
person_b_session_01,right_forefoot_high,high,2026-08-14T21:42:09.389+08:00,1786714929389,right,foot_right_001,2402087,343640054,0.1827,0.0088,0.0225,0.0129,0.0156,0.0295,31.19,31.92,25.19,32.65,3.9814998999999998,4.05014645,-6.7077485999999995,-6.3,-0.9,-1.5,0,ble
person_b_session_01,right_forefoot_high,high,2026-08-14T21:42:09.394+08:00,1786714929394,left,foot_left_001,2402087,343640054,0.0,0.0,0.0,0.0007,0.0027,0.0908,31.28,31.48,31.83,32.59,-5.16810455,2.2359161999999997,-6.874461649999999,0.2,0.1,2.4,0,ble
person_b_session_01,right_forefoot_high,high,2026-08-14T21:42:09.589+08:00,1786714929589,right,foot_right_001,2402087,343640055,0.1724,0.0076,0.0173,0.011,0.0168,0.0337,31.19,31.92,25.19,32.65,3.9618865999999997,4.020726499999999,-6.69794195,-6.1,-1.1,-1.6,0,ble
person_b_session_01,right_forefoot_high,high,2026-08-14T21:42:09.594+08:00,1786714929594,left,foot_left_001,2402087,343640055,0.0,0.0,0.0,0.0005,0.0024,0.0911,31.28,31.48,31.86,32.59,-5.14849125,2.2163028999999996,-6.9038816,0.2,0.1,2.4,0,ble
person_b_session_01,right_forefoot_high,high,2026-08-14T21:42:09.789+08:00,1786714929789,right,foot_right_001,2402087,343640056,0.1746,0.0071,0.0159,0.0112,0.0173,0.0354,31.19,31.92,25.19,32.65,3.97169325,4.03053315,-6.69794195,-6.2,-1.0,-1.3,0,ble
person_b_session_01,right_forefoot_high,high,2026-08-14T21:42:09.794+08:00,1786714929794,left,foot_left_001,2402087,343640056,0.0,0.0,0.0,0.0,0.0029,0.0911,31.28,31.48,31.86,32.59,-5.1190713,2.2163028999999996,-6.864655,0.6,0.2,2.1,0,ble
person_b_session_01,right_forefoot_high,high,2026-08-14T21:42:09.989+08:00,1786714929989,right,foot_right_001,2402087,343640057,0.1844,0.0073,0.0186,0.0134,0.0171,0.0342,31.19,31.98,25.19,32.71,3.93246665,4.03053315,-6.717555249999999,-6.1,-1.0,-1.2,0,ble
person_b_session_01,right_forefoot_high,high,2026-08-14T21:42:09.994+08:00,1786714929994,left,foot_left_001,2402087,343640057,0.0,0.0002,0.0,0.0002,0.0029,0.0913,31.28,31.48,31.86,32.59,-5.14849125,2.2359161999999997,-6.8450416999999995,0.9,0.0,1.9,0,ble
person_b_session_01,right_forefoot_high,high,2026-08-14T21:42:10.189+08:00,1786714930189,right,foot_right_001,2402087,343640058,0.1885,0.0083,0.0217,0.0142,0.0171,0.033,31.19,31.98,25.19,32.71,3.97169325,4.0403398,-6.7077485999999995,-6.4,-0.8,-1.4,0,ble
person_b_session_01,right_forefoot_high,high,2026-08-14T21:42:10.194+08:00,1786714930194,left,foot_left_001,2402087,343640058,0.0,0.0002,0.0,0.0005,0.0029,0.0913,31.34,31.48,31.95,32.62,-5.1582979,2.26533615,-6.913688249999999,1.0,0.3,2.0,0,ble
person_b_session_01,right_forefoot_high,high,2026-08-14T21:42:10.389+08:00,1786714930389,right,foot_right_001,2402087,343640059,0.1888,0.0088,0.0234,0.0147,0.0171,0.0308,31.16,31.92,25.19,32.65,3.9814998999999998,4.03053315,-6.6881353,-6.4,-0.7,-1.1,0,ble
person_b_session_01,right_forefoot_high,high,2026-08-14T21:42:10.394+08:00,1786714930394,left,foot_left_001,2402087,343640059,0.0,0.0002,0.0,0.0005,0.0029,0.0913,31.28,31.48,31.86,32.59,-5.1582979,2.2359161999999997,-6.9234949,0.9,0.2,1.9,0,ble
person_b_session_01,right_forefoot_high,high,2026-08-14T21:42:10.589+08:00,1786714930589,right,foot_right_001,2402087,343640060,0.1844,0.0093,0.0249,0.0161,0.0173,0.0303,31.19,31.92,25.19,32.65,3.9814998999999998,4.0599530999999995,-6.69794195,-6.3,-0.9,-1.3,0,ble
person_b_session_01,right_forefoot_high,high,2026-08-14T21:42:10.594+08:00,1786714930594,left,foot_left_001,2402087,343640060,0.0,0.0,0.0,0.0002,0.0029,0.0908,31.34,31.39,31.86,32.59,-5.12887795,2.20649625,-6.9038816,0.9,0.2,1.9,0,ble
person_b_session_01,right_forefoot_high,high,2026-08-14T21:42:10.789+08:00,1786714930789,right,foot_right_001,2402087,343640061,0.1819,0.0095,0.0249,0.0166,0.0173,0.0308,31.16,31.95,25.19,32.65,3.95207995,4.01091985,-6.69794195,-6.2,-0.9,-1.3,0,ble
person_b_session_01,right_forefoot_high,high,2026-08-14T21:42:10.794+08:00,1786714930794,left,foot_left_001,2402087,343640061,0.0,0.0,0.0,0.0007,0.0029,0.0911,31.28,31.39,31.83,32.59,-5.1582979,2.2359161999999997,-6.8842683,0.6,0.2,2.2,0,ble
person_b_session_01,right_forefoot_high,high,2026-08-14T21:42:10.989+08:00,1786714930989,right,foot_right_001,2402087,343640062,0.1807,0.0095,0.0259,0.0154,0.0173,0.0308,31.19,31.92,25.19,32.65,3.9422732999999996,4.0599530999999995,-6.69794195,-6.3,-0.9,-1.2,0,ble
person_b_session_01,right_forefoot_high,high,2026-08-14T21:42:10.994+08:00,1786714930994,left,foot_left_001,2402087,343640062,0.0,0.0,0.0,0.0007,0.0029,0.0911,31.34,31.39,31.95,32.62,-5.1386845999999995,2.22610955,-6.952914849999999,0.7,0.0,2.0,0,ble
person_b_session_01,right_forefoot_high,high,2026-08-14T21:42:11.189+08:00,1786714931189,right,foot_right_001,2402087,343640063,0.1663,0.0098,0.0261,0.0176,0.0171,0.0303,31.16,31.92,25.19,32.65,3.95207995,4.03053315,-6.7273619,-6.2,-0.9,-1.3,0,ble
person_b_session_01,right_forefoot_high,high,2026-08-14T21:42:11.194+08:00,1786714931194,left,foot_left_001,2402087,343640063,0.0,0.0,0.0,0.001,0.0029,0.0911,31.34,31.39,31.86,32.62,-5.12887795,2.2555294999999997,-6.874461649999999,0.6,0.2,2.1,0,ble
person_b_session_01,right_forefoot_high,high,2026-08-14T21:42:11.389+08:00,1786714931389,right,foot_right_001,2402087,343640064,0.1773,0.01,0.0264,0.0181,0.0168,0.0298,31.19,31.92,25.19,32.71,3.99130655,4.05014645,-6.678328649999999,-6.2,-1.0,-1.4,0,ble
person_b_session_01,right_forefoot_high,high,2026-08-14T21:42:11.394+08:00,1786714931394,left,foot_left_001,2402087,343640064,0.0,0.0002,0.0,0.001,0.0032,0.0913,31.34,31.39,31.86,32.59,-5.1386845999999995,2.2163028999999996,-6.913688249999999,0.5,0.2,2.3,0,ble
person_b_session_01,right_forefoot_high,high,2026-08-14T21:42:11.589+08:00,1786714931589,right,foot_right_001,2402087,343640065,0.1675,0.0095,0.0259,0.019,0.0168,0.0305,31.19,31.92,25.19,32.65,3.95207995,4.03053315,-6.7273619,-6.1,-1.0,-1.5,0,ble
person_b_session_01,right_forefoot_high,high,2026-08-14T21:42:11.594+08:00,1786714931594,left,foot_left_001,2402087,343640065,0.0,0.0,0.0,0.001,0.0032,0.0916,31.34,31.39,31.86,32.59,-5.1582979,2.2359161999999997,-6.8842683,0.6,0.1,2.3,0,ble
person_b_session_01,right_forefoot_high,high,2026-08-14T21:42:11.789+08:00,1786714931789,right,foot_right_001,2402087,343640066,0.1695,0.0095,0.0259,0.0193,0.0171,0.0305,31.19,31.98,25.19,32.65,3.9814998999999998,4.05014645,-6.7273619,-6.3,-0.8,-1.2,0,ble
person_b_session_01,right_forefoot_high,high,2026-08-14T21:42:11.794+08:00,1786714931794,left,foot_left_001,2402087,343640066,0.0,0.0002,0.0,0.001,0.0032,0.0918,31.34,31.39,31.86,32.59,-5.1190713,2.2359161999999997,-6.943108199999999,0.7,0.2,2.0,0,ble
person_b_session_01,right_forefoot_high,high,2026-08-14T21:42:11.989+08:00,1786714931989,right,foot_right_001,2402087,343640067,0.1695,0.0098,0.0266,0.0193,0.0171,0.03,31.19,31.92,25.19,32.71,4.01091985,4.01091985,-6.7077485999999995,-6.4,-0.9,-1.4,0,ble
person_b_session_01,right_forefoot_high,high,2026-08-14T21:42:11.994+08:00,1786714931994,left,foot_left_001,2402087,343640067,0.0,0.0002,0.0,0.0007,0.0032,0.0918,31.34,31.39,31.86,32.62,-5.14849125,2.2457228499999995,-6.9038816,0.6,0.0,2.1,0,ble
person_b_session_01,right_forefoot_high,high,2026-08-14T21:42:12.189+08:00,1786714932189,right,foot_right_001,2402087,343640068,0.1641,0.01,0.0266,0.0183,0.0173,0.0303,31.22,31.98,25.22,32.65,3.9618865999999997,4.0599530999999995,-6.7077485999999995,-6.2,-1.1,-1.5,0,ble
person_b_session_01,right_forefoot_high,high,2026-08-14T21:42:12.194+08:00,1786714932194,left,foot_left_001,2402087,343640068,0.0,0.0002,0.0,0.001,0.0032,0.0918,31.34,31.34,31.86,32.59,-5.1582979,2.26533615,-6.894074949999999,0.5,0.2,2.3,0,ble
person_b_session_01,right_forefoot_high,high,2026-08-14T21:42:12.389+08:00,1786714932389,right,foot_right_001,2402087,343640069,0.1553,0.0095,0.0252,0.0178,0.0178,0.0325,31.19,31.98,25.22,32.71,3.95207995,4.03053315,-6.7273619,-6.3,-0.9,-1.3,0,ble
person_b_session_01,right_forefoot_high,high,2026-08-14T21:42:12.394+08:00,1786714932394,left,foot_left_001,2402087,343640069,0.0,0.0,0.0,0.0002,0.0034,0.0921,31.28,31.34,31.86,32.62,-5.12887795,2.26533615,-6.894074949999999,0.5,0.3,2.3,0,ble
person_b_session_01,right_forefoot_high,high,2026-08-14T21:42:12.589+08:00,1786714932589,right,foot_right_001,2402087,343640070,0.1543,0.0093,0.0247,0.0171,0.0176,0.0337,31.19,31.98,25.22,32.65,3.9618865999999997,4.069759749999999,-6.69794195,-6.2,-0.9,-1.3,0,ble
person_b_session_01,right_forefoot_high,high,2026-08-14T21:42:12.594+08:00,1786714932594,left,foot_left_001,2402087,343640070,0.0,0.0,0.0,0.0,0.0032,0.0923,31.34,31.34,31.86,32.59,-5.12887795,2.26533615,-6.9038816,0.6,0.1,2.2,0,ble
person_b_session_01,right_forefoot_high,high,2026-08-14T21:42:12.789+08:00,1786714932789,right,foot_right_001,2402087,343640071,0.1585,0.009,0.0244,0.0176,0.0176,0.0344,31.22,31.98,25.22,32.65,3.97169325,4.03053315,-6.678328649999999,-6.2,-0.9,-1.3,0,ble
person_b_session_01,right_forefoot_high,high,2026-08-14T21:42:12.794+08:00,1786714932794,left,foot_left_001,2402087,343640071,0.0,0.0,0.0,0.0002,0.0027,0.0926,31.34,31.34,31.86,32.59,-5.1386845999999995,2.28494945,-6.874461649999999,0.5,0.2,2.0,0,ble
person_b_session_01,right_forefoot_high,high,2026-08-14T21:42:12.989+08:00,1786714932989,right,foot_right_001,2402087,343640072,0.16,0.0093,0.0247,0.0178,0.0181,0.0354,31.19,31.92,25.19,32.65,3.95207995,4.01091985,-6.73716855,-6.3,-1.0,-1.4,0,ble
person_b_session_01,right_forefoot_high,high,2026-08-14T21:42:12.994+08:00,1786714932994,left,foot_left_001,2402087,343640072,0.0,0.0,0.0,0.0,0.0024,0.0923,31.34,31.34,31.86,32.59,-5.14849125,2.28494945,-6.854848349999999,0.5,0.0,2.1,0,ble
person_b_session_01,right_forefoot_high,high,2026-08-14T21:42:13.189+08:00,1786714933189,right,foot_right_001,2402087,343640073,0.1563,0.0088,0.0225,0.0173,0.0186,0.0379,31.16,31.92,25.19,32.65,3.9618865999999997,4.0599530999999995,-6.6194887499999995,-6.3,-0.9,-1.4,0,ble
person_b_session_01,right_forefoot_high,high,2026-08-14T21:42:13.194+08:00,1786714933194,left,foot_left_001,2402087,343640073,0.0,0.0,0.0,0.0002,0.0017,0.0916,31.34,31.34,31.86,32.59,-5.14849125,2.2555294999999997,-6.874461649999999,0.5,0.0,2.0,0,ble
person_b_session_01,right_forefoot_high,high,2026-08-14T21:42:13.389+08:00,1786714933389,right,foot_right_001,2402087,343640074,0.159,0.0088,0.0227,0.0173,0.0188,0.0396,31.19,31.95,25.19,32.65,3.9618865999999997,4.03053315,-6.69794195,-6.3,-1.0,-1.3,0,ble
person_b_session_01,right_forefoot_high,high,2026-08-14T21:42:13.394+08:00,1786714933394,left,foot_left_001,2402087,343640074,0.0,0.0,0.0,0.0002,0.001,0.0899,31.34,31.34,31.86,32.59,-5.1386845999999995,2.2359161999999997,-6.874461649999999,0.8,-0.1,1.8,0,ble
person_b_session_01,right_forefoot_high,high,2026-08-14T21:42:13.589+08:00,1786714933589,right,foot_right_001,2402087,343640075,0.1631,0.0095,0.0252,0.0176,0.0193,0.0396,31.19,31.98,25.19,32.65,3.9618865999999997,4.0403398,-6.717555249999999,-6.4,-0.8,-1.2,0,ble
person_b_session_01,right_forefoot_high,high,2026-08-14T21:42:13.594+08:00,1786714933594,left,foot_left_001,2402087,343640075,0.0,0.0,0.0,0.0,0.0005,0.0879,31.28,31.34,31.86,32.59,-5.16810455,2.2947561,-6.854848349999999,0.3,-0.6,1.9,0,ble
person_b_session_01,right_forefoot_high,high,2026-08-14T21:42:13.789+08:00,1786714933789,right,foot_right_001,2402087,343640076,0.1675,0.01,0.0271,0.0183,0.0203,0.0379,31.19,31.92,25.19,32.65,3.9814998999999998,4.0599530999999995,-6.7077485999999995,-6.4,-0.6,-1.2,0,ble
person_b_session_01,right_forefoot_high,high,2026-08-14T21:42:13.794+08:00,1786714933794,left,foot_left_001,2402087,343640076,0.0,0.0,0.0,0.0002,0.0002,0.086,31.28,31.28,31.86,32.62,-5.16810455,2.2457228499999995,-6.874461649999999,0.8,0.1,1.9,0,ble
person_b_session_01,right_forefoot_high,high,2026-08-14T21:42:13.989+08:00,1786714933989,right,foot_right_001,2402087,343640077,0.1707,0.0105,0.0291,0.0198,0.0203,0.0352,31.19,31.92,25.19,32.65,3.97169325,4.03053315,-6.7469752,-6.4,-0.7,-1.1,0,ble
person_b_session_01,right_forefoot_high,high,2026-08-14T21:42:13.994+08:00,1786714933994,left,foot_left_001,2402087,343640077,0.0,0.0,0.0,0.0005,0.0007,0.0857,31.28,31.28,31.86,32.59,-5.1582979,2.2457228499999995,-6.864655,0.7,0.1,2.1,0,ble
person_b_session_01,right_forefoot_high,high,2026-08-14T21:42:14.189+08:00,1786714934189,right,foot_right_001,2402087,343640078,0.1575,0.0112,0.0317,0.022,0.0193,0.031,31.22,31.98,25.19,32.65,3.9814998999999998,4.01091985,-6.7273619,-6.2,-0.8,-1.1,0,ble
person_b_session_01,right_forefoot_high,high,2026-08-14T21:42:14.194+08:00,1786714934194,left,foot_left_001,2402087,343640078,0.0,0.0,0.0,0.0007,0.0012,0.0872,31.34,31.34,31.86,32.59,-5.16810455,2.2457228499999995,-6.8842683,0.7,0.1,2.1,0,ble
person_b_session_01,right_forefoot_high,high,2026-08-14T21:42:14.389+08:00,1786714934389,right,foot_right_001,2402087,343640079,0.1663,0.0115,0.0342,0.0217,0.0186,0.0276,31.19,31.98,25.22,32.65,3.97169325,4.0403398,-6.717555249999999,-6.3,-0.9,-1.3,0,ble
person_b_session_01,right_forefoot_high,high,2026-08-14T21:42:14.394+08:00,1786714934394,left,foot_left_001,2402087,343640079,0.0,0.0,0.0,0.0005,0.0012,0.0874,31.34,31.34,31.86,32.62,-5.14849125,2.2457228499999995,-6.9234949,0.8,0.1,2.0,0,ble
person_b_session_01,right_forefoot_high,high,2026-08-14T21:42:14.589+08:00,1786714934589,right,foot_right_001,2402087,343640080,0.1687,0.0125,0.0347,0.0225,0.0181,0.0249,31.19,31.92,25.19,32.65,3.97169325,4.03053315,-6.678328649999999,-6.2,-1.0,-1.4,0,ble
person_b_session_01,right_forefoot_high,high,2026-08-14T21:42:14.594+08:00,1786714934594,left,foot_left_001,2402087,343640080,0.0,0.0,0.0,0.0005,0.0015,0.0879,31.34,31.28,31.95,32.62,-5.14849125,2.2457228499999995,-6.894074949999999,0.6,0.2,2.2,0,ble
person_b_session_01,right_forefoot_high,high,2026-08-14T21:42:14.789+08:00,1786714934789,right,foot_right_001,2402087,343640081,0.1687,0.0117,0.0354,0.023,0.0178,0.0249,31.22,31.92,25.19,32.65,3.99130655,4.03053315,-6.717555249999999,-6.4,-1.0,-1.4,0,ble
person_b_session_01,right_forefoot_high,high,2026-08-14T21:42:14.794+08:00,1786714934794,left,foot_left_001,2402087,343640081,0.0,0.0,0.0,0.0005,0.0017,0.0882,31.34,31.28,31.95,32.62,-5.1582979,2.2359161999999997,-6.9038816,0.4,0.2,2.4,0,ble
person_b_session_01,right_forefoot_high,high,2026-08-14T21:42:14.989+08:00,1786714934989,right,foot_right_001,2402087,343640082,0.1658,0.0115,0.0335,0.0222,0.0186,0.0264,31.22,31.98,25.22,32.65,3.95207995,4.0403398,-6.7077485999999995,-6.2,-1.0,-1.5,0,ble
person_b_session_01,right_forefoot_high,high,2026-08-14T21:42:14.994+08:00,1786714934994,left,foot_left_001,2402087,343640082,0.0,0.0002,0.0,0.0005,0.0015,0.0889,31.34,31.28,31.86,32.59,-5.1386845999999995,2.2457228499999995,-6.864655,0.6,0.2,2.3,0,ble
person_b_session_01,right_forefoot_high,high,2026-08-14T21:42:15.189+08:00,1786714935189,right,foot_right_001,2402087,343640083,0.1643,0.0112,0.031,0.0205,0.0188,0.0283,31.22,31.98,25.19,32.65,3.9814998999999998,4.069759749999999,-6.65871535,-6.1,-1.1,-1.4,0,ble
person_b_session_01,right_forefoot_high,high,2026-08-14T21:42:15.194+08:00,1786714935194,left,foot_left_001,2402087,343640083,0.0,0.0,0.0,0.0005,0.0015,0.0894,31.34,31.28,31.95,32.62,-5.12887795,2.22610955,-6.854848349999999,0.4,0.1,2.3,0,ble
person_b_session_01,right_forefoot_high,high,2026-08-14T21:42:15.389+08:00,1786714935389,right,foot_right_001,2402087,343640084,0.1629,0.0112,0.0303,0.0183,0.019,0.03,31.19,31.92,25.19,32.65,4.0011132,4.020726499999999,-6.717555249999999,-6.4,-0.8,-1.4,0,ble
person_b_session_01,right_forefoot_high,high,2026-08-14T21:42:15.394+08:00,1786714935394,left,foot_left_001,2402087,343640084,0.0,0.0,0.0,0.0002,0.0012,0.0899,31.34,31.28,31.86,32.62,-5.14849125,2.2555294999999997,-6.894074949999999,0.5,0.1,2.1,0,ble
person_b_session_01,right_forefoot_high,high,2026-08-14T21:42:15.594+08:00,1786714935594,left,foot_left_001,2402087,343640085,0.0,0.0,0.0,0.0,0.0012,0.0904,31.34,31.28,31.86,32.62,-5.1386845999999995,2.2751428000000002,-6.8450416999999995,0.6,0.2,2.2,0,ble
person_b_session_01,right_forefoot_high,high,2026-08-14T21:42:15.595+08:00,1786714935595,right,foot_right_001,2402087,343640085,0.1609,0.011,0.0303,0.0171,0.02,0.033,31.19,31.92,25.19,32.65,3.97169325,3.6971070499999996,-6.9627215,-6.1,-1.0,-1.4,0,ble
person_b_session_01,right_forefoot_high,high,2026-08-14T21:42:15.784+08:00,1786714935784,right,foot_right_001,2402087,343640086,0.1626,0.0112,0.0303,0.0168,0.0203,0.0332,31.19,31.98,25.22,32.65,4.46202575,3.9618865999999997,-6.492002299999999,-6.3,-0.8,-1.4,0,ble
person_b_session_01,right_forefoot_high,high,2026-08-14T21:42:15.794+08:00,1786714935794,left,foot_left_001,2402087,343640086,0.0,0.0,0.0,0.0002,0.0015,0.0906,31.34,31.28,31.86,32.62,-5.1386845999999995,2.26533615,-6.9038816,0.6,0.1,2.0,0,ble
person_b_session_01,right_forefoot_high,high,2026-08-14T21:42:15.994+08:00,1786714935994,left,foot_left_001,2402087,343640087,0.0,0.0,0.0,0.0005,0.001,0.0906,31.28,31.28,31.86,32.62,-5.1386845999999995,2.26533615,-6.874461649999999,0.7,0.2,2.2,0,ble
person_b_session_01,right_forefoot_high,high,2026-08-14T21:42:15.994+08:00,1786714935994,right,foot_right_001,2402087,343640087,0.1629,0.011,0.0305,0.0176,0.0203,0.0337,31.22,31.98,25.22,32.65,4.1482129500000005,3.95207995,-6.580262149999999,-6.3,-0.9,-1.4,0,ble
person_b_session_01,right_forefoot_high,high,2026-08-14T21:42:16.194+08:00,1786714936194,left,foot_left_001,2402087,343640088,0.0,0.0,0.0,0.0002,0.0007,0.0906,31.34,31.28,31.95,32.62,-5.1386845999999995,2.2751428000000002,-6.874461649999999,0.6,0.1,2.1,0,ble
person_b_session_01,right_forefoot_high,high,2026-08-14T21:42:16.194+08:00,1786714936194,right,foot_right_001,2402087,343640088,0.1617,0.0112,0.0303,0.0186,0.0198,0.0342,31.22,31.98,25.22,32.65,4.01091985,4.020726499999999,-6.717555249999999,-6.6,-0.5,-1.3,0,ble
person_b_session_01,right_forefoot_high,high,2026-08-14T21:42:16.394+08:00,1786714936394,left,foot_left_001,2402087,343640089,0.0,0.0,0.0,0.0,0.001,0.0906,31.34,31.28,31.86,32.62,-5.1386845999999995,2.2751428000000002,-6.864655,0.5,0.2,2.2,0,ble
person_b_session_01,right_forefoot_high,high,2026-08-14T21:42:16.394+08:00,1786714936394,right,foot_right_001,2402087,343640089,0.1531,0.011,0.0295,0.0173,0.02,0.0357,31.22,31.98,25.22,32.65,4.81506515,3.9030467,-6.442969049999999,-6.4,-0.8,-1.3,0,ble
person_b_session_01,right_forefoot_high,high,2026-08-14T21:42:16.594+08:00,1786714936594,left,foot_left_001,2402087,343640090,0.0,0.0,0.0,0.0,0.0007,0.0908,31.34,31.28,31.95,32.62,-5.14849125,2.2457228499999995,-6.97252815,0.8,0.0,1.9,0,ble
person_b_session_01,right_forefoot_high,high,2026-08-14T21:42:16.594+08:00,1786714936594,right,foot_right_001,2402087,343640090,0.149,0.011,0.0283,0.0161,0.02,0.0369,31.22,31.98,25.19,32.65,3.9422732999999996,3.99130655,-6.639102049999999,-6.4,-0.8,-1.2,0,ble
person_b_session_01,right_forefoot_high,high,2026-08-14T21:42:16.784+08:00,1786714936784,right,foot_right_001,2402087,343640091,0.1451,0.0107,0.0271,0.0176,0.0203,0.0376,31.22,31.98,25.22,32.65,3.97169325,4.0011132,-6.7469752,-6.0,-0.9,-1.4,0,ble
person_b_session_01,right_forefoot_high,high,2026-08-14T21:42:16.794+08:00,1786714936794,left,foot_left_001,2402087,343640091,0.0,0.0,0.0,0.0005,0.0007,0.0911,31.28,31.25,31.86,32.62,-5.14849125,2.2751428000000002,-6.8450416999999995,0.5,0.1,2.2,0,ble
person_b_session_01,right_forefoot_high,high,2026-08-14T21:42:16.994+08:00,1786714936994,left,foot_left_001,2402087,343640092,0.0,0.0,0.0,0.0002,0.0007,0.0908,31.34,31.25,31.86,32.62,-5.12887795,2.26533615,-6.874461649999999,0.5,0.2,2.2,0,ble
person_b_session_01,right_forefoot_high,high,2026-08-14T21:42:16.994+08:00,1786714936994,right,foot_right_001,2402087,343640092,0.1358,0.0105,0.0239,0.0151,0.0198,0.0403,31.22,31.98,25.25,32.65,3.97169325,4.0599530999999995,-6.7077485999999995,-6.4,-0.7,-1.3,0,ble
person_b_session_01,right_forefoot_high,high,2026-08-14T21:42:17.194+08:00,1786714937194,left,foot_left_001,2402087,343640093,0.0,0.0,0.0,0.0,0.0007,0.0908,31.28,31.25,31.86,32.62,-5.12887795,2.26533615,-6.894074949999999,0.6,0.1,2.1,0,ble
person_b_session_01,right_forefoot_high,high,2026-08-14T21:42:17.194+08:00,1786714937194,right,foot_right_001,2402087,343640093,0.1372,0.0103,0.023,0.0164,0.0203,0.0405,31.22,31.98,25.22,32.65,3.97169325,4.020726499999999,-6.668522,-6.3,-0.8,-1.2,0,ble
person_b_session_01,right_forefoot_high,high,2026-08-14T21:42:17.394+08:00,1786714937394,left,foot_left_001,2402087,343640094,0.0,0.0,0.0,0.0,0.001,0.0908,31.28,31.25,31.86,32.62,-5.14849125,2.30456275,-6.854848349999999,0.6,0.0,2.0,0,ble
person_b_session_01,right_forefoot_high,high,2026-08-14T21:42:17.394+08:00,1786714937394,right,foot_right_001,2402087,343640094,0.1451,0.011,0.0259,0.0173,0.0205,0.0398,31.22,31.98,25.22,32.65,3.97169325,4.0403398,-6.69794195,-6.5,-0.7,-1.0,0,ble
person_b_session_01,right_forefoot_high,high,2026-08-14T21:42:17.594+08:00,1786714937594,left,foot_left_001,2402087,343640095,0.0,0.0,0.0,0.0,0.0007,0.0908,31.34,31.22,31.86,32.62,-5.14849125,2.26533615,-6.913688249999999,0.4,0.1,2.3,0,ble
person_b_session_01,right_forefoot_high,high,2026-08-14T21:42:17.594+08:00,1786714937594,right,foot_right_001,2402087,343640095,0.1475,0.011,0.0281,0.0176,0.0203,0.0388,31.19,31.92,25.19,32.65,3.95207995,4.069759749999999,-6.678328649999999,-6.2,-0.8,-1.2,0,ble
person_b_session_01,right_forefoot_high,high,2026-08-14T21:42:17.794+08:00,1786714937794,left,foot_left_001,2402087,343640096,0.0,0.0,0.0,0.0002,0.0012,0.0913,31.34,31.22,31.86,32.62,-5.1190713,2.3143694,-6.83523505,0.7,0.2,2.2,0,ble
person_b_session_01,right_forefoot_high,high,2026-08-14T21:42:17.794+08:00,1786714937794,right,foot_right_001,2402087,343640096,0.1389,0.0095,0.0205,0.0149,0.0203,0.0415,31.19,31.98,25.22,32.65,3.9618865999999997,4.05014645,-6.69794195,-6.4,-1.0,-1.4,0,ble
person_b_session_01,right_forefoot_high,high,2026-08-14T21:42:17.994+08:00,1786714937994,left,foot_left_001,2402087,343640097,0.0,0.0,0.0,0.0,0.0012,0.0913,31.34,31.25,31.86,32.62,-5.14849125,2.28494945,-6.894074949999999,0.7,0.1,2.0,0,ble
person_b_session_01,right_forefoot_high,high,2026-08-14T21:42:17.994+08:00,1786714937994,right,foot_right_001,2402087,343640097,0.1382,0.0095,0.0195,0.0134,0.0203,0.0427,31.22,31.98,25.22,32.65,3.97169325,4.0403398,-6.668522,-6.3,-0.9,-1.3,0,ble
person_b_session_01,right_forefoot_high,high,2026-08-14T21:42:18.394+08:00,1786714938394,left,foot_left_001,2402087,343640099,0.0,0.0,0.0,0.0,0.0012,0.0916,31.34,31.22,31.86,32.62,-5.1582979,2.28494945,-6.8842683,0.7,0.1,2.0,0,ble
person_b_session_01,right_forefoot_high,high,2026-08-14T21:42:18.396+08:00,1786714938396,right,foot_right_001,2402087,343640099,0.1448,0.0098,0.0217,0.0156,0.021,0.043,31.19,31.92,25.22,32.65,4.873905049999999,3.91285335,-6.5900688,-6.2,-1.0,-1.3,0,ble
person_b_session_01,right_forefoot_high,high,2026-08-14T21:42:18.594+08:00,1786714938594,left,foot_left_001,2402087,343640100,0.0,0.0,0.0,0.0,0.0012,0.0908,31.34,31.25,31.95,32.62,-5.1779112,2.26533615,-6.9333015499999995,0.9,0.2,1.9,0,ble
person_b_session_01,right_forefoot_high,high,2026-08-14T21:42:18.596+08:00,1786714938596,right,foot_right_001,2402087,343640100,0.1497,0.0105,0.0247,0.0171,0.021,0.0418,31.19,31.92,25.22,32.65,4.8640984,3.93246665,-6.42335575,-6.5,-0.8,-1.1,0,ble
person_b_session_01,right_forefoot_high,high,2026-08-14T21:42:18.794+08:00,1786714938794,left,foot_left_001,2402087,343640101,0.0,0.0,0.0,0.0,0.0012,0.0904,31.34,31.22,31.86,32.62,-5.10926465,2.28494945,-6.8450416999999995,0.6,0.2,2.3,0,ble
person_b_session_01,right_forefoot_high,high,2026-08-14T21:42:18.796+08:00,1786714938796,right,foot_right_001,2402087,343640101,0.1538,0.0112,0.0278,0.019,0.021,0.0403,31.19,31.92,25.19,32.65,4.7464186,3.9618865999999997,-6.3939357999999995,-6.3,-0.9,-1.3,0,ble
person_b_session_01,right_forefoot_high,high,2026-08-14T21:42:18.994+08:00,1786714938994,left,foot_left_001,2402087,343640102,0.0,0.0,0.0,0.0,0.0015,0.0906,31.34,31.25,31.95,32.65,-5.1386845999999995,2.2751428000000002,-6.8842683,0.6,0.1,2.2,0,ble
person_b_session_01,right_forefoot_high,high,2026-08-14T21:42:18.996+08:00,1786714938996,right,foot_right_001,2402087,343640102,0.1546,0.0112,0.0291,0.0186,0.021,0.0393,31.19,31.92,25.19,32.65,4.01091985,3.9814998999999998,-6.6292954,-6.4,-0.8,-1.4,0,ble
person_b_session_01,right_forefoot_high,high,2026-08-14T21:42:19.194+08:00,1786714939194,left,foot_left_001,2402087,343640103,0.0,0.0,0.0,0.0,0.0015,0.0908,31.34,31.22,31.86,32.62,-5.12887795,2.2457228499999995,-6.894074949999999,0.8,0.2,2.2,0,ble
person_b_session_01,right_forefoot_high,high,2026-08-14T21:42:19.196+08:00,1786714939196,right,foot_right_001,2402087,343640103,0.1558,0.0115,0.0303,0.0193,0.0208,0.0376,31.22,31.92,25.19,32.65,3.5402006499999996,3.93246665,-6.894074949999999,-6.3,-1.0,-1.5,0,ble
person_b_session_01,right_forefoot_high,high,2026-08-14T21:42:19.394+08:00,1786714939394,left,foot_left_001,2402087,343640104,0.0,0.0,0.0,0.0,0.0015,0.0916,31.34,31.25,31.92,32.62,-5.10926465,2.2751428000000002,-6.864655,0.5,0.3,2.3,0,ble
person_b_session_01,right_forefoot_high,high,2026-08-14T21:42:19.396+08:00,1786714939396,right,foot_right_001,2402087,343640104,0.1543,0.0115,0.03,0.0203,0.0205,0.0383,31.19,31.92,25.22,32.65,3.0694814499999996,3.91285335,-7.0411747,-6.3,-0.9,-1.4,0,ble
person_b_session_01,right_forefoot_high,high,2026-08-14T21:42:19.594+08:00,1786714939594,left,foot_left_001,2402087,343640105,0.0,0.0,0.0,0.0,0.0017,0.0918,31.34,31.22,31.86,32.62,-5.1386845999999995,2.28494945,-6.913688249999999,0.5,0.1,2.3,0,ble
person_b_session_01,right_forefoot_high,high,2026-08-14T21:42:19.596+08:00,1786714939596,right,foot_right_001,2402087,343640105,0.1463,0.0105,0.0276,0.0178,0.0205,0.041,31.22,31.98,25.22,32.65,3.16754795,4.08937305,-6.815621749999999,-6.3,-1.1,-1.5,0,ble
person_b_session_01,right_forefoot_high,high,2026-08-14T21:42:19.794+08:00,1786714939794,left,foot_left_001,2402087,343640106,0.0,0.0,0.0,0.0,0.0017,0.0923,31.34,31.22,31.86,32.62,-5.1386845999999995,2.3143694,-6.894074949999999,0.5,0.1,2.2,0,ble
person_b_session_01,right_forefoot_high,high,2026-08-14T21:42:19.796+08:00,1786714939796,right,foot_right_001,2402087,343640106,0.1311,0.0088,0.0222,0.0161,0.02,0.044,31.22,31.98,25.22,32.65,4.756225249999999,3.9814998999999998,-6.6881353,-6.1,-1.0,-1.4,0,ble
person_b_session_01,right_forefoot_high,high,2026-08-14T21:42:19.986+08:00,1786714939986,right,foot_right_001,2402087,343640107,0.1292,0.0078,0.0205,0.0178,0.0198,0.044,31.22,31.98,25.25,32.65,3.93246665,4.03053315,-6.7469752,-5.9,-1.3,-1.4,0,ble
person_b_session_01,right_forefoot_high,high,2026-08-14T21:42:19.994+08:00,1786714939994,left,foot_left_001,2402087,343640107,0.0,0.0,0.0,0.0,0.0017,0.0928,31.34,31.22,31.86,32.62,-5.1386845999999995,2.28494945,-6.913688249999999,0.4,0.1,2.2,0,ble
person_b_session_01,recovery,high,2026-08-14T21:42:20.194+08:00,1786714940194,left,foot_left_001,2402087,343640108,0.0,0.0,0.0,0.0005,0.001,0.0906,31.34,31.22,31.92,32.62,-5.197524499999999,2.1966895999999996,-6.8842683,1.1,-0.3,2.0,0,ble
person_b_session_01,recovery,high,2026-08-14T21:42:20.196+08:00,1786714940196,right,foot_right_001,2402087,343640108,0.1387,0.0093,0.0254,0.0183,0.0208,0.0437,31.22,31.98,25.22,32.65,3.93246665,4.020726499999999,-6.65871535,-6.4,-0.7,-1.6,0,ble
person_b_session_01,recovery,high,2026-08-14T21:42:20.394+08:00,1786714940394,left,foot_left_001,2402087,343640109,0.0,0.0,0.0,0.0,0.0005,0.0908,31.34,31.25,31.95,32.62,-5.10926465,2.3339827,-6.894074949999999,0.8,0.5,2.5,0,ble
person_b_session_01,recovery,high,2026-08-14T21:42:20.396+08:00,1786714940396,right,foot_right_001,2402087,343640109,0.114,0.01,0.0269,0.0171,0.0208,0.0444,31.22,32.01,25.22,32.65,3.97169325,4.0403398,-6.6489087,-5.9,-1.1,-1.8,0,ble
person_b_session_01,recovery,high,2026-08-14T21:42:20.594+08:00,1786714940594,left,foot_left_001,2402087,343640110,0.0,0.0,0.0,0.0,0.0022,0.0923,31.34,31.25,31.95,32.65,-5.20733115,2.2163028999999996,-6.7960084499999995,0.8,-2.0,1.8,0,ble
person_b_session_01,recovery,high,2026-08-14T21:42:20.596+08:00,1786714940596,right,foot_right_001,2402087,343640110,0.0212,0.0012,0.002,0.0015,0.0183,0.0647,31.22,31.98,25.25,32.65,3.8932400499999997,4.0795664,-6.69794195,-7.0,-4.5,-3.6,0,ble
person_b_session_01,recovery,high,2026-08-14T21:42:20.794+08:00,1786714940794,left,foot_left_001,2402087,343640111,0.0,0.0,0.0,0.0,0.0066,0.0923,31.34,31.22,31.86,32.62,-5.10926465,2.20649625,-6.9038816,0.9,1.1,3.8,0,ble
person_b_session_01,recovery,high,2026-08-14T21:42:20.796+08:00,1786714940796,right,foot_right_001,2402087,343640111,0.0,0.0,0.0,0.0,0.0095,0.0742,31.22,31.98,25.25,32.65,3.2754211,4.30511935,-6.6489087,-5.9,-9.7,-6.5,0,ble
person_b_session_01,recovery,high,2026-08-14T21:42:20.994+08:00,1786714940994,left,foot_left_001,2402087,343640112,0.0,0.0,0.0,0.0,0.0129,0.094,31.34,31.25,31.95,32.62,-5.20733115,2.3732093,-6.73716855,2.4,-1.2,1.3,0,ble
person_b_session_01,recovery,high,2026-08-14T21:42:20.996+08:00,1786714940996,right,foot_right_001,2402087,343640112,0.0,0.0,0.0,0.0,0.0105,0.0613,31.22,31.98,25.25,32.65,3.7461402999999995,4.26589275,-6.3939357999999995,-12.2,-4.0,-6.0,0,ble
person_b_session_01,recovery,high,2026-08-14T21:42:21.194+08:00,1786714941194,left,foot_left_001,2402087,343640113,0.0,0.0,0.0015,0.0,0.012,0.0908,31.34,31.34,31.95,32.62,-5.10926465,2.157463,-6.9627215,1.6,-0.5,1.2,0,ble
person_b_session_01,recovery,high,2026-08-14T21:42:21.196+08:00,1786714941196,right,foot_right_001,2402087,343640113,0.0,0.0,0.0,0.0,0.0173,0.0571,31.22,31.92,25.25,32.65,3.8049802,4.36395925,-6.59987545,-9.4,1.6,-1.6,0,ble
person_b_session_01,recovery,high,2026-08-14T21:42:21.394+08:00,1786714941394,left,foot_left_001,2402087,343640114,0.0,0.0,0.0051,0.0,0.0122,0.0852,31.34,31.39,31.86,32.62,-5.1779112,2.1672696499999997,-6.874461649999999,0.2,-1.1,1.6,0,ble
person_b_session_01,recovery,high,2026-08-14T21:42:21.396+08:00,1786714941396,right,foot_right_001,2402087,343640114,0.0,0.0024,0.001,0.0,0.021,0.0532,31.22,31.98,25.25,32.65,3.83440015,4.26589275,-6.639102049999999,-4.2,-1.2,-0.9,0,ble
person_b_session_01,recovery,high,2026-08-14T21:42:21.594+08:00,1786714941594,left,foot_left_001,2402087,343640115,0.0,0.0,0.0066,0.0,0.0125,0.0835,31.34,31.54,31.95,32.62,-5.20733115,2.157463,-6.952914849999999,0.2,0.1,2.3,0,ble
person_b_session_01,recovery,high,2026-08-14T21:42:21.596+08:00,1786714941596,right,foot_right_001,2402087,343640115,0.0,0.0066,0.0066,0.0,0.021,0.0459,31.22,31.92,25.22,32.65,3.8442068,4.22666615,-6.6489087,-5.9,-0.7,-0.9,0,ble
person_b_session_01,recovery,high,2026-08-14T21:42:21.794+08:00,1786714941794,left,foot_left_001,2402087,343640116,0.0,0.0,0.0068,0.0,0.0112,0.0886,31.34,31.66,31.86,32.62,-5.16810455,2.20649625,-6.894074949999999,0.3,0.3,1.9,0,ble
person_b_session_01,recovery,high,2026-08-14T21:42:21.796+08:00,1786714941796,right,foot_right_001,2402087,343640116,0.0,0.0068,0.0046,0.0,0.0222,0.0476,31.22,31.98,25.25,32.65,3.8049802,4.2756994,-6.639102049999999,-9.2,-1.2,-2.8,0,ble
person_b_session_01,recovery,high,2026-08-14T21:42:21.994+08:00,1786714941994,left,foot_left_001,2402087,343640117,0.0,0.0,0.0002,0.0,0.0095,0.0957,31.34,31.68,31.86,32.62,-5.07003805,2.10842975,-6.9627215,0.2,1.0,2.7,0,ble
person_b_session_01,recovery,high,2026-08-14T21:42:21.996+08:00,1786714941996,right,foot_right_001,2402087,343640117,0.0,0.0034,0.0,0.0,0.0225,0.0579,31.22,31.98,25.25,32.65,3.85401345,4.295312699999999,-6.59987545,-6.5,-1.1,-1.5,0,ble
person_b_session_01,recovery,high,2026-08-14T21:42:22.194+08:00,1786714942194,left,foot_left_001,2402087,343640118,0.0,0.0,0.0,0.0,0.0083,0.0979,31.34,31.71,31.95,32.62,-5.16810455,2.1966895999999996,-6.874461649999999,-0.2,-0.1,2.3,0,ble
person_b_session_01,recovery,high,2026-08-14T21:42:22.196+08:00,1786714942196,right,foot_right_001,2402087,343640118,0.0002,0.0012,0.0,0.0,0.0227,0.0618,31.22,31.92,25.22,32.62,3.83440015,4.334539299999999,-6.5508422,-7.8,0.1,-0.6,0,ble
person_b_session_01,recovery,high,2026-08-14T21:42:22.394+08:00,1786714942394,left,foot_left_001,2402087,343640119,0.0,0.0,0.0,0.0,0.0083,0.0994,31.34,31.77,31.86,32.62,-5.197524499999999,2.1770762999999995,-6.9038816,0.9,0.3,2.1,0,ble
person_b_session_01,recovery,high,2026-08-14T21:42:22.396+08:00,1786714942396,right,foot_right_001,2402087,343640119,0.0005,0.0002,0.0,0.0,0.0217,0.0647,31.19,31.92,25.22,32.62,3.8442068,4.16782625,-6.717555249999999,-3.9,-1.3,-0.1,0,ble
person_b_session_01,recovery,high,2026-08-14T21:42:22.594+08:00,1786714942594,left,foot_left_001,2402087,343640120,0.0,0.0,0.0,0.0,0.0073,0.0996,31.34,31.83,31.86,32.62,-5.16810455,2.1672696499999997,-6.894074949999999,0.6,0.1,2.0,0,ble
person_b_session_01,recovery,high,2026-08-14T21:42:22.596+08:00,1786714942596,right,foot_right_001,2402087,343640120,0.0,0.0,0.0,0.0,0.0222,0.0679,31.22,31.98,25.25,32.65,3.83440015,4.24627945,-6.668522,-6.0,-1.0,-1.1,0,ble
person_b_session_01,recovery,high,2026-08-14T21:42:22.794+08:00,1786714942794,left,foot_left_001,2402087,343640121,0.0,0.0,0.0,0.0,0.0071,0.0974,31.34,31.92,31.98,32.62,-5.1779112,2.1182364,-6.8842683,1.6,-0.2,1.0,0,ble
person_b_session_01,recovery,high,2026-08-14T21:42:22.796+08:00,1786714942796,right,foot_right_001,2402087,343640121,0.001,0.0,0.0,0.0,0.0225,0.0684,31.19,31.98,25.25,32.65,3.81478685,4.2364728,-6.6096821,-5.2,-0.6,-0.8,0,ble
person_b_session_01,recovery,high,2026-08-14T21:42:22.994+08:00,1786714942994,left,foot_left_001,2402087,343640122,0.0002,0.0,0.0012,0.0005,0.0071,0.0913,31.34,32.01,31.86,32.62,-5.20733115,2.0201699,-6.8450416999999995,0.9,-0.4,2.1,0,ble
person_b_session_01,recovery,high,2026-08-14T21:42:22.996+08:00,1786714942996,right,foot_right_001,2402087,343640122,0.0007,0.0022,0.0,0.0,0.0252,0.0674,31.19,31.98,25.25,32.65,3.83440015,4.1972461999999995,-6.668522,-5.6,-1.0,-1.2,0,ble
person_b_session_01,recovery,high,2026-08-14T21:42:23.194+08:00,1786714943194,left,foot_left_001,2402087,343640123,0.0002,0.0,0.002,0.0005,0.0076,0.0901,31.34,32.03,31.92,32.65,-5.1779112,2.157463,-6.83523505,0.0,-0.3,2.1,0,ble
person_b_session_01,recovery,high,2026-08-14T21:42:23.196+08:00,1786714943196,right,foot_right_001,2402087,343640123,0.0012,0.0029,0.001,0.0,0.0244,0.0667,31.19,31.98,25.25,32.65,3.83440015,4.1776329,-6.69794195,-5.8,-0.8,-1.1,0,ble
person_b_session_01,recovery,high,2026-08-14T21:42:23.394+08:00,1786714943394,left,foot_left_001,2402087,343640124,0.0012,0.0,0.0027,0.0002,0.0081,0.0899,31.34,32.09,31.86,32.62,-5.197524499999999,2.157463,-6.864655,0.7,0.2,2.0,0,ble
person_b_session_01,recovery,high,2026-08-14T21:42:23.396+08:00,1786714943396,right,foot_right_001,2402087,343640124,0.0015,0.0037,0.0015,0.0,0.0242,0.0676,31.16,31.98,25.25,32.65,3.8245934999999998,4.1972461999999995,-6.6881353,-6.2,-0.9,-1.3,0,ble
person_b_session_01,recovery,high,2026-08-14T21:42:23.594+08:00,1786714943594,left,foot_left_001,2402087,343640125,0.0015,0.0,0.0032,0.0007,0.0085,0.0884,31.34,32.09,31.95,32.62,-5.1779112,2.1672696499999997,-6.874461649999999,0.6,0.1,2.2,0,ble
person_b_session_01,recovery,high,2026-08-14T21:42:23.596+08:00,1786714943596,right,foot_right_001,2402087,343640125,0.002,0.0042,0.0024,0.0,0.0234,0.0652,31.19,31.98,25.25,32.65,3.85401345,4.12859965,-6.7077485999999995,-5.4,-0.8,-0.9,0,ble
person_b_session_01,recovery,high,2026-08-14T21:42:23.794+08:00,1786714943794,left,foot_left_001,2402087,343640126,0.0017,0.0,0.0037,0.001,0.0088,0.0877,31.34,32.12,31.86,32.62,-5.2171378,2.1476563499999997,-6.854848349999999,0.7,0.2,2.0,0,ble
person_b_session_01,recovery,high,2026-08-14T21:42:23.796+08:00,1786714943796,right,foot_right_001,2402087,343640126,0.0027,0.0054,0.0059,0.0,0.0239,0.0645,31.19,31.98,25.25,32.65,3.83440015,4.16782625,-6.678328649999999,-6.3,-1.0,-1.3,0,ble
person_b_session_01,recovery,high,2026-08-14T21:42:23.994+08:00,1786714943994,left,foot_left_001,2402087,343640127,0.0017,0.0,0.0042,0.001,0.0085,0.0877,31.34,32.12,31.86,32.62,-5.2269444499999995,2.1672696499999997,-6.894074949999999,0.5,0.1,2.2,0,ble
person_b_session_01,recovery,high,2026-08-14T21:42:23.996+08:00,1786714943996,right,foot_right_001,2402087,343640127,0.002,0.0056,0.0061,0.0,0.0247,0.0652,31.16,31.98,25.25,32.65,3.8834334,4.118792999999999,-6.69794195,-6.1,-0.8,-1.2,0,ble
person_b_session_01,recovery,high,2026-08-14T21:42:24.194+08:00,1786714944194,left,foot_left_001,2402087,343640128,0.002,0.0,0.0037,0.0007,0.0085,0.0884,31.34,32.15,31.95,32.62,-5.18771785,2.157463,-6.8842683,0.6,0.0,2.1,0,ble
person_b_session_01,recovery,high,2026-08-14T21:42:24.196+08:00,1786714944196,right,foot_right_001,2402087,343640128,0.002,0.0056,0.0051,0.0,0.0254,0.0669,31.16,31.98,25.25,32.65,3.83440015,4.16782625,-6.668522,-6.3,-0.8,-1.3,0,ble
person_b_session_01,recovery,high,2026-08-14T21:42:24.394+08:00,1786714944394,left,foot_left_001,2402087,343640129,0.002,0.0,0.0037,0.0007,0.0085,0.0886,31.34,32.15,31.95,32.62,-5.18771785,2.157463,-6.913688249999999,0.6,0.2,2.1,0,ble
person_b_session_01,recovery,high,2026-08-14T21:42:24.396+08:00,1786714944396,right,foot_right_001,2402087,343640129,0.0022,0.0061,0.0061,0.0,0.0254,0.065,31.19,31.98,25.25,32.65,3.8638201,4.158019599999999,-6.717555249999999,-5.9,-1.0,-1.2,0,ble
person_b_session_01,recovery,high,2026-08-14T21:42:24.594+08:00,1786714944594,left,foot_left_001,2402087,343640130,0.002,0.0,0.0039,0.0007,0.0088,0.0891,31.34,32.15,31.86,32.62,-5.1779112,2.157463,-6.864655,0.8,0.1,2.1,0,ble
person_b_session_01,recovery,high,2026-08-14T21:42:24.596+08:00,1786714944596,right,foot_right_001,2402087,343640130,0.002,0.0059,0.0061,0.0,0.0254,0.0657,31.16,31.98,25.25,32.65,3.83440015,4.1482129500000005,-6.69794195,-6.3,-0.9,-1.4,0,ble
person_b_session_01,recovery,high,2026-08-14T21:42:24.794+08:00,1786714944794,left,foot_left_001,2402087,343640131,0.0017,0.0,0.0037,0.0007,0.0085,0.0899,31.34,32.24,31.92,32.62,-5.1779112,2.1476563499999997,-6.864655,0.5,0.1,2.0,0,ble
person_b_session_01,recovery,high,2026-08-14T21:42:24.796+08:00,1786714944796,right,foot_right_001,2402087,343640131,0.0017,0.0056,0.0056,0.0,0.0256,0.0669,31.16,31.98,25.25,32.65,3.8442068,4.118792999999999,-6.717555249999999,-6.4,-0.8,-1.3,0,ble
person_b_session_01,recovery,high,2026-08-14T21:42:24.994+08:00,1786714944994,left,foot_left_001,2402087,343640132,0.0005,0.0,0.0032,0.0012,0.0085,0.0926,31.34,32.24,31.86,32.62,-5.14849125,2.0103632499999997,-7.05098135,1.0,0.5,1.8,0,ble
person_b_session_01,recovery,high,2026-08-14T21:42:24.996+08:00,1786714944996,right,foot_right_001,2402087,343640132,0.0022,0.0,0.0,0.0,0.023,0.0694,31.19,31.98,25.25,32.65,3.87362675,4.158019599999999,-6.639102049999999,-6.6,-0.9,-1.4,0,ble
person_b_session_01,recovery,high,2026-08-14T21:42:25.194+08:00,1786714945194,left,foot_left_001,2402087,343640133,0.0,0.0,0.0027,0.0015,0.0078,0.0884,31.34,32.24,31.92,32.62,-5.16810455,2.1770762999999995,-6.913688249999999,1.5,0.6,2.0,0,ble
person_b_session_01,recovery,high,2026-08-14T21:42:25.196+08:00,1786714945196,right,foot_right_001,2402087,343640133,0.0024,0.0,0.0,0.0,0.0244,0.0713,31.19,31.98,25.25,32.65,3.8442068,4.2168595,-6.6881353,-6.2,-0.8,-1.2,0,ble
person_b_session_01,recovery,high,2026-08-14T21:42:25.394+08:00,1786714945394,left,foot_left_001,2402087,343640134,0.0,0.0002,0.0054,0.0037,0.0073,0.0662,31.34,32.3,31.92,32.65,-5.197524499999999,2.1280430499999996,-6.8254284,0.9,-0.9,1.7,0,ble
person_b_session_01,recovery,high,2026-08-14T21:42:25.396+08:00,1786714945396,right,foot_right_001,2402087,343640134,0.0022,0.0007,0.0005,0.0,0.0252,0.0718,31.16,31.98,25.25,32.65,3.81478685,4.18743955,-6.678328649999999,-6.0,-1.1,-1.7,0,ble
person_b_session_01,recovery,high,2026-08-14T21:42:25.594+08:00,1786714945594,left,foot_left_001,2402087,343640135,0.002,0.0017,0.0112,0.0024,0.0073,0.0515,31.34,32.33,31.95,32.62,-5.236751099999999,2.1476563499999997,-6.8842683,-0.1,-0.4,2.2,0,ble
person_b_session_01,recovery,high,2026-08-14T21:42:25.596+08:00,1786714945596,right,foot_right_001,2402087,343640135,0.0015,0.0017,0.0024,0.0,0.0271,0.0716,31.16,31.92,25.25,32.65,3.8638201,4.16782625,-6.6881353,-5.6,-0.8,-0.9,0,ble
person_b_session_01,recovery,high,2026-08-14T21:42:25.794+08:00,1786714945794,left,foot_left_001,2402087,343640136,0.0046,0.0015,0.0125,0.0022,0.0073,0.052,31.34,32.33,31.98,32.65,-5.1582979,2.10842975,-6.874461649999999,1.2,0.6,2.0,0,ble
person_b_session_01,recovery,high,2026-08-14T21:42:25.796+08:00,1786714945796,right,foot_right_001,2402087,343640136,0.0029,0.0032,0.0063,0.0,0.0264,0.0686,31.16,31.98,25.22,32.65,3.8834334,4.0991797,-6.7273619,-6.3,-0.8,-1.4,0,ble
person_b_session_01,recovery,high,2026-08-14T21:42:25.994+08:00,1786714945994,left,foot_left_001,2402087,343640137,0.0046,0.0005,0.0117,0.0024,0.0078,0.0576,31.34,32.39,31.95,32.65,-5.236751099999999,2.1476563499999997,-6.8842683,0.6,0.2,2.2,0,ble
person_b_session_01,recovery,high,2026-08-14T21:42:25.996+08:00,1786714945996,right,foot_right_001,2402087,343640137,0.002,0.0029,0.0063,0.0,0.0264,0.0698,31.19,31.98,25.25,32.65,3.8442068,4.0795664,-6.7077485999999995,-6.3,-0.9,-1.3,0,ble
person_b_session_01,recovery,high,2026-08-14T21:42:26.194+08:00,1786714946194,left,foot_left_001,2402087,343640138,0.0051,0.0005,0.0112,0.0017,0.0078,0.0615,31.34,32.42,31.92,32.65,-5.20733115,2.1476563499999997,-6.8450416999999995,0.6,0.3,2.2,0,ble
person_b_session_01,recovery,high,2026-08-14T21:42:26.196+08:00,1786714946196,right,foot_right_001,2402087,343640138,0.0022,0.0034,0.0061,0.0,0.0261,0.0696,31.19,31.98,25.25,32.65,3.8442068,4.118792999999999,-6.69794195,-6.2,-0.9,-1.2,0,ble
person_b_session_01,recovery,high,2026-08-14T21:42:26.394+08:00,1786714946394,left,foot_left_001,2402087,343640139,0.0046,0.0002,0.0098,0.0017,0.0085,0.0662,31.34,32.42,31.92,32.62,-5.2171378,2.1378497,-6.8842683,0.8,0.5,2.2,0,ble
person_b_session_01,recovery,high,2026-08-14T21:42:26.396+08:00,1786714946396,right,foot_right_001,2402087,343640139,0.0022,0.0034,0.0061,0.0,0.0252,0.0681,31.19,31.98,25.25,32.65,3.87362675,4.12859965,-6.6881353,-6.3,-0.7,-1.2,0,ble
person_b_session_01,recovery,high,2026-08-14T21:42:26.594+08:00,1786714946594,left,foot_left_001,2402087,343640140,0.0044,0.0,0.01,0.0015,0.009,0.0679,31.34,32.45,31.98,32.65,-5.197524499999999,2.1378497,-6.874461649999999,0.6,0.1,2.1,0,ble
person_b_session_01,recovery,high,2026-08-14T21:42:26.596+08:00,1786714946596,right,foot_right_001,2402087,343640140,0.002,0.0039,0.0066,0.0,0.0254,0.0679,31.19,31.98,25.25,32.65,3.8638201,4.1384063,-6.7077485999999995,-6.2,-1.1,-1.4,0,ble
person_b_session_01,recovery,high,2026-08-14T21:42:26.794+08:00,1786714946794,left,foot_left_001,2402087,343640141,0.0039,0.0,0.0073,0.0017,0.0083,0.0711,31.34,32.45,31.92,32.65,-5.2269444499999995,2.1378497,-6.874461649999999,0.9,0.4,2.1,0,ble
person_b_session_01,recovery,high,2026-08-14T21:42:26.796+08:00,1786714946796,right,foot_right_001,2402087,343640141,0.002,0.0039,0.0063,0.0,0.0249,0.0686,31.19,31.98,25.25,32.65,3.8638201,4.0599530999999995,-6.756781849999999,-6.7,-0.9,-1.7,0,ble
person_b_session_01,recovery,high,2026-08-14T21:42:26.994+08:00,1786714946994,left,foot_left_001,2402087,343640142,0.0039,0.0,0.0068,0.0017,0.0078,0.0745,31.34,32.45,31.95,32.62,-5.20733115,2.1476563499999997,-6.854848349999999,0.7,0.1,2.1,0,ble
person_b_session_01,recovery,high,2026-08-14T21:42:26.996+08:00,1786714946996,right,foot_right_001,2402087,343640142,0.0027,0.0039,0.0056,0.0,0.0249,0.0698,31.19,31.98,25.25,32.65,3.83440015,4.0991797,-6.7960084499999995,-6.1,-0.9,-1.4,0,ble
person_b_session_01,recovery,high,2026-08-14T21:42:27.194+08:00,1786714947194,left,foot_left_001,2402087,343640143,0.0039,0.0,0.0061,0.002,0.0081,0.0752,31.34,32.45,31.86,32.62,-5.236751099999999,2.1476563499999997,-6.83523505,0.7,0.0,2.1,0,ble
person_b_session_01,recovery,high,2026-08-14T21:42:27.196+08:00,1786714947196,right,foot_right_001,2402087,343640143,0.0024,0.0039,0.0056,0.0,0.0249,0.0698,31.19,31.98,25.25,32.65,3.8442068,4.1384063,-6.678328649999999,-6.2,-1.0,-1.3,0,ble
person_b_session_01,recovery,high,2026-08-14T21:42:27.394+08:00,1786714947394,left,foot_left_001,2402087,343640144,0.0039,0.0,0.0061,0.002,0.0083,0.0755,31.34,32.47,31.95,32.62,-5.20733115,2.1476563499999997,-6.9038816,0.6,0.1,2.1,0,ble
person_b_session_01,recovery,high,2026-08-14T21:42:27.396+08:00,1786714947396,right,foot_right_001,2402087,343640144,0.0024,0.0037,0.0056,0.0,0.0249,0.0698,31.22,31.98,25.25,32.65,3.8638201,4.10898635,-6.678328649999999,-6.3,-0.7,-1.3,0,ble
person_b_session_01,recovery,high,2026-08-14T21:42:27.594+08:00,1786714947594,left,foot_left_001,2402087,343640145,0.0039,0.0,0.0061,0.0022,0.0083,0.0757,31.34,32.47,31.95,32.62,-5.20733115,2.1476563499999997,-6.8450416999999995,0.6,0.1,2.1,0,ble
person_b_session_01,recovery,high,2026-08-14T21:42:27.596+08:00,1786714947596,right,foot_right_001,2402087,343640145,0.002,0.0039,0.0059,0.0,0.0249,0.0698,31.19,31.98,25.25,32.65,3.85401345,4.12859965,-6.7273619,-6.2,-1.0,-1.3,0,ble
person_b_session_01,recovery,high,2026-08-14T21:42:27.794+08:00,1786714947794,left,foot_left_001,2402087,343640146,0.0034,0.0002,0.0061,0.0022,0.0083,0.0762,31.34,32.45,31.86,32.62,-5.2171378,2.1378497,-6.864655,0.6,0.1,2.1,0,ble
person_b_session_01,recovery,high,2026-08-14T21:42:27.796+08:00,1786714947796,right,foot_right_001,2402087,343640146,0.0022,0.0039,0.0059,0.0,0.0252,0.0698,31.19,31.98,25.25,32.65,3.8442068,4.10898635,-6.7077485999999995,-6.2,-0.9,-1.4,0,ble
person_b_session_01,recovery,high,2026-08-14T21:42:27.994+08:00,1786714947994,left,foot_left_001,2402087,343640147,0.0034,0.0,0.0059,0.0022,0.0083,0.0764,31.34,32.45,31.95,32.62,-5.20733115,2.1378497,-6.854848349999999,0.6,0.3,2.2,0,ble
person_b_session_01,recovery,high,2026-08-14T21:42:27.996+08:00,1786714947996,right,foot_right_001,2402087,343640147,0.002,0.0039,0.0059,0.0,0.0252,0.0703,31.16,31.92,25.22,32.65,3.85401345,4.08937305,-6.7077485999999995,-6.2,-0.9,-1.4,0,ble
person_b_session_01,recovery,high,2026-08-14T21:42:28.194+08:00,1786714948194,left,foot_left_001,2402087,343640148,0.0029,0.0002,0.0051,0.002,0.0085,0.0772,31.34,32.45,31.95,32.62,-5.18771785,2.1476563499999997,-6.9038816,0.7,0.1,2.1,0,ble
person_b_session_01,recovery,high,2026-08-14T21:42:28.196+08:00,1786714948196,right,foot_right_001,2402087,343640148,0.002,0.0039,0.0059,0.0,0.0252,0.0703,31.19,31.92,25.22,32.65,3.8442068,4.08937305,-6.73716855,-6.3,-1.0,-1.3,0,ble
person_b_session_01,recovery,high,2026-08-14T21:42:28.394+08:00,1786714948394,left,foot_left_001,2402087,343640149,0.0029,0.0,0.0051,0.0017,0.0083,0.0772,31.34,32.5,31.95,32.62,-5.20733115,2.1182364,-6.874461649999999,0.7,0.3,2.1,0,ble
person_b_session_01,recovery,high,2026-08-14T21:42:28.396+08:00,1786714948396,right,foot_right_001,2402087,343640149,0.0022,0.0037,0.0054,0.0,0.0252,0.0708,31.19,31.98,25.25,32.65,3.8638201,4.10898635,-6.6881353,-6.3,-0.9,-1.4,0,ble
person_b_session_01,recovery,high,2026-08-14T21:42:28.594+08:00,1786714948594,left,foot_left_001,2402087,343640150,0.0029,0.0,0.0049,0.0012,0.0076,0.0803,31.34,32.5,31.92,32.62,-5.2171378,2.1378497,-6.894074949999999,0.7,0.1,2.1,0,ble
person_b_session_01,recovery,high,2026-08-14T21:42:28.596+08:00,1786714948596,right,foot_right_001,2402087,343640150,0.0012,0.0024,0.0029,0.0,0.0256,0.072,31.19,31.92,25.22,32.65,3.83440015,4.12859965,-6.6881353,-6.6,-1.0,-1.5,0,ble
person_b_session_01,recovery,high,2026-08-14T21:42:28.794+08:00,1786714948794,left,foot_left_001,2402087,343640151,0.0029,0.0,0.0042,0.0012,0.0068,0.0818,31.34,32.5,31.98,32.62,-5.20733115,2.1476563499999997,-6.83523505,0.7,0.2,2.2,0,ble
person_b_session_01,recovery,high,2026-08-14T21:42:28.796+08:00,1786714948796,right,foot_right_001,2402087,343640151,0.0015,0.0022,0.0022,0.0,0.0259,0.0723,31.19,31.92,25.25,32.65,3.83440015,4.1384063,-6.69794195,-6.1,-0.9,-1.2,0,ble
person_b_session_01,recovery,high,2026-08-14T21:42:28.994+08:00,1786714948994,left,foot_left_001,2402087,343640152,0.0037,0.0,0.0039,0.0015,0.0071,0.0835,31.34,32.5,31.92,32.65,-5.197524499999999,2.1672696499999997,-6.8842683,0.5,0.1,2.0,0,ble
person_b_session_01,recovery,high,2026-08-14T21:42:28.996+08:00,1786714948996,right,foot_right_001,2402087,343640152,0.0012,0.0024,0.0024,0.0,0.0256,0.0713,31.19,31.92,25.25,32.65,3.8442068,4.1384063,-6.7273619,-6.3,-0.9,-1.3,0,ble
person_b_session_01,recovery,high,2026-08-14T21:42:29.194+08:00,1786714949194,left,foot_left_001,2402087,343640153,0.0039,0.0002,0.0044,0.0017,0.0076,0.0838,31.34,32.53,32.01,32.65,-5.12887795,2.20649625,-6.9627215,0.5,0.7,2.1,0,ble
person_b_session_01,recovery,high,2026-08-14T21:42:29.196+08:00,1786714949196,right,foot_right_001,2402087,343640153,0.0017,0.0022,0.0024,0.0,0.0252,0.0701,31.19,31.92,25.25,32.65,3.87362675,4.1482129500000005,-6.6881353,-6.5,-0.7,-1.3,0,ble
person_b_session_01,recovery,high,2026-08-14T21:42:29.394+08:00,1786714949394,left,foot_left_001,2402087,343640154,0.0046,0.0005,0.0054,0.0024,0.0085,0.0838,31.34,32.53,31.98,32.65,-5.18771785,2.10842975,-6.9234949,0.6,0.5,2.3,0,ble
person_b_session_01,recovery,high,2026-08-14T21:42:29.396+08:00,1786714949396,right,foot_right_001,2402087,343640154,0.0017,0.0017,0.0017,0.0,0.0244,0.0716,31.19,31.92,25.25,32.65,3.8442068,4.069759749999999,-6.73716855,-6.2,-0.8,-1.4,0,ble
person_b_session_01,recovery,high,2026-08-14T21:42:29.594+08:00,1786714949594,left,foot_left_001,2402087,343640155,0.0056,0.0007,0.0071,0.0022,0.0093,0.0789,31.34,32.53,31.92,32.65,-5.20733115,2.1182364,-6.8842683,0.7,-0.2,1.8,0,ble
person_b_session_01,recovery,high,2026-08-14T21:42:29.596+08:00,1786714949596,right,foot_right_001,2402087,343640155,0.0017,0.0017,0.0024,0.0,0.0247,0.0718,31.19,31.92,25.25,32.65,3.8442068,4.1482129500000005,-6.7077485999999995,-6.0,-0.8,-1.4,0,ble
person_b_session_01,recovery,high,2026-08-14T21:42:29.794+08:00,1786714949794,left,foot_left_001,2402087,343640156,0.0073,0.0005,0.0095,0.0034,0.009,0.0713,31.34,32.53,31.98,32.65,-5.26617105,2.1476563499999997,-6.8450416999999995,0.6,-0.2,2.0,0,ble
person_b_session_01,recovery,high,2026-08-14T21:42:29.796+08:00,1786714949796,right,foot_right_001,2402087,343640156,0.0022,0.0037,0.0054,0.0,0.0259,0.072,31.19,31.98,25.22,32.65,3.83440015,4.10898635,-6.7077485999999995,-6.4,-0.9,-1.3,0,ble
person_b_session_01,recovery,high,2026-08-14T21:42:29.994+08:00,1786714949994,left,foot_left_001,2402087,343640157,0.0088,0.0007,0.0098,0.0039,0.009,0.0691,31.34,32.53,31.86,32.65,-5.2563644,2.1476563499999997,-6.894074949999999,0.6,0.0,2.1,0,ble
person_b_session_01,recovery,high,2026-08-14T21:42:29.996+08:00,1786714949996,right,foot_right_001,2402087,343640157,0.0024,0.0037,0.0066,0.0,0.0261,0.0723,31.22,31.98,25.25,32.65,3.8834334,4.10898635,-6.6881353,-6.3,-1.0,-1.4,0,ble
person_b_session_01,recovery,high,2026-08-14T21:42:30.194+08:00,1786714950194,left,foot_left_001,2402087,343640158,0.0085,0.001,0.0103,0.0039,0.0093,0.0703,31.34,32.53,31.95,32.65,-5.26617105,2.157463,-6.864655,0.6,0.2,2.2,0,ble
person_b_session_01,recovery,high,2026-08-14T21:42:30.196+08:00,1786714950196,right,foot_right_001,2402087,343640158,0.002,0.0039,0.0071,0.0,0.0264,0.0723,31.19,31.98,25.25,32.71,3.8245934999999998,4.10898635,-6.6881353,-6.5,-0.8,-1.3,0,ble
person_b_session_01,recovery,high,2026-08-14T21:42:30.394+08:00,1786714950394,left,foot_left_001,2402087,343640159,0.0066,0.0012,0.0103,0.0039,0.0098,0.0769,31.34,32.56,31.92,32.65,-5.26617105,2.0986230999999997,-6.9333015499999995,0.7,0.6,2.4,0,ble
person_b_session_01,recovery,high,2026-08-14T21:42:30.396+08:00,1786714950396,right,foot_right_001,2402087,343640159,0.0027,0.0017,0.0029,0.0,0.0239,0.0728,31.22,31.98,25.25,32.65,3.9030467,4.10898635,-6.7960084499999995,-5.3,-0.8,-1.0,0,ble
person_b_session_01,recovery,high,2026-08-14T21:42:30.594+08:00,1786714950594,left,foot_left_001,2402087,343640160,0.0,0.0015,0.0107,0.0024,0.0098,0.0774,31.34,32.56,31.98,32.65,-5.1779112,2.06920315,-6.8058151,0.1,0.1,2.3,0,ble
person_b_session_01,recovery,high,2026-08-14T21:42:30.596+08:00,1786714950596,right,foot_right_001,2402087,343640160,0.0024,0.0,0.0,0.0,0.0217,0.0747,31.22,31.98,25.25,32.65,3.83440015,4.0991797,-6.7077485999999995,-6.2,-1.1,-1.6,0,ble
person_b_session_01,recovery,high,2026-08-14T21:42:30.794+08:00,1786714950794,left,foot_left_001,2402087,343640161,0.0,0.002,0.0134,0.0056,0.0066,0.0598,31.34,32.56,31.98,32.65,-5.20733115,2.1770762999999995,-6.83523505,-0.2,-0.1,1.7,0,ble
person_b_session_01,recovery,high,2026-08-14T21:42:30.796+08:00,1786714950796,right,foot_right_001,2402087,343640161,0.002,0.0,0.0,0.0,0.0249,0.0801,31.19,31.98,25.25,32.65,3.8442068,4.158019599999999,-6.69794195,-6.9,-0.8,-1.7,0,ble
person_b_session_01,recovery,high,2026-08-14T21:42:30.994+08:00,1786714950994,left,foot_left_001,2402087,343640162,0.0105,0.0056,0.0266,0.0051,0.0046,0.0335,31.34,32.53,31.98,32.65,-5.2563644,2.1770762999999995,-6.8058151,0.2,-1.5,1.4,0,ble
person_b_session_01,recovery,high,2026-08-14T21:42:30.996+08:00,1786714950996,right,foot_right_001,2402087,343640162,0.0015,0.0,0.0,0.0,0.0264,0.0857,31.19,31.92,25.25,32.65,3.7853669,4.069759749999999,-6.8254284,-6.0,-1.2,-1.8,0,ble
person_b_session_01,recovery,high,2026-08-14T21:42:31.194+08:00,1786714951194,left,foot_left_001,2402087,343640163,0.1074,0.0068,0.0261,0.0105,0.0,0.0093,31.34,32.53,31.92,32.65,-5.4524973999999995,2.1868829499999998,-6.639102049999999,1.2,-3.8,0.8,0,ble
person_b_session_01,recovery,high,2026-08-14T21:42:31.196+08:00,1786714951196,right,foot_right_001,2402087,343640163,0.0,0.0,0.0007,0.0,0.0293,0.0979,31.22,31.98,25.25,32.65,3.77556025,4.1482129500000005,-6.7862018,-5.7,-1.8,-2.5,0,ble
person_b_session_01,recovery,high,2026-08-14T21:42:31.394+08:00,1786714951394,left,foot_left_001,2402087,343640164,0.0716,0.0059,0.0374,0.0127,0.0,0.0139,31.34,32.53,31.92,32.65,-5.3936575,2.08881645,-6.73716855,2.6,4.1,3.1,0,ble
person_b_session_01,recovery,high,2026-08-14T21:42:31.396+08:00,1786714951396,right,foot_right_001,2402087,343640164,0.0,0.0,0.0012,0.0,0.0337,0.1067,31.22,32.01,25.25,32.65,3.7559469499999993,4.1972461999999995,-6.69794195,-5.6,-1.5,-1.9,0,ble
person_b_session_01,recovery,high,2026-08-14T21:42:31.594+08:00,1786714951594,left,foot_left_001,2402087,343640165,0.0283,0.0054,0.0232,0.0061,0.0,0.0327,31.34,32.53,31.98,32.65,-5.3152042999999995,2.1378497,-6.8058151,0.5,0.2,2.3,0,ble
person_b_session_01,recovery,high,2026-08-14T21:42:31.596+08:00,1786714951596,right,foot_right_001,2402087,343640165,0.0,0.0,0.0012,0.0,0.0335,0.1026,31.22,31.98,25.25,32.65,3.7657536,4.10898635,-6.7273619,-6.0,-0.5,-0.8,0,ble
person_b_session_01,recovery,high,2026-08-14T21:42:31.794+08:00,1786714951794,left,foot_left_001,2402087,343640166,0.0269,0.0063,0.0274,0.0046,0.0005,0.042,31.34,32.53,31.98,32.65,-5.34462425,2.1476563499999997,-6.7960084499999995,0.8,0.8,2.8,0,ble
person_b_session_01,recovery,high,2026-08-14T21:42:31.796+08:00,1786714951796,right,foot_right_001,2402087,343640166,0.0,0.0,0.0015,0.0,0.0305,0.0911,31.22,31.98,25.25,32.65,3.8049802,4.158019599999999,-6.717555249999999,-6.1,-0.5,-0.8,0,ble
person_b_session_01,recovery,high,2026-08-14T21:42:31.994+08:00,1786714951994,left,foot_left_001,2402087,343640167,0.0007,0.0049,0.0361,0.0022,0.0063,0.0462,31.34,32.53,31.92,32.65,-5.236751099999999,2.1868829499999998,-6.83523505,-0.6,0.5,3.2,0,ble
person_b_session_01,recovery,high,2026-08-14T21:42:31.996+08:00,1786714951996,right,foot_right_001,2402087,343640167,0.0012,0.0022,0.0061,0.0,0.0266,0.0674,31.19,32.01,25.25,32.71,3.85401345,4.0991797,-6.7665885,-6.6,0.3,-0.4,0,ble
person_b_session_01,recovery,high,2026-08-14T21:42:32.194+08:00,1786714952194,left,foot_left_001,2402087,343640168,0.0054,0.0073,0.0535,0.0034,0.009,0.0447,31.34,32.53,31.92,32.65,-5.236751099999999,2.157463,-6.815621749999999,0.3,0.0,2.0,0,ble
person_b_session_01,recovery,high,2026-08-14T21:42:32.196+08:00,1786714952196,right,foot_right_001,2402087,343640168,0.0022,0.0056,0.0112,0.0,0.0269,0.0523,31.22,32.01,25.25,32.65,3.83440015,4.0991797,-6.69794195,-6.7,-0.6,-1.3,0,ble
person_b_session_01,recovery,high,2026-08-14T21:42:32.394+08:00,1786714952394,left,foot_left_001,2402087,343640169,0.0122,0.0093,0.0681,0.0056,0.0095,0.0383,31.34,32.53,31.95,32.65,-5.26617105,2.157463,-6.8254284,0.3,-0.6,1.8,0,ble
person_b_session_01,recovery,high,2026-08-14T21:42:32.396+08:00,1786714952396,right,foot_right_001,2402087,343640169,0.0027,0.0081,0.012,0.0,0.0266,0.0413,31.19,31.98,25.25,32.65,3.85401345,4.069759749999999,-6.73716855,-6.6,-0.4,-1.0,0,ble
person_b_session_01,recovery,high,2026-08-14T21:42:32.594+08:00,1786714952594,left,foot_left_001,2402087,343640170,0.0151,0.0122,0.0764,0.0081,0.0112,0.0347,31.34,32.53,31.92,32.65,-5.26617105,2.2163028999999996,-6.815621749999999,0.6,0.0,2.0,0,ble
person_b_session_01,recovery,high,2026-08-14T21:42:32.596+08:00,1786714952596,right,foot_right_001,2402087,343640170,0.0037,0.0112,0.0171,0.0,0.0256,0.0347,31.22,31.98,25.25,32.71,3.85401345,4.0795664,-6.7273619,-6.4,-0.6,-1.0,0,ble
person_b_session_01,recovery,high,2026-08-14T21:42:32.794+08:00,1786714952794,left,foot_left_001,2402087,343640171,0.0168,0.0156,0.0811,0.009,0.0117,0.0327,31.34,32.53,31.95,32.65,-5.275977699999999,2.1868829499999998,-6.815621749999999,0.6,0.4,2.1,0,ble
person_b_session_01,recovery,high,2026-08-14T21:42:32.796+08:00,1786714952796,right,foot_right_001,2402087,343640171,0.0051,0.0142,0.0186,0.0,0.0239,0.0317,31.22,31.98,25.25,32.65,3.87362675,4.12859965,-6.678328649999999,-6.2,-0.7,-1.2,0,ble
person_b_session_01,recovery,high,2026-08-14T21:42:32.994+08:00,1786714952994,left,foot_left_001,2402087,343640172,0.0159,0.0147,0.0799,0.0088,0.0125,0.0369,31.34,32.56,32.01,32.65,-5.28578435,2.1770762999999995,-6.8450416999999995,0.7,0.2,2.2,0,ble
person_b_session_01,recovery,high,2026-08-14T21:42:32.996+08:00,1786714952996,right,foot_right_001,2402087,343640172,0.0049,0.0159,0.0188,0.0,0.0242,0.0359,31.22,31.98,25.25,32.71,3.85401345,4.118792999999999,-6.717555249999999,-6.3,-1.0,-1.4,0,ble
person_b_session_01,recovery,high,2026-08-14T21:42:33.194+08:00,1786714953194,left,foot_left_001,2402087,343640173,0.0132,0.0134,0.0752,0.0083,0.0127,0.0403,31.34,32.56,31.98,32.65,-5.2563644,2.1966895999999996,-6.815621749999999,0.7,-0.1,2.1,0,ble
person_b_session_01,recovery,high,2026-08-14T21:42:33.196+08:00,1786714953196,right,foot_right_001,2402087,343640173,0.0022,0.0144,0.0183,0.0,0.0249,0.0415,31.22,31.98,25.22,32.65,3.8834334,4.0991797,-6.668522,-6.5,-0.8,-1.2,0,ble
person_b_session_01,recovery,high,2026-08-14T21:42:33.394+08:00,1786714953394,left,foot_left_001,2402087,343640174,0.0098,0.0095,0.0694,0.0054,0.0129,0.0427,31.34,32.56,31.95,32.65,-5.26617105,2.1770762999999995,-6.8450416999999995,0.8,0.7,2.3,0,ble
person_b_session_01,recovery,high,2026-08-14T21:42:33.396+08:00,1786714953396,right,foot_right_001,2402087,343640174,0.0042,0.0147,0.0183,0.0,0.0259,0.0452,31.22,31.98,25.25,32.71,3.8442068,4.05014645,-6.7862018,-6.5,-0.8,-1.5,0,ble
person_b_session_01,recovery,high,2026-08-14T21:42:33.594+08:00,1786714953594,left,foot_left_001,2402087,343640175,0.0054,0.0076,0.0598,0.0039,0.0122,0.0479,31.34,32.56,31.98,32.65,-5.24655775,2.1966895999999996,-6.8450416999999995,0.5,0.1,2.2,0,ble
person_b_session_01,recovery,high,2026-08-14T21:42:33.596+08:00,1786714953596,right,foot_right_001,2402087,343640175,0.0027,0.0144,0.0164,0.0,0.0266,0.0493,31.22,31.98,25.22,32.65,3.8442068,4.12859965,-6.756781849999999,-6.6,-0.9,-1.5,0,ble
person_b_session_01,recovery,high,2026-08-14T21:42:33.794+08:00,1786714953794,left,foot_left_001,2402087,343640176,0.0017,0.0071,0.0484,0.0015,0.0134,0.053,31.34,32.56,31.86,32.62,-5.18771785,2.1770762999999995,-6.83523505,0.4,0.4,2.3,0,ble
person_b_session_01,recovery,high,2026-08-14T21:42:33.796+08:00,1786714953796,right,foot_right_001,2402087,343640176,0.002,0.0125,0.0117,0.0,0.0266,0.0537,31.22,31.98,25.22,32.71,3.8245934999999998,4.1482129500000005,-6.678328649999999,-6.3,-0.9,-1.4,0,ble
person_b_session_01,recovery,high,2026-08-14T21:42:33.994+08:00,1786714953994,left,foot_left_001,2402087,343640177,0.0022,0.0068,0.0405,0.0015,0.0139,0.0552,31.34,32.56,31.92,32.65,-5.20733115,2.20649625,-6.83523505,0.9,0.6,2.4,0,ble
person_b_session_01,recovery,high,2026-08-14T21:42:33.996+08:00,1786714953996,right,foot_right_001,2402087,343640177,0.001,0.0085,0.0093,0.0,0.0256,0.0569,31.22,31.98,25.25,32.71,3.8245934999999998,4.10898635,-6.6881353,-6.3,-1.2,-1.6,0,ble
person_b_session_01,recovery,high,2026-08-14T21:42:34.194+08:00,1786714954194,left,foot_left_001,2402087,343640178,0.0017,0.0061,0.0347,0.0017,0.0142,0.0574,31.34,32.56,31.92,32.65,-5.236751099999999,2.1966895999999996,-6.854848349999999,0.6,0.2,2.1,0,ble
person_b_session_01,recovery,high,2026-08-14T21:42:34.196+08:00,1786714954196,right,foot_right_001,2402087,343640178,0.0017,0.0085,0.0081,0.0,0.0264,0.0593,31.22,31.98,25.22,32.65,3.8442068,4.0795664,-6.7273619,-6.2,-0.8,-1.1,0,ble
person_b_session_01,recovery,high,2026-08-14T21:42:34.394+08:00,1786714954394,left,foot_left_001,2402087,343640179,0.0024,0.0063,0.0364,0.0017,0.0144,0.0584,31.34,32.56,31.95,32.65,-5.2171378,2.1966895999999996,-6.8254284,0.6,0.1,2.1,0,ble
person_b_session_01,recovery,high,2026-08-14T21:42:34.396+08:00,1786714954396,right,foot_right_001,2402087,343640179,0.0015,0.0095,0.01,0.0,0.0266,0.0576,31.22,31.98,25.25,32.65,3.85401345,4.12859965,-6.73716855,-6.2,-0.8,-1.2,0,ble
person_b_session_01,recovery,high,2026-08-14T21:42:34.594+08:00,1786714954594,left,foot_left_001,2402087,343640180,0.001,0.0061,0.0335,0.0017,0.0149,0.0598,31.34,32.56,31.95,32.65,-5.2171378,2.1966895999999996,-6.854848349999999,0.9,0.6,2.3,0,ble
person_b_session_01,recovery,high,2026-08-14T21:42:34.596+08:00,1786714954596,right,foot_right_001,2402087,343640180,0.0015,0.0098,0.0105,0.0,0.0264,0.0576,31.22,31.98,25.22,32.65,3.83440015,4.158019599999999,-6.7273619,-6.3,-0.9,-1.4,0,ble
person_b_session_01,recovery,high,2026-08-14T21:42:34.794+08:00,1786714954794,left,foot_left_001,2402087,343640181,0.0,0.0044,0.0186,0.0002,0.0142,0.0662,31.34,32.56,31.92,32.65,-5.20733115,2.1966895999999996,-6.83523505,0.6,0.5,2.7,0,ble
person_b_session_01,recovery,high,2026-08-14T21:42:34.796+08:00,1786714954796,right,foot_right_001,2402087,343640181,0.0012,0.0073,0.0073,0.0,0.0249,0.0598,31.22,31.98,25.22,32.65,3.8638201,4.18743955,-6.5900688,-6.1,-1.0,-1.3,0,ble
person_b_session_01,recovery,high,2026-08-14T21:42:34.994+08:00,1786714954994,left,foot_left_001,2402087,343640182,0.0,0.0022,0.0159,0.0007,0.0137,0.0696,31.34,32.56,32.01,32.65,-5.20733115,2.20649625,-6.894074949999999,0.8,0.2,2.0,0,ble
person_b_session_01,recovery,high,2026-08-14T21:42:34.996+08:00,1786714954996,right,foot_right_001,2402087,343640182,0.0007,0.0054,0.0056,0.0,0.0242,0.0606,31.22,31.98,25.25,32.65,3.81478685,4.1776329,-6.69794195,-6.1,-1.3,-1.5,0,ble
person_b_session_01,recovery,high,2026-08-14T21:42:35.194+08:00,1786714955194,left,foot_left_001,2402087,343640183,0.0002,0.0024,0.0156,0.0005,0.0139,0.0718,31.34,32.53,31.98,32.65,-5.20733115,2.1966895999999996,-6.874461649999999,0.8,0.2,2.0,0,ble
person_b_session_01,recovery,high,2026-08-14T21:42:35.196+08:00,1786714955196,right,foot_right_001,2402087,343640183,0.002,0.0054,0.0056,0.0,0.0242,0.0606,31.22,31.98,25.22,32.65,3.8638201,4.1482129500000005,-6.717555249999999,-6.2,-0.9,-1.4,0,ble
person_b_session_01,recovery,high,2026-08-14T21:42:35.394+08:00,1786714955394,left,foot_left_001,2402087,343640184,0.0,0.0034,0.0178,0.001,0.0142,0.0733,31.34,32.56,32.01,32.65,-5.20733115,2.20649625,-6.874461649999999,0.4,0.1,2.2,0,ble
person_b_session_01,recovery,high,2026-08-14T21:42:35.396+08:00,1786714955396,right,foot_right_001,2402087,343640184,0.001,0.0059,0.0056,0.0,0.0234,0.0608,31.22,31.98,25.25,32.65,3.83440015,4.1384063,-6.678328649999999,-6.2,-0.9,-1.3,0,ble
person_b_session_01,recovery,high,2026-08-14T21:42:35.594+08:00,1786714955594,left,foot_left_001,2402087,343640185,0.0002,0.0037,0.0205,0.0007,0.0142,0.0747,31.34,32.53,32.01,32.65,-5.16810455,2.2163028999999996,-6.874461649999999,0.8,0.0,2.1,0,ble
person_b_session_01,recovery,high,2026-08-14T21:42:35.596+08:00,1786714955596,right,foot_right_001,2402087,343640185,0.0017,0.0061,0.0056,0.0,0.023,0.0601,31.22,31.98,25.22,32.65,3.87362675,4.118792999999999,-6.717555249999999,-6.2,-1.0,-1.4,0,ble
person_b_session_01,recovery,high,2026-08-14T21:42:35.794+08:00,1786714955794,left,foot_left_001,2402087,343640186,0.001,0.0039,0.0212,0.001,0.0144,0.0752,31.34,32.56,32.01,32.65,-5.20733115,2.20649625,-6.8842683,0.7,0.1,2.0,0,ble
person_b_session_01,recovery,high,2026-08-14T21:42:35.796+08:00,1786714955796,right,foot_right_001,2402087,343640186,0.0015,0.0063,0.0056,0.0,0.0225,0.0601,31.22,32.01,25.25,32.71,3.87362675,4.158019599999999,-6.6881353,-6.3,-0.9,-1.3,0,ble
person_b_session_01,recovery,high,2026-08-14T21:42:35.994+08:00,1786714955994,left,foot_left_001,2402087,343640187,0.0012,0.0044,0.0239,0.0015,0.0156,0.0752,31.34,32.53,31.98,32.65,-5.20733115,2.1966895999999996,-6.854848349999999,0.7,0.1,2.0,0,ble
person_b_session_01,recovery,high,2026-08-14T21:42:35.996+08:00,1786714955996,right,foot_right_001,2402087,343640187,0.0015,0.0066,0.0059,0.0,0.0225,0.0586,31.22,32.01,25.25,32.71,3.8442068,4.158019599999999,-6.668522,-6.2,-1.0,-1.4,0,ble
person_b_session_01,recovery,high,2026-08-14T21:42:36.194+08:00,1786714956194,left,foot_left_001,2402087,343640188,0.0015,0.0046,0.0247,0.0015,0.0164,0.075,31.34,32.53,32.01,32.65,-5.2171378,2.2163028999999996,-6.874461649999999,0.7,0.1,2.2,0,ble
person_b_session_01,recovery,high,2026-08-14T21:42:36.196+08:00,1786714956196,right,foot_right_001,2402087,343640188,0.0017,0.0068,0.0059,0.0,0.0232,0.0596,31.22,31.98,25.22,32.65,3.8834334,4.10898635,-6.717555249999999,-6.2,-0.9,-1.4,0,ble
person_b_session_01,recovery,high,2026-08-14T21:42:36.394+08:00,1786714956394,left,foot_left_001,2402087,343640189,0.0015,0.0046,0.0237,0.0012,0.0154,0.0755,31.34,32.53,32.01,32.65,-5.197524499999999,2.1966895999999996,-6.913688249999999,0.7,0.2,2.1,0,ble
person_b_session_01,recovery,high,2026-08-14T21:42:36.396+08:00,1786714956396,right,foot_right_001,2402087,343640189,0.0015,0.0068,0.0061,0.0,0.0239,0.0608,31.22,31.98,25.22,32.65,3.8442068,4.12859965,-6.668522,-6.4,-0.8,-1.4,0,ble
person_b_session_01,recovery,high,2026-08-14T21:42:36.594+08:00,1786714956594,left,foot_left_001,2402087,343640190,0.001,0.0046,0.0237,0.0012,0.0149,0.0755,31.34,32.53,32.01,32.65,-5.2269444499999995,2.1966895999999996,-6.8842683,0.7,-0.2,1.9,0,ble
person_b_session_01,recovery,high,2026-08-14T21:42:36.596+08:00,1786714956596,right,foot_right_001,2402087,343640190,0.0017,0.0071,0.0061,0.0,0.0244,0.0615,31.22,31.98,25.25,32.65,3.8638201,4.1384063,-6.7077485999999995,-6.3,-0.9,-1.4,0,ble
person_b_session_01,recovery,high,2026-08-14T21:42:36.794+08:00,1786714956794,left,foot_left_001,2402087,343640191,0.0012,0.0046,0.0242,0.0015,0.0156,0.0762,31.34,32.53,31.98,32.65,-5.20733115,2.22610955,-6.854848349999999,0.6,0.3,2.3,0,ble
person_b_session_01,recovery,high,2026-08-14T21:42:36.796+08:00,1786714956796,right,foot_right_001,2402087,343640191,0.001,0.0068,0.0059,0.0,0.0247,0.062,31.22,32.01,25.25,32.65,3.85401345,4.0991797,-6.7665885,-7.2,-0.2,-1.1,0,ble
person_b_session_01,recovery,high,2026-08-14T21:42:36.994+08:00,1786714956994,left,foot_left_001,2402087,343640192,0.0,0.0022,0.0129,0.0005,0.0139,0.0801,31.34,32.5,31.98,32.65,-5.197524499999999,2.1966895999999996,-6.9234949,0.8,0.4,2.4,0,ble
person_b_session_01,recovery,high,2026-08-14T21:42:36.996+08:00,1786714956996,right,foot_right_001,2402087,343640192,0.0012,0.0059,0.0029,0.0,0.0227,0.0625,31.22,31.98,25.22,32.65,3.83440015,4.1384063,-6.678328649999999,-6.9,-1.0,-1.5,0,ble
person_b_session_01,recovery,high,2026-08-14T21:42:37.194+08:00,1786714957194,left,foot_left_001,2402087,343640193,0.0,0.002,0.0105,0.0012,0.0132,0.0816,31.34,32.5,32.01,32.65,-5.197524499999999,2.1672696499999997,-6.864655,0.6,0.2,2.2,0,ble
person_b_session_01,recovery,high,2026-08-14T21:42:37.196+08:00,1786714957196,right,foot_right_001,2402087,343640193,0.002,0.0034,0.0022,0.0,0.022,0.0637,31.22,31.98,25.25,32.71,3.8834334,4.16782625,-6.8254284,-6.3,-0.6,-1.2,0,ble
person_b_session_01,recovery,high,2026-08-14T21:42:37.394+08:00,1786714957394,left,foot_left_001,2402087,343640194,0.0,0.002,0.0112,0.0005,0.0134,0.0828,31.34,32.5,31.92,32.65,-5.16810455,2.1672696499999997,-6.854848349999999,0.6,0.3,2.1,0,ble
person_b_session_01,recovery,high,2026-08-14T21:42:37.396+08:00,1786714957396,right,foot_right_001,2402087,343640194,0.0017,0.0024,0.0017,0.0,0.021,0.063,31.22,31.98,25.25,32.65,3.8638201,4.158019599999999,-6.6881353,-6.3,-0.8,-1.3,0,ble
person_b_session_01,recovery,high,2026-08-14T21:42:37.594+08:00,1786714957594,left,foot_left_001,2402087,343640195,0.0,0.0022,0.0103,0.0007,0.0134,0.085,31.28,32.5,31.98,32.62,-5.16810455,2.20649625,-6.894074949999999,0.6,0.2,2.2,0,ble
person_b_session_01,recovery,high,2026-08-14T21:42:37.596+08:00,1786714957596,right,foot_right_001,2402087,343640195,0.0015,0.0022,0.001,0.0,0.0195,0.0637,31.22,31.98,25.25,32.65,3.8834334,4.1776329,-6.7077485999999995,-6.3,-0.9,-1.3,0,ble
person_b_session_01,recovery,high,2026-08-14T21:42:37.794+08:00,1786714957794,left,foot_left_001,2402087,343640196,0.0,0.002,0.0098,0.0005,0.0134,0.086,31.34,32.5,31.98,32.65,-5.197524499999999,2.1868829499999998,-6.815621749999999,0.9,0.2,2.0,0,ble
person_b_session_01,recovery,high,2026-08-14T21:42:37.796+08:00,1786714957796,right,foot_right_001,2402087,343640196,0.0007,0.0015,0.0002,0.0,0.019,0.0635,31.22,31.98,25.22,32.65,3.8442068,4.158019599999999,-6.7077485999999995,-6.9,-1.0,-1.5,0,ble
person_b_session_01,recovery,high,2026-08-14T21:42:37.994+08:00,1786714957994,left,foot_left_001,2402087,343640197,0.0,0.0005,0.0024,0.001,0.0105,0.0882,31.34,32.5,32.01,32.65,-5.1779112,2.1868829499999998,-6.9038816,1.2,0.4,1.6,0,ble
person_b_session_01,recovery,high,2026-08-14T21:42:37.996+08:00,1786714957996,right,foot_right_001,2402087,343640197,0.0005,0.0,0.0,0.0,0.0178,0.0657,31.22,31.98,25.22,32.65,3.85401345,4.28550605,-6.639102049999999,-5.6,-2.3,-1.5,0,ble
person_b_session_01,recovery,high,2026-08-14T21:42:38.194+08:00,1786714958194,left,foot_left_001,2402087,343640198,0.0,0.0005,0.0022,0.0022,0.0068,0.0877,31.34,32.5,32.01,32.65,-5.1190713,2.1182364,-6.913688249999999,1.5,-0.2,1.2,0,ble
person_b_session_01,recovery,high,2026-08-14T21:42:38.196+08:00,1786714958196,right,foot_right_001,2402087,343640198,0.0,0.0,0.0,0.0,0.0132,0.0676,31.19,31.98,25.22,32.65,3.7069136999999994,4.28550605,-6.6194887499999995,-6.0,-3.8,-2.6,0,ble
person_b_session_01,recovery,high,2026-08-14T21:42:38.394+08:00,1786714958394,left,foot_left_001,2402087,343640199,0.0044,0.0017,0.0056,0.0056,0.0063,0.0786,31.34,32.53,31.98,32.65,-5.16810455,2.1280430499999996,-6.8450416999999995,-0.1,-1.9,0.8,0,ble
person_b_session_01,recovery,high,2026-08-14T21:42:38.396+08:00,1786714958396,right,foot_right_001,2402087,343640199,0.0012,0.0,0.0,0.0,0.0129,0.072,31.19,31.98,25.22,32.65,3.9422732999999996,4.08937305,-6.7469752,-6.0,0.7,-0.4,0,ble
person_b_session_01,recovery,high,2026-08-14T21:42:38.594+08:00,1786714958594,left,foot_left_001,2402087,343640200,0.0,0.0054,0.0215,0.0127,0.0085,0.0564,31.28,32.53,32.01,32.65,-5.2171378,2.1476563499999997,-6.815621749999999,0.7,-1.1,1.8,0,ble
person_b_session_01,recovery,high,2026-08-14T21:42:38.596+08:00,1786714958596,right,foot_right_001,2402087,343640200,0.0059,0.0,0.0,0.0,0.0132,0.0769,31.19,31.98,25.22,32.65,3.7559469499999993,4.05014645,-6.73716855,-5.5,0.5,-0.3,0,ble
person_b_session_01,recovery,high,2026-08-14T21:42:38.794+08:00,1786714958794,left,foot_left_001,2402087,343640201,0.0547,0.0103,0.0498,0.0186,0.0042,0.0222,31.34,32.56,32.01,32.65,-5.3152042999999995,2.1280430499999996,-6.7469752,-0.1,-2.8,-0.2,0,ble
person_b_session_01,recovery,high,2026-08-14T21:42:38.796+08:00,1786714958796,right,foot_right_001,2402087,343640201,0.0203,0.0,0.0005,0.0,0.0173,0.0562,31.19,31.98,25.19,32.65,3.95207995,3.9618865999999997,-6.639102049999999,-5.3,0.1,-0.1,0,ble
person_b_session_01,recovery,high,2026-08-14T21:42:38.994+08:00,1786714958994,left,foot_left_001,2402087,343640202,0.1299,0.0188,0.0757,0.0405,0.0,0.0044,31.34,32.56,32.01,32.65,-5.3642375499999995,2.0986230999999997,-6.717555249999999,-0.8,-1.5,1.6,0,ble
person_b_session_01,recovery,high,2026-08-14T21:42:38.996+08:00,1786714958996,right,foot_right_001,2402087,343640202,0.0911,0.0042,0.0046,0.0002,0.0178,0.0254,31.16,31.92,25.19,32.65,3.9618865999999997,4.05014645,-6.756781849999999,-6.7,0.2,0.3,0,ble
person_b_session_01,recovery,high,2026-08-14T21:42:39.194+08:00,1786714959194,left,foot_left_001,2402087,343640203,0.1709,0.0168,0.0737,0.0508,0.0,0.0024,31.34,32.59,32.01,32.65,-5.374044199999999,2.1378497,-6.7273619,1.9,0.9,1.6,0,ble
person_b_session_01,recovery,high,2026-08-14T21:42:39.196+08:00,1786714959196,right,foot_right_001,2402087,343640203,0.1534,0.0083,0.009,0.0063,0.0139,0.0137,31.19,31.98,25.22,32.65,3.97169325,4.03053315,-6.668522,-6.0,-0.9,-1.0,0,ble
person_b_session_01,recovery,high,2026-08-14T21:42:39.394+08:00,1786714959394,left,foot_left_001,2402087,343640204,0.1856,0.0181,0.0825,0.0557,0.0,0.002,31.34,32.59,31.98,32.65,-5.3642375499999995,2.1378497,-6.73716855,0.1,-0.4,2.6,0,ble
person_b_session_01,recovery,high,2026-08-14T21:42:39.396+08:00,1786714959396,right,foot_right_001,2402087,343640204,0.1768,0.0098,0.012,0.0127,0.0112,0.0085,31.19,31.92,25.19,32.65,3.97169325,3.97169325,-6.7665885,-6.7,-0.1,-0.8,0,ble
person_b_session_01,recovery,high,2026-08-14T21:42:39.594+08:00,1786714959594,left,foot_left_001,2402087,343640205,0.1802,0.0198,0.085,0.0535,0.0,0.0005,31.34,32.59,32.01,32.65,-5.44269075,2.0986230999999997,-6.717555249999999,-0.1,-1.1,2.2,0,ble
person_b_session_01,recovery,high,2026-08-14T21:42:39.596+08:00,1786714959596,right,foot_right_001,2402087,343640205,0.1849,0.0129,0.0181,0.0195,0.0095,0.0051,31.19,31.92,25.19,32.65,4.03053315,4.069759749999999,-6.678328649999999,-6.7,-0.3,-0.4,0,ble
person_b_session_01,recovery,high,2026-08-14T21:42:39.794+08:00,1786714959794,left,foot_left_001,2402087,343640206,0.1851,0.02,0.0911,0.0515,0.0,0.0032,31.34,32.59,31.98,32.65,-5.413270799999999,2.1378497,-6.7469752,0.8,0.8,2.1,0,ble
person_b_session_01,recovery,high,2026-08-14T21:42:39.796+08:00,1786714959796,right,foot_right_001,2402087,343640206,0.1954,0.0122,0.0225,0.0247,0.0093,0.0068,31.22,31.98,25.22,32.65,3.9618865999999997,4.0403398,-6.59987545,-5.8,-1.5,-2.1,0,ble
person_b_session_01,recovery,high,2026-08-14T21:42:39.994+08:00,1786714959994,left,foot_left_001,2402087,343640207,0.1866,0.021,0.095,0.0532,0.0,0.0056,31.34,32.65,32.01,32.65,-5.374044199999999,2.1378497,-6.65871535,0.8,0.1,2.0,0,ble
person_b_session_01,recovery,high,2026-08-14T21:42:39.996+08:00,1786714959996,right,foot_right_001,2402087,343640207,0.1792,0.0093,0.0154,0.0188,0.011,0.0137,31.22,31.98,25.19,32.65,3.9814998999999998,4.01091985,-6.6881353,-6.3,-1.0,-1.5,0,ble
person_b_session_01,both_forefoot_high,high,2026-08-14T21:42:40.194+08:00,1786714960194,left,foot_left_001,2402087,343640208,0.1788,0.0217,0.0984,0.0532,0.0,0.0056,31.34,32.65,32.01,32.65,-5.40346415,2.0986230999999997,-6.7273619,0.7,0.5,2.3,0,ble
person_b_session_01,both_forefoot_high,high,2026-08-14T21:42:40.196+08:00,1786714960196,right,foot_right_001,2402087,343640208,0.1841,0.0095,0.0166,0.0149,0.0129,0.0149,31.22,31.98,25.19,32.65,3.9814998999999998,4.069759749999999,-6.65871535,-6.2,-1.0,-1.6,0,ble
person_b_session_01,both_forefoot_high,high,2026-08-14T21:42:40.394+08:00,1786714960394,left,foot_left_001,2402087,343640209,0.1748,0.0222,0.0987,0.0515,0.0,0.0071,31.34,32.65,32.01,32.65,-5.413270799999999,2.1378497,-6.7273619,0.5,0.1,2.2,0,ble
person_b_session_01,both_forefoot_high,high,2026-08-14T21:42:40.396+08:00,1786714960396,right,foot_right_001,2402087,343640209,0.1739,0.009,0.0134,0.0144,0.0137,0.0171,31.22,32.01,25.19,32.65,3.95207995,4.03053315,-6.7469752,-5.9,-1.1,-1.6,0,ble
person_b_session_01,both_forefoot_high,high,2026-08-14T21:42:40.594+08:00,1786714960594,left,foot_left_001,2402087,343640210,0.1744,0.0232,0.1011,0.0501,0.0,0.0068,31.34,32.65,31.98,32.65,-5.38385085,2.1280430499999996,-6.776395149999999,0.3,-0.4,2.1,0,ble
person_b_session_01,both_forefoot_high,high,2026-08-14T21:42:40.596+08:00,1786714960596,right,foot_right_001,2402087,343640210,0.1744,0.0093,0.0142,0.0125,0.0142,0.0168,31.22,31.98,25.19,32.65,3.9814998999999998,4.01091985,-6.7273619,-6.6,-0.6,-1.3,0,ble
person_b_session_01,both_forefoot_high,high,2026-08-14T21:42:40.794+08:00,1786714960794,left,foot_left_001,2402087,343640211,0.1668,0.0242,0.1021,0.0532,0.0,0.0056,31.34,32.65,32.01,32.65,-5.3936575,2.1378497,-6.756781849999999,0.7,0.3,2.2,0,ble
person_b_session_01,both_forefoot_high,high,2026-08-14T21:42:40.796+08:00,1786714960796,right,foot_right_001,2402087,343640211,0.1626,0.0125,0.0205,0.0115,0.0134,0.0142,31.22,31.98,25.19,32.65,3.95207995,4.05014645,-6.69794195,-6.2,-1.0,-1.3,0,ble
person_b_session_01,both_forefoot_high,high,2026-08-14T21:42:40.994+08:00,1786714960994,left,foot_left_001,2402087,343640212,0.1631,0.0239,0.1043,0.0518,0.0,0.0061,31.34,32.65,31.92,32.65,-5.3936575,2.1378497,-6.7273619,0.8,0.5,2.2,0,ble
person_b_session_01,both_forefoot_high,high,2026-08-14T21:42:40.996+08:00,1786714960996,right,foot_right_001,2402087,343640212,0.1582,0.0134,0.0222,0.0127,0.0134,0.0142,31.22,31.98,25.19,32.65,3.97169325,4.069759749999999,-6.6881353,-6.2,-0.9,-1.4,0,ble
person_b_session_01,both_forefoot_high,high,2026-08-14T21:42:41.194+08:00,1786714961194,left,foot_left_001,2402087,343640213,0.1621,0.0252,0.104,0.0515,0.0002,0.0063,31.34,32.65,32.01,32.65,-5.3936575,2.1476563499999997,-6.717555249999999,0.7,0.2,2.1,0,ble
person_b_session_01,both_forefoot_high,high,2026-08-14T21:42:41.196+08:00,1786714961196,right,foot_right_001,2402087,343640213,0.158,0.0139,0.023,0.0132,0.0132,0.0147,31.22,31.98,25.19,32.65,3.9814998999999998,4.0403398,-6.69794195,-6.3,-0.9,-1.3,0,ble
person_b_session_01,both_forefoot_high,high,2026-08-14T21:42:41.394+08:00,1786714961394,left,foot_left_001,2402087,343640214,0.1582,0.0242,0.1033,0.0479,0.0002,0.0085,31.34,32.65,32.01,32.65,-5.374044199999999,2.1476563499999997,-6.756781849999999,0.8,0.4,2.2,0,ble
person_b_session_01,both_forefoot_high,high,2026-08-14T21:42:41.396+08:00,1786714961396,right,foot_right_001,2402087,343640214,0.1519,0.0139,0.0234,0.0129,0.0134,0.0149,31.22,31.98,25.19,32.65,3.9814998999999998,4.020726499999999,-6.717555249999999,-6.1,-0.9,-1.3,0,ble
person_b_session_01,both_forefoot_high,high,2026-08-14T21:42:41.594+08:00,1786714961594,left,foot_left_001,2402087,343640215,0.1551,0.0249,0.1035,0.0459,0.0005,0.0088,31.34,32.65,31.98,32.65,-5.3936575,2.157463,-6.69794195,0.9,0.5,2.2,0,ble
person_b_session_01,both_forefoot_high,high,2026-08-14T21:42:41.596+08:00,1786714961596,right,foot_right_001,2402087,343640215,0.1514,0.0142,0.023,0.0149,0.0137,0.0149,31.22,31.98,25.19,32.71,3.95207995,4.01091985,-6.6881353,-6.3,-0.9,-1.4,0,ble
person_b_session_01,both_forefoot_high,high,2026-08-14T21:42:41.794+08:00,1786714961794,left,foot_left_001,2402087,343640216,0.1485,0.0222,0.1018,0.0449,0.0007,0.01,31.34,32.65,32.01,32.65,-5.3936575,2.1476563499999997,-6.7469752,1.0,0.8,2.1,0,ble
person_b_session_01,both_forefoot_high,high,2026-08-14T21:42:41.796+08:00,1786714961796,right,foot_right_001,2402087,343640216,0.1382,0.0132,0.0212,0.0147,0.0142,0.0186,31.22,31.98,25.19,32.71,3.99130655,4.069759749999999,-6.6489087,-5.9,-1.4,-1.8,0,ble
person_b_session_01,both_forefoot_high,high,2026-08-14T21:42:41.994+08:00,1786714961994,left,foot_left_001,2402087,343640217,0.1473,0.0222,0.1033,0.0444,0.0012,0.0115,31.34,32.65,31.92,32.65,-5.3544309,2.1476563499999997,-6.7862018,0.6,0.1,2.1,0,ble
person_b_session_01,both_forefoot_high,high,2026-08-14T21:42:41.996+08:00,1786714961996,right,foot_right_001,2402087,343640217,0.1353,0.0112,0.0171,0.0112,0.0142,0.0217,31.22,31.98,25.19,32.65,3.9422732999999996,4.0011132,-6.7273619,-6.3,-0.9,-1.4,0,ble
person_b_session_01,both_forefoot_high,high,2026-08-14T21:42:42.194+08:00,1786714962194,left,foot_left_001,2402087,343640218,0.1507,0.0225,0.104,0.0459,0.001,0.0112,31.34,32.65,31.98,32.65,-5.374044199999999,2.1476563499999997,-6.73716855,0.4,-0.1,2.0,0,ble
person_b_session_01,both_forefoot_high,high,2026-08-14T21:42:42.196+08:00,1786714962196,right,foot_right_001,2402087,343640218,0.1416,0.0122,0.0181,0.0117,0.0147,0.0212,31.22,31.98,25.19,32.71,3.9422732999999996,4.01091985,-6.6881353,-6.3,-0.9,-1.2,0,ble
person_b_session_01,both_forefoot_high,high,2026-08-14T21:42:42.394+08:00,1786714962394,left,foot_left_001,2402087,343640219,0.1541,0.0237,0.1057,0.0447,0.0012,0.01,31.34,32.65,31.92,32.65,-5.413270799999999,2.1476563499999997,-6.7665885,0.5,0.1,2.1,0,ble
person_b_session_01,both_forefoot_high,high,2026-08-14T21:42:42.396+08:00,1786714962396,right,foot_right_001,2402087,343640219,0.1455,0.0134,0.022,0.0137,0.0147,0.0186,31.22,31.92,25.19,32.65,3.9814998999999998,4.020726499999999,-6.7273619,-6.3,-0.8,-1.3,0,ble
person_b_session_01,both_forefoot_high,high,2026-08-14T21:42:42.594+08:00,1786714962594,left,foot_left_001,2402087,343640220,0.1548,0.0252,0.1065,0.0442,0.001,0.0095,31.28,32.65,31.92,32.65,-5.38385085,2.157463,-6.73716855,0.4,0.0,2.0,0,ble
person_b_session_01,both_forefoot_high,high,2026-08-14T21:42:42.596+08:00,1786714962596,right,foot_right_001,2402087,343640220,0.1453,0.0139,0.0227,0.0147,0.0147,0.0181,31.22,31.98,25.16,32.65,3.9814998999999998,4.03053315,-6.668522,-6.3,-0.9,-1.3,0,ble
person_b_session_01,both_forefoot_high,high,2026-08-14T21:42:42.794+08:00,1786714962794,left,foot_left_001,2402087,343640221,0.1573,0.0252,0.1065,0.0454,0.001,0.0076,31.28,32.65,31.92,32.65,-5.38385085,2.157463,-6.717555249999999,0.6,0.2,2.1,0,ble
person_b_session_01,both_forefoot_high,high,2026-08-14T21:42:42.796+08:00,1786714962796,right,foot_right_001,2402087,343640221,0.146,0.0144,0.023,0.0168,0.0147,0.0168,31.22,31.98,25.19,32.71,3.97169325,4.0011132,-6.7077485999999995,-6.2,-1.0,-1.2,0,ble
person_b_session_01,both_forefoot_high,high,2026-08-14T21:42:42.994+08:00,1786714962994,left,foot_left_001,2402087,343640222,0.1578,0.0261,0.1067,0.0452,0.001,0.0081,31.34,32.65,32.01,32.65,-5.38385085,2.1672696499999997,-6.73716855,0.5,0.1,2.1,0,ble
person_b_session_01,both_forefoot_high,high,2026-08-14T21:42:42.996+08:00,1786714962996,right,foot_right_001,2402087,343640222,0.1436,0.0144,0.0239,0.0149,0.0149,0.0171,31.22,31.98,25.19,32.65,3.9814998999999998,4.03053315,-6.717555249999999,-6.3,-0.9,-1.3,0,ble
person_b_session_01,both_forefoot_high,high,2026-08-14T21:42:43.194+08:00,1786714963194,left,foot_left_001,2402087,343640223,0.1585,0.0261,0.1062,0.0493,0.0005,0.0063,31.34,32.65,32.01,32.65,-5.3936575,2.1476563499999997,-6.7077485999999995,0.6,-0.1,2.1,0,ble
person_b_session_01,both_forefoot_high,high,2026-08-14T21:42:43.196+08:00,1786714963196,right,foot_right_001,2402087,343640223,0.1424,0.0147,0.0239,0.0166,0.0147,0.0168,31.22,31.98,25.19,32.71,3.9814998999999998,4.0403398,-6.69794195,-6.5,-0.7,-1.3,0,ble
person_b_session_01,both_forefoot_high,high,2026-08-14T21:42:43.394+08:00,1786714963394,left,foot_left_001,2402087,343640224,0.156,0.0266,0.1074,0.053,0.0005,0.0066,31.34,32.65,32.01,32.65,-5.374044199999999,2.157463,-6.7665885,0.7,0.2,2.0,0,ble
person_b_session_01,both_forefoot_high,high,2026-08-14T21:42:43.396+08:00,1786714963396,right,foot_right_001,2402087,343640224,0.136,0.0149,0.0239,0.0154,0.0144,0.0159,31.22,32.01,25.19,32.71,3.97169325,4.020726499999999,-6.7077485999999995,-6.4,-0.8,-1.3,0,ble
person_b_session_01,both_forefoot_high,high,2026-08-14T21:42:43.594+08:00,1786714963594,left,foot_left_001,2402087,343640225,0.1512,0.0259,0.107,0.0496,0.0005,0.009,31.34,32.71,32.01,32.65,-5.38385085,2.1476563499999997,-6.7469752,0.8,0.7,2.2,0,ble
person_b_session_01,both_forefoot_high,high,2026-08-14T21:42:43.596+08:00,1786714963596,right,foot_right_001,2402087,343640225,0.1265,0.0154,0.0242,0.0159,0.0147,0.0178,31.22,32.01,25.19,32.71,3.92266,3.99130655,-6.73716855,-6.0,-1.2,-1.7,0,ble
person_b_session_01,both_forefoot_high,high,2026-08-14T21:42:43.794+08:00,1786714963794,left,foot_left_001,2402087,343640226,0.1429,0.0252,0.1067,0.0462,0.001,0.0107,31.34,32.65,32.01,32.65,-5.374044199999999,2.1280430499999996,-6.7665885,0.9,0.4,2.1,0,ble
person_b_session_01,both_forefoot_high,high,2026-08-14T21:42:43.796+08:00,1786714963796,right,foot_right_001,2402087,343640226,0.1057,0.0137,0.021,0.0139,0.0149,0.0217,31.22,31.98,25.19,32.65,3.9618865999999997,4.020726499999999,-6.717555249999999,-6.2,-0.9,-1.4,0,ble
person_b_session_01,both_forefoot_high,high,2026-08-14T21:42:43.994+08:00,1786714963994,left,foot_left_001,2402087,343640227,0.1377,0.0247,0.1062,0.0476,0.001,0.012,31.34,32.71,32.01,32.65,-5.3544309,2.1378497,-6.756781849999999,0.7,0.1,2.0,0,ble
person_b_session_01,both_forefoot_high,high,2026-08-14T21:42:43.996+08:00,1786714963996,right,foot_right_001,2402087,343640227,0.1077,0.0132,0.0203,0.0132,0.0161,0.0227,31.22,31.98,25.16,32.71,3.9422732999999996,4.03053315,-6.717555249999999,-6.3,-0.9,-1.3,0,ble
person_b_session_01,both_forefoot_high,high,2026-08-14T21:42:44.194+08:00,1786714964194,left,foot_left_001,2402087,343640228,0.1382,0.0247,0.1065,0.0457,0.001,0.0125,31.34,32.71,32.01,32.65,-5.3544309,2.157463,-6.717555249999999,0.6,0.1,2.0,0,ble
person_b_session_01,both_forefoot_high,high,2026-08-14T21:42:44.196+08:00,1786714964196,right,foot_right_001,2402087,343640228,0.1094,0.0132,0.0205,0.0132,0.0161,0.0239,31.22,31.98,25.19,32.71,3.95207995,4.020726499999999,-6.717555249999999,-6.3,-0.9,-1.4,0,ble
person_b_session_01,both_forefoot_high,high,2026-08-14T21:42:44.394+08:00,1786714964394,left,foot_left_001,2402087,343640229,0.1387,0.0242,0.1065,0.044,0.0012,0.0122,31.34,32.65,32.01,32.65,-5.3544309,2.1378497,-6.756781849999999,0.8,0.2,2.0,0,ble
person_b_session_01,both_forefoot_high,high,2026-08-14T21:42:44.396+08:00,1786714964396,right,foot_right_001,2402087,343640229,0.1118,0.0132,0.02,0.0132,0.0154,0.0247,31.22,32.01,25.19,32.71,3.9422732999999996,4.0403398,-6.69794195,-6.2,-1.0,-1.5,0,ble
person_b_session_01,both_forefoot_high,high,2026-08-14T21:42:44.594+08:00,1786714964594,left,foot_left_001,2402087,343640230,0.1424,0.0247,0.1065,0.0449,0.0012,0.0122,31.34,32.71,32.01,32.65,-5.3642375499999995,2.1280430499999996,-6.73716855,0.5,-0.1,2.0,0,ble
person_b_session_01,both_forefoot_high,high,2026-08-14T21:42:44.596+08:00,1786714964596,right,foot_right_001,2402087,343640230,0.1118,0.0129,0.019,0.0129,0.0164,0.0252,31.22,32.01,25.19,32.71,3.9618865999999997,4.03053315,-6.7077485999999995,-6.4,-0.8,-1.2,0,ble
person_b_session_01,both_forefoot_high,high,2026-08-14T21:42:44.794+08:00,1786714964794,left,foot_left_001,2402087,343640231,0.1436,0.0249,0.107,0.0481,0.0012,0.0107,31.34,32.71,32.01,32.65,-5.38385085,2.1378497,-6.776395149999999,0.5,0.1,2.0,0,ble
person_b_session_01,both_forefoot_high,high,2026-08-14T21:42:44.796+08:00,1786714964796,right,foot_right_001,2402087,343640231,0.1145,0.0134,0.0205,0.0137,0.0171,0.0249,31.22,31.98,25.19,32.71,3.93246665,4.03053315,-6.717555249999999,-6.2,-0.9,-1.3,0,ble
person_b_session_01,both_forefoot_high,high,2026-08-14T21:42:44.994+08:00,1786714964994,left,foot_left_001,2402087,343640232,0.1416,0.0254,0.1072,0.0481,0.0012,0.0105,31.34,32.71,32.01,32.65,-5.3642375499999995,2.1476563499999997,-6.7469752,0.6,0.0,2.0,0,ble
person_b_session_01,both_forefoot_high,high,2026-08-14T21:42:44.996+08:00,1786714964996,right,foot_right_001,2402087,343640232,0.1065,0.0142,0.0217,0.0139,0.0173,0.0244,31.22,31.98,25.16,32.65,3.9814998999999998,4.020726499999999,-6.6096821,-6.2,-0.9,-1.6,0,ble
person_b_session_01,both_forefoot_high,high,2026-08-14T21:42:45.194+08:00,1786714965194,left,foot_left_001,2402087,343640233,0.1431,0.0259,0.1087,0.0493,0.001,0.0098,31.34,32.65,32.01,32.65,-5.34462425,2.1280430499999996,-6.7469752,0.3,-0.3,1.9,0,ble
person_b_session_01,both_forefoot_high,high,2026-08-14T21:42:45.196+08:00,1786714965196,right,foot_right_001,2402087,343640233,0.0945,0.0149,0.022,0.0139,0.0173,0.023,31.22,32.01,25.19,32.71,3.9422732999999996,4.05014645,-6.73716855,-6.4,-0.8,-1.2,0,ble
person_b_session_01,both_forefoot_high,high,2026-08-14T21:42:45.394+08:00,1786714965394,left,foot_left_001,2402087,343640234,0.1448,0.0259,0.1092,0.0537,0.0012,0.0073,31.34,32.71,32.01,32.65,-5.38385085,2.1476563499999997,-6.756781849999999,0.8,0.4,2.1,0,ble
person_b_session_01,both_forefoot_high,high,2026-08-14T21:42:45.396+08:00,1786714965396,right,foot_right_001,2402087,343640234,0.1048,0.0173,0.0254,0.0142,0.0173,0.0181,31.22,32.01,25.19,32.71,3.9618865999999997,3.99130655,-6.717555249999999,-6.3,-0.8,-1.3,0,ble
person_b_session_01,both_forefoot_high,high,2026-08-14T21:42:45.594+08:00,1786714965594,left,foot_left_001,2402087,343640235,0.1499,0.0266,0.1089,0.0567,0.001,0.0085,31.34,32.71,32.01,32.65,-5.38385085,2.1476563499999997,-6.73716855,0.7,0.6,2.2,0,ble
person_b_session_01,both_forefoot_high,high,2026-08-14T21:42:45.596+08:00,1786714965596,right,foot_right_001,2402087,343640235,0.1062,0.0181,0.0249,0.0149,0.0166,0.0161,31.22,31.98,25.16,32.71,3.99130655,3.99130655,-6.668522,-6.0,-1.0,-1.3,0,ble
person_b_session_01,both_forefoot_high,high,2026-08-14T21:42:45.794+08:00,1786714965794,left,foot_left_001,2402087,343640236,0.149,0.0256,0.1094,0.0569,0.0015,0.0093,31.34,32.71,32.01,32.65,-5.38385085,2.1770762999999995,-6.717555249999999,0.8,0.3,2.1,0,ble
person_b_session_01,both_forefoot_high,high,2026-08-14T21:42:45.796+08:00,1786714965796,right,foot_right_001,2402087,343640236,0.1001,0.0181,0.0254,0.0149,0.0166,0.0171,31.22,31.98,25.19,32.65,3.97169325,4.03053315,-6.7077485999999995,-6.2,-1.0,-1.3,0,ble
person_b_session_01,both_forefoot_high,high,2026-08-14T21:42:45.994+08:00,1786714965994,left,foot_left_001,2402087,343640237,0.1475,0.0259,0.1089,0.0557,0.0017,0.01,31.34,32.71,32.01,32.65,-5.3642375499999995,2.157463,-6.756781849999999,0.8,0.3,2.1,0,ble
person_b_session_01,both_forefoot_high,high,2026-08-14T21:42:45.996+08:00,1786714965996,right,foot_right_001,2402087,343640237,0.0977,0.0181,0.0249,0.0144,0.0171,0.0183,31.22,31.98,25.16,32.71,3.9422732999999996,4.01091985,-6.668522,-6.3,-1.0,-1.5,0,ble
person_b_session_01,both_forefoot_high,high,2026-08-14T21:42:46.194+08:00,1786714966194,left,foot_left_001,2402087,343640238,0.1424,0.0247,0.1082,0.054,0.0017,0.0112,31.34,32.77,32.03,32.65,-5.3642375499999995,2.1182364,-6.7960084499999995,0.8,0.3,2.1,0,ble
person_b_session_01,both_forefoot_high,high,2026-08-14T21:42:46.196+08:00,1786714966196,right,foot_right_001,2402087,343640238,0.0962,0.0183,0.0249,0.0142,0.0173,0.0195,31.22,32.01,25.19,32.71,3.9422732999999996,4.0403398,-6.7077485999999995,-6.2,-1.0,-1.4,0,ble
person_b_session_01,both_forefoot_high,high,2026-08-14T21:42:46.394+08:00,1786714966394,left,foot_left_001,2402087,343640239,0.1338,0.0232,0.1077,0.0527,0.0012,0.0122,31.34,32.71,32.01,32.65,-5.374044199999999,2.1378497,-6.776395149999999,0.7,0.4,2.2,0,ble
person_b_session_01,both_forefoot_high,high,2026-08-14T21:42:46.396+08:00,1786714966396,right,foot_right_001,2402087,343640239,0.0889,0.0168,0.022,0.0127,0.0178,0.0227,31.22,32.01,25.19,32.71,3.9422732999999996,4.03053315,-6.7273619,-6.1,-1.1,-1.5,0,ble
person_b_session_01,both_forefoot_high,high,2026-08-14T21:42:46.594+08:00,1786714966594,left,foot_left_001,2402087,343640240,0.1358,0.0244,0.1082,0.0527,0.0015,0.0129,31.34,32.71,32.01,32.65,-5.38385085,2.1182364,-6.7469752,0.7,0.2,2.1,0,ble
person_b_session_01,both_forefoot_high,high,2026-08-14T21:42:46.596+08:00,1786714966596,right,foot_right_001,2402087,343640240,0.0967,0.0168,0.0222,0.0117,0.0181,0.0239,31.22,32.01,25.19,32.71,3.95207995,4.01091985,-6.69794195,-6.4,-0.9,-1.4,0,ble
person_b_session_01,both_forefoot_high,high,2026-08-14T21:42:46.794+08:00,1786714966794,left,foot_left_001,2402087,343640241,0.1316,0.0242,0.1077,0.0523,0.0015,0.0137,31.34,32.71,32.01,32.65,-5.38385085,2.1182364,-6.815621749999999,0.7,0.3,2.1,0,ble
person_b_session_01,both_forefoot_high,high,2026-08-14T21:42:46.796+08:00,1786714966796,right,foot_right_001,2402087,343640241,0.0977,0.0171,0.022,0.0115,0.0181,0.0244,31.22,32.01,25.19,32.71,3.9422732999999996,4.03053315,-6.69794195,-6.2,-1.0,-1.4,0,ble
person_b_session_01,both_forefoot_high,high,2026-08-14T21:42:46.994+08:00,1786714966994,left,foot_left_001,2402087,343640242,0.1206,0.0237,0.1074,0.0498,0.0015,0.0137,31.28,32.71,32.01,32.65,-5.334817599999999,2.1280430499999996,-6.756781849999999,0.6,0.0,2.1,0,ble
person_b_session_01,both_forefoot_high,high,2026-08-14T21:42:46.996+08:00,1786714966996,right,foot_right_001,2402087,343640242,0.0911,0.0161,0.0212,0.012,0.0181,0.0256,31.22,32.01,25.19,32.71,3.95207995,4.03053315,-6.7077485999999995,-6.3,-0.9,-1.3,0,ble
person_b_session_01,both_forefoot_high,high,2026-08-14T21:42:47.194+08:00,1786714967194,left,foot_left_001,2402087,343640243,0.127,0.0242,0.1079,0.0496,0.0012,0.0139,31.34,32.71,32.01,32.65,-5.3544309,2.1280430499999996,-6.815621749999999,0.7,0.2,2.1,0,ble
person_b_session_01,both_forefoot_high,high,2026-08-14T21:42:47.196+08:00,1786714967196,right,foot_right_001,2402087,343640243,0.0906,0.0161,0.021,0.0112,0.0181,0.0261,31.22,32.01,25.19,32.71,3.9618865999999997,4.0403398,-6.717555249999999,-6.3,-1.0,-1.3,0,ble
person_b_session_01,both_forefoot_high,high,2026-08-14T21:42:47.394+08:00,1786714967394,left,foot_left_001,2402087,343640244,0.127,0.0242,0.1082,0.0491,0.0012,0.0142,31.34,32.71,32.01,32.65,-5.40346415,2.10842975,-6.756781849999999,0.7,0.4,2.2,0,ble
person_b_session_01,both_forefoot_high,high,2026-08-14T21:42:47.396+08:00,1786714967396,right,foot_right_001,2402087,343640244,0.0862,0.0151,0.0195,0.009,0.0181,0.0269,31.22,32.01,25.19,32.71,3.9618865999999997,4.0403398,-6.69794195,-6.2,-1.0,-1.5,0,ble
person_b_session_01,both_forefoot_high,high,2026-08-14T21:42:47.594+08:00,1786714967594,left,foot_left_001,2402087,343640245,0.1272,0.0225,0.1082,0.0488,0.001,0.0144,31.28,32.71,32.01,32.65,-5.3642375499999995,2.1378497,-6.8254284,0.7,0.1,2.0,0,ble
person_b_session_01,both_forefoot_high,high,2026-08-14T21:42:47.596+08:00,1786714967596,right,foot_right_001,2402087,343640245,0.0886,0.0151,0.0186,0.0095,0.0181,0.0281,31.22,32.01,25.16,32.71,3.9422732999999996,4.03053315,-6.7077485999999995,-6.3,-0.9,-1.4,0,ble
person_b_session_01,both_forefoot_high,high,2026-08-14T21:42:47.794+08:00,1786714967794,left,foot_left_001,2402087,343640246,0.1275,0.0227,0.1082,0.0486,0.0012,0.0142,31.34,32.71,32.01,32.65,-5.334817599999999,2.1182364,-6.756781849999999,0.6,0.0,2.2,0,ble
person_b_session_01,both_forefoot_high,high,2026-08-14T21:42:47.796+08:00,1786714967796,right,foot_right_001,2402087,343640246,0.0918,0.0166,0.02,0.01,0.0183,0.0286,31.22,32.01,25.19,32.71,3.95207995,4.03053315,-6.7077485999999995,-6.3,-0.8,-1.3,0,ble
person_b_session_01,both_forefoot_high,high,2026-08-14T21:42:47.994+08:00,1786714967994,left,foot_left_001,2402087,343640247,0.1238,0.0225,0.1082,0.0515,0.0012,0.0144,31.28,32.71,32.01,32.65,-5.334817599999999,2.1182364,-6.8058151,0.7,0.1,2.1,0,ble
person_b_session_01,both_forefoot_high,high,2026-08-14T21:42:47.996+08:00,1786714967996,right,foot_right_001,2402087,343640247,0.0896,0.0164,0.0203,0.0103,0.0186,0.0291,31.22,32.01,25.19,32.71,3.95207995,4.0403398,-6.717555249999999,-6.2,-1.0,-1.4,0,ble
person_b_session_01,both_forefoot_high,high,2026-08-14T21:42:48.194+08:00,1786714968194,left,foot_left_001,2402087,343640248,0.1267,0.0227,0.1079,0.0523,0.0012,0.0144,31.34,32.77,32.01,32.65,-5.3642375499999995,2.1280430499999996,-6.7469752,0.5,-0.1,2.0,0,ble
person_b_session_01,both_forefoot_high,high,2026-08-14T21:42:48.196+08:00,1786714968196,right,foot_right_001,2402087,343640248,0.0872,0.0151,0.019,0.01,0.0186,0.0298,31.22,31.98,25.16,32.71,3.9422732999999996,4.0403398,-6.65871535,-6.2,-1.1,-1.4,0,ble
person_b_session_01,both_forefoot_high,high,2026-08-14T21:42:48.394+08:00,1786714968394,left,foot_left_001,2402087,343640249,0.1277,0.023,0.1079,0.051,0.001,0.0139,31.34,32.8,32.03,32.65,-5.3544309,2.1378497,-6.73716855,0.7,0.1,2.1,0,ble
person_b_session_01,both_forefoot_high,high,2026-08-14T21:42:48.396+08:00,1786714968396,right,foot_right_001,2402087,343640249,0.0899,0.0156,0.0203,0.0103,0.0188,0.0293,31.22,32.01,25.16,32.71,3.95207995,4.0403398,-6.7273619,-6.4,-0.8,-1.3,0,ble
person_b_session_01,both_forefoot_high,high,2026-08-14T21:42:48.594+08:00,1786714968594,left,foot_left_001,2402087,343640250,0.1272,0.0222,0.1079,0.051,0.0012,0.0147,31.34,32.8,32.03,32.65,-5.3642375499999995,2.1280430499999996,-6.7665885,0.7,0.3,2.1,0,ble
person_b_session_01,both_forefoot_high,high,2026-08-14T21:42:48.596+08:00,1786714968596,right,foot_right_001,2402087,343640250,0.0889,0.0154,0.02,0.01,0.019,0.0298,31.22,32.01,25.19,32.71,3.95207995,4.03053315,-6.6881353,-6.2,-1.0,-1.4,0,ble
person_b_session_01,both_forefoot_high,high,2026-08-14T21:42:48.794+08:00,1786714968794,left,foot_left_001,2402087,343640251,0.1243,0.0225,0.1082,0.0498,0.001,0.0151,31.34,32.77,32.03,32.65,-5.3642375499999995,2.1182364,-6.7077485999999995,0.5,0.0,2.1,0,ble
person_b_session_01,both_forefoot_high,high,2026-08-14T21:42:48.796+08:00,1786714968796,right,foot_right_001,2402087,343640251,0.0845,0.0142,0.0183,0.01,0.019,0.0305,31.22,31.98,25.16,32.71,3.93246665,4.01091985,-6.7077485999999995,-6.2,-1.0,-1.2,0,ble
person_b_session_01,both_forefoot_high,high,2026-08-14T21:42:48.994+08:00,1786714968994,left,foot_left_001,2402087,343640252,0.1199,0.023,0.1084,0.0515,0.001,0.0149,31.34,32.77,32.03,32.65,-5.3544309,2.1280430499999996,-6.7665885,0.6,0.0,2.1,0,ble
person_b_session_01,both_forefoot_high,high,2026-08-14T21:42:48.996+08:00,1786714968996,right,foot_right_001,2402087,343640252,0.0882,0.0147,0.02,0.01,0.0193,0.0303,31.22,32.01,25.19,32.71,3.91285335,4.01091985,-6.7077485999999995,-6.4,-0.8,-1.2,0,ble
person_b_session_01,both_forefoot_high,high,2026-08-14T21:42:49.194+08:00,1786714969194,left,foot_left_001,2402087,343640253,0.1248,0.0227,0.1084,0.0518,0.001,0.0149,31.28,32.71,32.03,32.65,-5.34462425,2.1476563499999997,-6.756781849999999,0.6,0.1,2.1,0,ble
person_b_session_01,both_forefoot_high,high,2026-08-14T21:42:49.196+08:00,1786714969196,right,foot_right_001,2402087,343640253,0.0896,0.0149,0.0208,0.0103,0.0193,0.031,31.22,32.01,25.19,32.71,3.9422732999999996,4.03053315,-6.717555249999999,-6.3,-1.0,-1.4,0,ble
person_b_session_01,both_forefoot_high,high,2026-08-14T21:42:49.394+08:00,1786714969394,left,foot_left_001,2402087,343640254,0.128,0.0222,0.1074,0.0491,0.001,0.0151,31.34,32.77,32.03,32.65,-5.3544309,2.0986230999999997,-6.7862018,0.7,0.1,2.1,0,ble
person_b_session_01,both_forefoot_high,high,2026-08-14T21:42:49.396+08:00,1786714969396,right,foot_right_001,2402087,343640254,0.0896,0.0149,0.0203,0.0103,0.0193,0.0327,31.22,31.98,25.19,32.71,3.9422732999999996,4.0403398,-6.717555249999999,-6.2,-1.0,-1.4,0,ble
person_b_session_01,both_forefoot_high,high,2026-08-14T21:42:49.594+08:00,1786714969594,left,foot_left_001,2402087,343640255,0.1267,0.022,0.1067,0.0496,0.001,0.0156,31.34,32.77,32.03,32.65,-5.3544309,2.0986230999999997,-6.756781849999999,0.7,0.3,2.1,0,ble
person_b_session_01,both_forefoot_high,high,2026-08-14T21:42:49.596+08:00,1786714969596,right,foot_right_001,2402087,343640255,0.0842,0.0142,0.0186,0.0095,0.02,0.0332,31.22,31.98,25.16,32.65,3.93246665,4.03053315,-6.73716855,-6.3,-0.9,-1.3,0,ble
person_b_session_01,both_forefoot_high,high,2026-08-14T21:42:49.794+08:00,1786714969794,left,foot_left_001,2402087,343640256,0.1255,0.022,0.107,0.0488,0.001,0.0166,31.34,32.77,32.01,32.65,-5.3642375499999995,2.1280430499999996,-6.7960084499999995,0.6,0.1,2.1,0,ble
person_b_session_01,both_forefoot_high,high,2026-08-14T21:42:49.796+08:00,1786714969796,right,foot_right_001,2402087,343640256,0.0833,0.0139,0.0178,0.0095,0.0203,0.0327,31.22,32.01,25.19,32.71,3.92266,4.0599530999999995,-6.73716855,-6.3,-0.9,-1.3,0,ble
person_b_session_01,both_forefoot_high,high,2026-08-14T21:42:49.994+08:00,1786714969994,left,foot_left_001,2402087,343640257,0.1236,0.0222,0.107,0.0488,0.001,0.0173,31.34,32.8,32.03,32.65,-5.3642375499999995,2.1280430499999996,-6.756781849999999,0.7,0.2,2.1,0,ble
person_b_session_01,both_forefoot_high,high,2026-08-14T21:42:49.996+08:00,1786714969996,right,foot_right_001,2402087,343640257,0.0857,0.0139,0.0176,0.0093,0.0203,0.0327,31.22,32.01,25.19,32.71,3.93246665,4.020726499999999,-6.7469752,-6.3,-0.9,-1.4,0,ble
person_b_session_01,both_forefoot_high,high,2026-08-14T21:42:50.194+08:00,1786714970194,left,foot_left_001,2402087,343640258,0.1228,0.0215,0.1062,0.0488,0.0012,0.0173,31.34,32.77,32.03,32.65,-5.3544309,2.1182364,-6.7960084499999995,0.8,0.3,2.0,0,ble
person_b_session_01,both_forefoot_high,high,2026-08-14T21:42:50.196+08:00,1786714970196,right,foot_right_001,2402087,343640258,0.084,0.0139,0.0164,0.0088,0.0203,0.0335,31.22,31.98,25.19,32.71,3.9422732999999996,4.01091985,-6.69794195,-6.2,-0.9,-1.4,0,ble
person_b_session_01,both_forefoot_high,high,2026-08-14T21:42:50.394+08:00,1786714970394,left,foot_left_001,2402087,343640259,0.1201,0.0205,0.104,0.0452,0.0012,0.0188,31.34,32.77,32.01,32.65,-5.3544309,2.1182364,-6.7665885,0.8,0.2,2.1,0,ble
person_b_session_01,both_forefoot_high,high,2026-08-14T21:42:50.396+08:00,1786714970396,right,foot_right_001,2402087,343640259,0.0811,0.0134,0.0156,0.0081,0.02,0.0347,31.22,32.01,25.19,32.71,3.93246665,4.01091985,-6.7077485999999995,-6.3,-0.9,-1.3,0,ble
person_b_session_01,both_forefoot_high,high,2026-08-14T21:42:50.594+08:00,1786714970594,left,foot_left_001,2402087,343640260,0.1228,0.0198,0.1001,0.0422,0.0015,0.02,31.34,32.8,32.03,32.65,-5.34462425,2.1378497,-6.815621749999999,0.7,0.3,2.1,0,ble
person_b_session_01,both_forefoot_high,high,2026-08-14T21:42:50.596+08:00,1786714970596,right,foot_right_001,2402087,343640260,0.0818,0.0095,0.0115,0.0056,0.0193,0.0369,31.25,32.01,25.19,32.71,3.93246665,4.020726499999999,-6.7469752,-6.3,-0.7,-1.3,0,ble
person_b_session_01,both_forefoot_high,high,2026-08-14T21:42:50.994+08:00,1786714970994,left,foot_left_001,2402087,343640262,0.1263,0.0195,0.1004,0.04,0.002,0.0217,31.34,32.77,32.03,32.65,-5.6780503499999995,2.1966895999999996,-6.9333015499999995,1.2,0.1,3.0,0,ble
person_b_session_01,both_forefoot_high,high,2026-08-14T21:42:50.996+08:00,1786714970996,right,foot_right_001,2402087,343640262,0.0899,0.009,0.0112,0.0051,0.02,0.0369,31.22,32.01,25.19,32.71,3.9422732999999996,4.020726499999999,-6.717555249999999,-6.3,-0.9,-1.3,0,ble
person_b_session_01,both_forefoot_high,high,2026-08-14T21:42:51.194+08:00,1786714971194,left,foot_left_001,2402087,343640263,0.1294,0.0193,0.1011,0.041,0.0022,0.0217,31.34,32.8,32.03,32.65,-5.834956749999999,2.0397832,-7.30595425,1.2,0.1,3.1,0,ble
person_b_session_01,both_forefoot_high,high,2026-08-14T21:42:51.196+08:00,1786714971196,right,foot_right_001,2402087,343640263,0.0923,0.0093,0.0127,0.0056,0.02,0.0371,31.22,32.01,25.19,32.71,3.93246665,4.05014645,-6.7273619,-6.3,-0.9,-1.3,0,ble
person_b_session_01,both_forefoot_high,high,2026-08-14T21:42:51.394+08:00,1786714971394,left,foot_left_001,2402087,343640264,0.1287,0.0198,0.1023,0.0403,0.0022,0.0217,31.34,32.77,32.03,32.65,-5.011198149999999,2.52030905,-5.61921045,1.2,0.4,1.9,0,ble
person_b_session_01,both_forefoot_high,high,2026-08-14T21:42:51.396+08:00,1786714971396,right,foot_right_001,2402087,343640264,0.0926,0.0098,0.0129,0.0061,0.0203,0.0379,31.22,32.01,25.19,32.71,3.92266,4.05014645,-6.73716855,-6.2,-1.0,-1.3,0,ble
person_b_session_01,both_forefoot_high,high,2026-08-14T21:42:51.594+08:00,1786714971594,left,foot_left_001,2402087,343640265,0.1287,0.0198,0.1026,0.0396,0.0022,0.0222,31.34,32.77,32.03,32.65,-4.893518349999999,2.1378497,-6.3056759499999995,0.2,0.2,1.1,0,ble
person_b_session_01,both_forefoot_high,high,2026-08-14T21:42:51.596+08:00,1786714971596,right,foot_right_001,2402087,343640265,0.0969,0.0095,0.0132,0.0061,0.0203,0.0381,31.22,32.01,25.19,32.71,3.95207995,4.0403398,-6.6881353,-6.4,-0.9,-1.3,0,ble
person_b_session_01,both_forefoot_high,high,2026-08-14T21:42:51.794+08:00,1786714971794,left,foot_left_001,2402087,343640266,0.127,0.0188,0.0999,0.0405,0.0022,0.0222,31.34,32.77,32.03,32.65,-5.05042475,2.4908891,-5.6486304,1.5,0.4,2.2,0,ble
person_b_session_01,both_forefoot_high,high,2026-08-14T21:42:51.796+08:00,1786714971796,right,foot_right_001,2402087,343640266,0.1172,0.0085,0.0105,0.0054,0.0205,0.0386,31.22,32.01,25.19,32.71,3.9422732999999996,4.03053315,-6.7077485999999995,-6.2,-1.0,-1.4,0,ble
person_b_session_01,both_forefoot_high,high,2026-08-14T21:42:51.994+08:00,1786714971994,left,foot_left_001,2402087,343640267,0.127,0.0188,0.0996,0.0413,0.002,0.0227,31.34,32.8,32.06,32.65,-5.874183349999999,1.9221034,-7.8649333,0.7,-0.1,2.9,0,ble
person_b_session_01,both_forefoot_high,high,2026-08-14T21:42:51.996+08:00,1786714971996,right,foot_right_001,2402087,343640267,0.1223,0.0081,0.0095,0.0051,0.0205,0.0388,31.22,32.01,25.19,32.71,3.9030467,4.020726499999999,-6.756781849999999,-6.2,-0.9,-1.3,0,ble
person_b_session_01,both_forefoot_high,high,2026-08-14T21:42:52.194+08:00,1786714972194,left,foot_left_001,2402087,343640268,0.128,0.0193,0.1001,0.0418,0.002,0.0225,31.34,32.8,32.03,32.65,-5.8251501,2.0397832,-7.521700549999999,1.1,0.2,3.0,0,ble
person_b_session_01,both_forefoot_high,high,2026-08-14T21:42:52.196+08:00,1786714972196,right,foot_right_001,2402087,343640268,0.1275,0.0078,0.009,0.0056,0.0203,0.0371,31.25,32.01,25.19,32.71,3.87362675,3.99130655,-6.7273619,-6.5,-0.6,-1.3,0,ble
person_b_session_01,both_forefoot_high,high,2026-08-14T21:42:52.394+08:00,1786714972394,left,foot_left_001,2402087,343640269,0.1277,0.0198,0.1009,0.0442,0.0022,0.0225,31.28,32.8,32.06,32.65,-4.9131316499999995,2.5105024,-6.1978028,1.5,-0.1,3.5,0,ble
person_b_session_01,both_forefoot_high,high,2026-08-14T21:42:52.396+08:00,1786714972396,right,foot_right_001,2402087,343640269,0.1397,0.0088,0.0098,0.0066,0.0203,0.0344,31.25,32.01,25.19,32.71,3.9422732999999996,4.03053315,-6.717555249999999,-6.1,-1.0,-1.4,0,ble
person_b_session_01,both_forefoot_high,high,2026-08-14T21:42:52.594+08:00,1786714972594,left,foot_left_001,2402087,343640270,0.1238,0.0193,0.1018,0.0427,0.002,0.0222,31.28,32.77,32.03,32.65,-5.32501095,2.0986230999999997,-6.776395149999999,0.5,0.2,2.1,0,ble
person_b_session_01,both_forefoot_high,high,2026-08-14T21:42:52.596+08:00,1786714972596,right,foot_right_001,2402087,343640270,0.1414,0.009,0.0095,0.0068,0.02,0.0337,31.22,32.01,25.22,32.77,3.9618865999999997,4.020726499999999,-6.7077485999999995,-6.2,-0.9,-1.3,0,ble
person_b_session_01,both_forefoot_high,high,2026-08-14T21:42:52.794+08:00,1786714972794,left,foot_left_001,2402087,343640271,0.1177,0.0203,0.1045,0.044,0.002,0.0212,31.34,32.8,32.03,32.65,-5.3544309,2.08881645,-6.776395149999999,0.1,0.0,2.2,0,ble
person_b_session_01,both_forefoot_high,high,2026-08-14T21:42:52.796+08:00,1786714972796,right,foot_right_001,2402087,343640271,0.1433,0.0095,0.011,0.0071,0.0193,0.0298,31.25,32.01,25.22,32.71,3.93246665,4.03053315,-6.7077485999999995,-6.4,-0.7,-1.2,0,ble
person_b_session_01,both_forefoot_high,high,2026-08-14T21:42:52.994+08:00,1786714972994,left,foot_left_001,2402087,343640272,0.127,0.0205,0.107,0.0488,0.0017,0.0144,31.28,32.77,32.03,32.65,-5.38385085,2.1378497,-6.776395149999999,0.3,-0.3,2.0,0,ble
person_b_session_01,both_forefoot_high,high,2026-08-14T21:42:52.996+08:00,1786714972996,right,foot_right_001,2402087,343640272,0.1475,0.0137,0.0186,0.0156,0.0183,0.0203,31.25,32.01,25.19,32.71,3.95207995,4.0403398,-6.7077485999999995,-6.5,-0.6,-0.7,0,ble
person_b_session_01,both_forefoot_high,high,2026-08-14T21:42:53.194+08:00,1786714973194,left,foot_left_001,2402087,343640273,0.1294,0.021,0.1074,0.0525,0.0017,0.0093,31.34,32.77,32.06,32.65,-5.3642375499999995,2.1476563499999997,-6.73716855,0.4,-0.1,2.1,0,ble
person_b_session_01,both_forefoot_high,high,2026-08-14T21:42:53.196+08:00,1786714973196,right,foot_right_001,2402087,343640273,0.1534,0.0171,0.0266,0.0247,0.0168,0.0129,31.25,32.01,25.22,32.77,3.93246665,4.05014645,-6.7077485999999995,-6.2,-0.8,-1.2,0,ble
person_b_session_01,both_forefoot_high,high,2026-08-14T21:42:53.394+08:00,1786714973394,left,foot_left_001,2402087,343640274,0.1338,0.0215,0.1077,0.0535,0.0005,0.0063,31.34,32.8,32.03,32.65,-5.42307745,2.1476563499999997,-6.8058151,0.4,0.0,2.1,0,ble
person_b_session_01,both_forefoot_high,high,2026-08-14T21:42:53.396+08:00,1786714973396,right,foot_right_001,2402087,343640274,0.1607,0.0178,0.0308,0.0291,0.0166,0.011,31.25,32.01,25.22,32.71,4.020726499999999,4.0011132,-6.6881353,-6.4,-0.8,-1.3,0,ble
person_b_session_01,both_forefoot_high,high,2026-08-14T21:42:53.594+08:00,1786714973594,left,foot_left_001,2402087,343640275,0.1341,0.0227,0.1084,0.0537,0.0007,0.0068,31.34,32.8,32.06,32.65,-5.3544309,2.1182364,-6.756781849999999,0.8,0.3,2.1,0,ble
person_b_session_01,both_forefoot_high,high,2026-08-14T21:42:53.596+08:00,1786714973596,right,foot_right_001,2402087,343640275,0.1621,0.0168,0.0325,0.0286,0.0159,0.011,31.25,32.01,25.22,32.77,4.0011132,4.01091985,-6.678328649999999,-6.2,-1.0,-1.5,0,ble
person_b_session_01,both_forefoot_high,high,2026-08-14T21:42:53.794+08:00,1786714973794,left,foot_left_001,2402087,343640276,0.1341,0.0225,0.1096,0.054,0.0012,0.0071,31.34,32.8,32.03,32.65,-5.38385085,2.1476563499999997,-6.756781849999999,0.8,0.3,2.1,0,ble
person_b_session_01,both_forefoot_high,high,2026-08-14T21:42:53.796+08:00,1786714973796,right,foot_right_001,2402087,343640276,0.1631,0.0168,0.0308,0.0291,0.0166,0.0125,31.25,32.01,25.19,32.71,3.9814998999999998,4.05014645,-6.7077485999999995,-6.2,-0.9,-1.4,0,ble
person_b_session_01,both_forefoot_high,high,2026-08-14T21:42:53.994+08:00,1786714973994,left,foot_left_001,2402087,343640277,0.1299,0.0222,0.1099,0.0552,0.0012,0.0088,31.34,32.8,32.06,32.65,-5.3544309,2.1182364,-6.69794195,0.7,0.2,2.0,0,ble
person_b_session_01,both_forefoot_high,high,2026-08-14T21:42:53.996+08:00,1786714973996,right,foot_right_001,2402087,343640277,0.1634,0.0161,0.0291,0.0283,0.0168,0.0137,31.25,32.01,25.19,32.77,4.0011132,4.0795664,-6.639102049999999,-6.4,-0.9,-1.4,0,ble
person_b_session_01,both_forefoot_high,high,2026-08-14T21:42:54.194+08:00,1786714974194,left,foot_left_001,2402087,343640278,0.1299,0.0232,0.1109,0.0554,0.0012,0.0088,31.28,32.77,32.03,32.65,-5.38385085,2.1280430499999996,-6.776395149999999,0.6,0.1,2.1,0,ble
person_b_session_01,both_forefoot_high,high,2026-08-14T21:42:54.196+08:00,1786714974196,right,foot_right_001,2402087,343640278,0.1665,0.0166,0.0274,0.0259,0.0173,0.0149,31.25,32.01,25.19,32.71,3.9814998999999998,4.03053315,-6.69794195,-6.4,-0.7,-1.2,0,ble
person_b_session_01,both_forefoot_high,high,2026-08-14T21:42:54.394+08:00,1786714974394,left,foot_left_001,2402087,343640279,0.1238,0.0225,0.1109,0.0554,0.0012,0.009,31.28,32.77,32.03,32.65,-5.275977699999999,2.0790097999999997,-6.7960084499999995,1.1,1.1,2.3,0,ble
person_b_session_01,both_forefoot_high,high,2026-08-14T21:42:54.396+08:00,1786714974396,right,foot_right_001,2402087,343640279,0.167,0.0166,0.0259,0.0247,0.0173,0.0147,31.25,32.01,25.19,32.71,3.9814998999999998,4.020726499999999,-6.6881353,-6.7,-0.5,-1.0,0,ble
person_b_session_01,both_forefoot_high,high,2026-08-14T21:42:54.594+08:00,1786714974594,left,foot_left_001,2402087,343640280,0.1231,0.0212,0.1101,0.0569,0.0015,0.0105,31.28,32.77,32.03,32.65,-5.3544309,2.1378497,-6.8254284,0.7,0.3,2.0,0,ble
person_b_session_01,both_forefoot_high,high,2026-08-14T21:42:54.596+08:00,1786714974596,right,foot_right_001,2402087,343640280,0.1705,0.0181,0.0293,0.0264,0.0147,0.0071,31.25,32.01,25.19,32.77,3.9814998999999998,4.03053315,-6.69794195,-6.6,-0.6,-1.1,0,ble
person_b_session_01,both_forefoot_high,high,2026-08-14T21:42:54.794+08:00,1786714974794,left,foot_left_001,2402087,343640281,0.1187,0.0195,0.1077,0.0549,0.0012,0.0112,31.34,32.8,32.03,32.65,-5.3544309,2.08881645,-6.8058151,1.0,0.6,2.1,0,ble
person_b_session_01,both_forefoot_high,high,2026-08-14T21:42:54.796+08:00,1786714974796,right,foot_right_001,2402087,343640281,0.1697,0.0188,0.0369,0.0303,0.0134,0.0061,31.25,32.01,25.19,32.77,4.0011132,4.03053315,-6.668522,-6.4,-0.8,-1.1,0,ble
person_b_session_01,both_forefoot_high,high,2026-08-14T21:42:54.983+08:00,1786714974983,left,foot_left_001,2402087,343640282,0.1111,0.0164,0.1018,0.0486,0.0015,0.0134,31.34,32.8,32.03,32.65,-5.334817599999999,2.10842975,-6.7077485999999995,0.7,-0.2,2.0,0,ble
person_b_session_01,both_forefoot_high,high,2026-08-14T21:42:54.996+08:00,1786714974996,right,foot_right_001,2402087,343640282,0.1744,0.0193,0.0413,0.0366,0.0125,0.0046,31.25,32.01,25.19,32.71,4.0011132,4.0403398,-6.69794195,-6.3,-0.9,-1.6,0,ble
person_b_session_01,recovery,high,2026-08-14T21:42:55.193+08:00,1786714975193,left,foot_left_001,2402087,343640283,0.1167,0.0159,0.1001,0.0486,0.0007,0.0103,31.34,32.8,32.03,32.65,-5.5897905,1.7259704,-7.923773199999999,-0.1,-0.4,2.0,0,ble
person_b_session_01,recovery,high,2026-08-14T21:42:55.193+08:00,1786714975193,right,foot_right_001,2402087,343640283,0.1731,0.0259,0.043,0.0398,0.0168,0.0061,31.25,32.01,25.16,32.71,4.12859965,3.91285335,-6.639102049999999,-6.2,-0.9,-1.4,0,ble
person_b_session_01,recovery,high,2026-08-14T21:42:55.392+08:00,1786714975392,right,foot_right_001,2402087,343640284,0.1646,0.0266,0.044,0.0386,0.0178,0.0073,31.25,32.01,25.16,32.71,2.9616083,3.9030467,-6.815621749999999,-6.0,-1.1,-1.4,0,ble
person_b_session_01,recovery,high,2026-08-14T21:42:55.393+08:00,1786714975393,left,foot_left_001,2402087,343640284,0.1204,0.0159,0.0999,0.0515,0.0,0.0063,31.34,32.77,32.06,32.65,-5.0798447,2.5105024,-5.432884099999999,1.4,0.6,2.1,0,ble
person_b_session_01,recovery,high,2026-08-14T21:42:55.592+08:00,1786714975592,right,foot_right_001,2402087,343640285,0.1575,0.0264,0.0449,0.0398,0.0178,0.0085,31.25,32.01,25.19,32.71,4.697385349999999,4.18743955,-6.6292954,-6.1,-1.1,-1.4,0,ble
person_b_session_01,recovery,high,2026-08-14T21:42:55.593+08:00,1786714975593,left,foot_left_001,2402087,343640285,0.1192,0.0149,0.0996,0.051,0.0,0.009,31.34,32.8,32.06,32.65,-6.001669799999999,1.93191005,-7.796286749999999,0.7,-0.2,3.0,0,ble
person_b_session_01,recovery,high,2026-08-14T21:42:55.792+08:00,1786714975792,right,foot_right_001,2402087,343640286,0.1538,0.0264,0.0459,0.0398,0.0178,0.0088,31.25,32.01,25.16,32.71,3.3734876,3.8442068,-6.8450416999999995,-6.2,-1.0,-1.2,0,ble
person_b_session_01,recovery,high,2026-08-14T21:42:55.793+08:00,1786714975793,left,foot_left_001,2402087,343640286,0.1175,0.0156,0.0996,0.0503,0.0,0.01,31.28,32.8,32.03,32.65,-5.75650355,2.2359161999999997,-6.7469752,1.3,0.2,3.0,0,ble
person_b_session_01,recovery,high,2026-08-14T21:42:55.992+08:00,1786714975992,right,foot_right_001,2402087,343640287,0.1556,0.0266,0.0462,0.0398,0.0178,0.0068,31.25,32.01,25.19,32.71,4.5502856000000005,4.24627945,-6.5704555000000004,-6.1,-1.0,-1.3,0,ble
person_b_session_01,recovery,high,2026-08-14T21:42:55.993+08:00,1786714975993,left,foot_left_001,2402087,343640287,0.1204,0.0166,0.1013,0.0498,0.0007,0.0105,31.28,32.77,32.06,32.65,-4.8052585,2.353596,-5.511337299999999,0.4,0.2,1.3,0,ble
person_b_session_01,recovery,high,2026-08-14T21:42:56.192+08:00,1786714976192,right,foot_right_001,2402087,343640288,0.1546,0.0264,0.0466,0.0379,0.0178,0.0066,31.25,32.01,25.16,32.71,3.01064155,3.8245934999999998,-6.668522,-6.3,-1.0,-1.4,0,ble
person_b_session_01,recovery,high,2026-08-14T21:42:56.193+08:00,1786714976193,left,foot_left_001,2402087,343640288,0.1221,0.0178,0.1035,0.0449,0.0007,0.0107,31.34,32.8,32.06,32.65,-5.7859235,1.7259704,-8.44352565,0.1,0.2,2.1,0,ble
person_b_session_01,recovery,high,2026-08-14T21:42:56.392+08:00,1786714976392,right,foot_right_001,2402087,343640289,0.1482,0.0261,0.0454,0.0352,0.0181,0.0081,31.22,32.01,25.16,32.71,4.46202575,4.03053315,-6.6489087,-6.2,-1.0,-1.6,0,ble
person_b_session_01,recovery,high,2026-08-14T21:42:56.393+08:00,1786714976393,left,foot_left_001,2402087,343640289,0.1231,0.0173,0.1038,0.0469,0.001,0.012,31.34,32.8,32.06,32.65,-5.16810455,1.9417167,-6.913688249999999,0.2,0.1,1.0,0,ble
person_b_session_01,recovery,high,2026-08-14T21:42:56.592+08:00,1786714976592,right,foot_right_001,2402087,343640290,0.1299,0.0225,0.0371,0.0222,0.0186,0.0105,31.25,32.01,25.16,32.71,4.8837117,4.05014645,-6.7960084499999995,-5.7,-1.5,-2.0,0,ble
person_b_session_01,recovery,high,2026-08-14T21:42:56.593+08:00,1786714976593,left,foot_left_001,2402087,343640290,0.1238,0.0178,0.104,0.0459,0.0012,0.0139,31.34,32.8,32.06,32.65,-5.7466969,2.353596,-6.97252815,0.4,0.0,2.2,0,ble
person_b_session_01,recovery,high,2026-08-14T21:42:56.793+08:00,1786714976793,left,foot_left_001,2402087,343640291,0.1219,0.0156,0.1001,0.042,0.0012,0.021,31.34,32.8,32.06,32.65,-5.295590999999999,2.1280430499999996,-6.8058151,1.1,0.8,2.4,0,ble
person_b_session_01,recovery,high,2026-08-14T21:42:56.793+08:00,1786714976793,right,foot_right_001,2402087,343640291,0.0747,0.011,0.0129,0.0034,0.0198,0.0266,31.25,32.01,25.16,32.71,3.9814998999999998,3.9814998999999998,-6.7077485999999995,-6.6,-0.6,-1.5,0,ble
person_b_session_01,recovery,high,2026-08-14T21:42:56.992+08:00,1786714976992,right,foot_right_001,2402087,343640292,0.0234,0.0029,0.0056,0.0,0.0203,0.0442,31.25,32.01,25.16,32.71,3.91285335,4.03053315,-6.756781849999999,-7.0,-1.3,-2.3,0,ble
person_b_session_01,recovery,high,2026-08-14T21:42:56.993+08:00,1786714976993,left,foot_left_001,2402087,343640292,0.1089,0.0127,0.0801,0.03,0.0017,0.0281,31.34,32.77,32.06,32.65,-5.3152042999999995,2.08881645,-6.8058151,1.2,0.5,2.3,0,ble
person_b_session_01,recovery,high,2026-08-14T21:42:57.192+08:00,1786714977192,right,foot_right_001,2402087,343640293,0.0051,0.0,0.0,0.0,0.0203,0.0642,31.25,32.01,25.19,32.71,3.9030467,4.24627945,-6.6489087,-9.2,-1.7,-2.2,0,ble
person_b_session_01,recovery,high,2026-08-14T21:42:57.193+08:00,1786714977193,left,foot_left_001,2402087,343640293,0.0545,0.0056,0.0281,0.0076,0.0017,0.0535,31.34,32.8,32.06,32.65,-5.30539765,2.10842975,-6.9038816,1.7,2.5,3.7,0,ble
person_b_session_01,recovery,high,2026-08-14T21:42:57.392+08:00,1786714977392,right,foot_right_001,2402087,343640294,0.0017,0.0,0.0,0.0,0.0173,0.072,31.25,32.01,25.19,32.71,3.8932400499999997,4.1776329,-6.776395149999999,-10.1,-2.3,-2.4,0,ble
person_b_session_01,recovery,high,2026-08-14T21:42:57.393+08:00,1786714977393,left,foot_left_001,2402087,343640294,0.0044,0.0002,0.0017,0.0017,0.0012,0.0816,31.34,32.8,32.06,32.65,-5.1779112,2.0593964999999996,-6.864655,-0.3,3.5,3.5,0,ble
person_b_session_01,recovery,high,2026-08-14T21:42:57.592+08:00,1786714977592,right,foot_right_001,2402087,343640295,0.0012,0.0,0.0,0.0,0.0139,0.075,31.25,32.01,25.19,32.71,2.7360553499999996,4.95235825,-5.8055368,-1.8,4.3,4.0,0,ble
person_b_session_01,recovery,high,2026-08-14T21:42:57.593+08:00,1786714977593,left,foot_left_001,2402087,343640295,0.0,0.0,0.0,0.0017,0.0012,0.0869,31.28,32.77,32.03,32.65,-5.16810455,2.1280430499999996,-6.9038816,0.9,0.8,3.1,0,ble
person_b_session_01,recovery,high,2026-08-14T21:42:57.792+08:00,1786714977792,right,foot_right_001,2402087,343640296,0.0002,0.0,0.0,0.0,0.0166,0.0691,31.25,32.01,25.19,32.71,3.83440015,4.20705285,-6.639102049999999,-5.1,-0.7,-1.3,0,ble
person_b_session_01,recovery,high,2026-08-14T21:42:57.793+08:00,1786714977793,left,foot_left_001,2402087,343640296,0.0,0.0,0.0,0.0017,0.002,0.0869,31.28,32.8,32.06,32.65,-5.07003805,2.4810824499999997,-6.69794195,2.6,-0.5,0.8,0,ble
person_b_session_01,recovery,high,2026-08-14T21:42:57.992+08:00,1786714977992,right,foot_right_001,2402087,343640297,0.0015,0.0,0.0,0.0,0.0188,0.0711,31.25,32.01,25.19,32.71,3.8638201,4.1384063,-6.7077485999999995,-4.2,0.0,-0.4,0,ble
person_b_session_01,recovery,high,2026-08-14T21:42:57.993+08:00,1786714977993,left,foot_left_001,2402087,343640297,0.0012,0.0002,0.0007,0.0012,0.0037,0.0855,31.28,32.8,32.06,32.65,-5.2171378,2.1476563499999997,-6.894074949999999,1.2,-0.1,1.8,0,ble
person_b_session_01,recovery,high,2026-08-14T21:42:58.192+08:00,1786714978192,right,foot_right_001,2402087,343640298,0.0015,0.0,0.0005,0.0,0.0237,0.0745,31.25,32.01,25.22,32.71,3.85401345,4.10898635,-6.717555249999999,-6.9,-0.7,-1.6,0,ble
person_b_session_01,recovery,high,2026-08-14T21:42:58.193+08:00,1786714978193,left,foot_left_001,2402087,343640298,0.0024,0.0002,0.0024,0.0017,0.0044,0.0777,31.34,32.77,32.06,32.65,-5.275977699999999,2.1182364,-6.943108199999999,0.4,-0.3,2.0,0,ble
person_b_session_01,recovery,high,2026-08-14T21:42:58.392+08:00,1786714978392,right,foot_right_001,2402087,343640299,0.0015,0.0,0.0002,0.0,0.0247,0.0762,31.25,32.01,25.22,32.71,3.8834334,4.1776329,-6.639102049999999,-5.6,-0.9,-1.1,0,ble
person_b_session_01,recovery,high,2026-08-14T21:42:58.393+08:00,1786714978393,left,foot_left_001,2402087,343640299,0.0,0.0005,0.0017,0.0015,0.0044,0.0767,31.34,32.77,32.06,32.65,-5.2563644,2.1770762999999995,-6.894074949999999,0.0,0.2,2.4,0,ble
person_b_session_01,recovery,high,2026-08-14T21:42:58.592+08:00,1786714978592,right,foot_right_001,2402087,343640300,0.0032,0.0002,0.0034,0.0,0.0244,0.0718,31.25,32.01,25.22,32.71,3.85401345,4.0991797,-6.717555249999999,-5.7,-0.6,-0.7,0,ble
person_b_session_01,recovery,high,2026-08-14T21:42:58.593+08:00,1786714978593,left,foot_left_001,2402087,343640300,0.0,0.0,0.0,0.0012,0.0056,0.0777,31.34,32.8,32.09,32.65,-5.20733115,2.1770762999999995,-6.874461649999999,1.2,0.5,1.7,0,ble
person_b_session_01,recovery,high,2026-08-14T21:42:58.792+08:00,1786714978792,right,foot_right_001,2402087,343640301,0.0051,0.0022,0.0046,0.0,0.0239,0.0674,31.25,32.01,25.25,32.71,3.8638201,4.08937305,-6.69794195,-6.7,-0.7,-1.3,0,ble
person_b_session_01,recovery,high,2026-08-14T21:42:58.793+08:00,1786714978793,left,foot_left_001,2402087,343640301,0.0,0.0,0.0046,0.0017,0.0059,0.075,31.28,32.77,32.06,32.65,-5.2171378,2.1378497,-6.874461649999999,0.6,-0.1,2.1,0,ble
person_b_session_01,recovery,high,2026-08-14T21:42:59.192+08:00,1786714979192,right,foot_right_001,2402087,343640303,0.0046,0.0017,0.0027,0.0,0.0244,0.0696,31.25,32.01,25.22,32.71,3.8638201,4.10898635,-6.6881353,-6.1,-1.0,-1.2,0,ble
person_b_session_01,recovery,high,2026-08-14T21:42:59.193+08:00,1786714979193,left,foot_left_001,2402087,343640303,0.0002,0.0002,0.0095,0.0012,0.0066,0.0777,31.34,32.77,32.09,32.71,-5.2171378,2.1868829499999998,-6.854848349999999,0.5,0.4,2.2,0,ble
person_b_session_01,recovery,high,2026-08-14T21:42:59.392+08:00,1786714979392,right,foot_right_001,2402087,343640304,0.0032,0.0005,0.001,0.0,0.0244,0.073,31.25,32.01,25.22,32.71,3.85401345,4.118792999999999,-6.69794195,-8.5,-0.5,-2.0,0,ble
person_b_session_01,recovery,high,2026-08-14T21:42:59.393+08:00,1786714979393,left,foot_left_001,2402087,343640304,0.0,0.0007,0.0103,0.0012,0.0068,0.0772,31.34,32.77,32.06,32.65,-5.20733115,2.1476563499999997,-6.874461649999999,0.6,0.0,2.1,0,ble
person_b_session_01,recovery,high,2026-08-14T21:42:59.592+08:00,1786714979592,right,foot_right_001,2402087,343640305,0.0022,0.0,0.0,0.0,0.0256,0.0794,31.25,32.01,25.25,32.71,3.87362675,4.158019599999999,-6.7077485999999995,-6.5,-0.9,-1.3,0,ble
person_b_session_01,recovery,high,2026-08-14T21:42:59.593+08:00,1786714979593,left,foot_left_001,2402087,343640305,0.0,0.0007,0.009,0.0012,0.0066,0.0801,31.34,32.77,32.06,32.65,-5.275977699999999,2.08881645,-6.943108199999999,0.0,0.1,2.6,0,ble
person_b_session_01,recovery,high,2026-08-14T21:42:59.792+08:00,1786714979792,right,foot_right_001,2402087,343640306,0.0015,0.0,0.0,0.0,0.0254,0.0801,31.25,32.01,25.25,32.71,3.85401345,4.1972461999999995,-6.65871535,-6.4,-0.8,-1.3,0,ble
person_b_session_01,recovery,high,2026-08-14T21:42:59.793+08:00,1786714979793,left,foot_left_001,2402087,343640306,0.0,0.0002,0.0012,0.0017,0.0061,0.0823,31.34,32.8,32.09,32.65,-5.18771785,2.1966895999999996,-6.8450416999999995,1.3,0.7,1.7,0,ble
person_b_session_01,recovery,high,2026-08-14T21:42:59.992+08:00,1786714979992,right,foot_right_001,2402087,343640307,0.0017,0.0,0.0,0.0,0.0249,0.0801,31.25,32.01,25.25,32.71,3.8442068,4.26589275,-6.668522,-4.1,-1.7,-1.0,0,ble
person_b_session_01,recovery,high,2026-08-14T21:42:59.993+08:00,1786714979993,left,foot_left_001,2402087,343640307,0.002,0.0,0.001,0.0012,0.0061,0.0821,31.34,32.77,32.06,32.65,-5.24655775,2.1476563499999997,-6.854848349999999,1.0,-0.5,1.6,0,ble
person_b_session_01,recovery,high,2026-08-14T21:43:00.192+08:00,1786714980192,right,foot_right_001,2402087,343640308,0.0027,0.0,0.0,0.0,0.0203,0.0808,31.25,32.01,25.25,32.71,3.7657536,4.118792999999999,-6.6489087,-5.2,-1.4,-1.5,0,ble
person_b_session_01,recovery,high,2026-08-14T21:43:00.193+08:00,1786714980193,left,foot_left_001,2402087,343640308,0.002,0.0,0.0029,0.0015,0.0063,0.0823,31.34,32.71,32.06,32.65,-5.20733115,2.20649625,-6.8058151,0.4,0.1,2.5,0,ble
person_b_session_01,recovery,high,2026-08-14T21:43:00.392+08:00,1786714980392,right,foot_right_001,2402087,343640309,0.001,0.0,0.0,0.0,0.022,0.0816,31.25,32.01,25.25,32.71,3.8049802,4.1384063,-6.65871535,-6.3,-0.8,-1.4,0,ble
person_b_session_01,recovery,high,2026-08-14T21:43:00.393+08:00,1786714980393,left,foot_left_001,2402087,343640309,0.0034,0.0002,0.0051,0.0022,0.0061,0.0813,31.34,32.77,32.09,32.65,-5.2171378,2.157463,-6.864655,0.9,0.4,2.0,0,ble
person_b_session_01,recovery,high,2026-08-14T21:43:00.592+08:00,1786714980592,right,foot_right_001,2402087,343640310,0.0022,0.0,0.0,0.0,0.0227,0.0838,31.25,32.01,25.25,32.71,3.8442068,4.158019599999999,-6.69794195,-7.1,-0.8,-1.5,0,ble
person_b_session_01,recovery,high,2026-08-14T21:43:00.593+08:00,1786714980593,left,foot_left_001,2402087,343640310,0.0056,0.0002,0.0061,0.002,0.0056,0.0781,31.34,32.77,32.09,32.65,-5.20733115,2.1378497,-6.874461649999999,0.8,0.5,2.1,0,ble
person_b_session_01,recovery,high,2026-08-14T21:43:00.792+08:00,1786714980792,right,foot_right_001,2402087,343640311,0.0005,0.0,0.0,0.0,0.023,0.084,31.25,32.01,25.25,32.71,3.8932400499999997,4.10898635,-6.756781849999999,-8.2,-0.7,-1.8,0,ble
person_b_session_01,recovery,high,2026-08-14T21:43:00.793+08:00,1786714980793,left,foot_left_001,2402087,343640311,0.0059,0.0002,0.0063,0.0022,0.0054,0.0794,31.34,32.71,32.06,32.65,-5.236751099999999,2.1476563499999997,-6.8254284,0.6,-0.4,1.9,0,ble
person_b_session_01,recovery,high,2026-08-14T21:43:00.992+08:00,1786714980992,right,foot_right_001,2402087,343640312,0.0015,0.0,0.0,0.0,0.0227,0.0847,31.25,32.01,25.25,32.71,3.83440015,4.26589275,-6.6292954,-6.7,-0.4,-1.1,0,ble
person_b_session_01,recovery,high,2026-08-14T21:43:00.993+08:00,1786714980993,left,foot_left_001,2402087,343640312,0.0,0.0005,0.0088,0.0017,0.0054,0.0799,31.34,32.77,32.06,32.65,-5.2171378,2.08881645,-6.913688249999999,0.6,0.8,2.5,0,ble
person_b_session_01,recovery,high,2026-08-14T21:43:01.192+08:00,1786714981192,right,foot_right_001,2402087,343640313,0.0029,0.0,0.0,0.0,0.0227,0.0862,31.25,32.01,25.25,32.71,3.8834334,4.1972461999999995,-6.65871535,-5.9,-0.8,-1.1,0,ble
person_b_session_01,recovery,high,2026-08-14T21:43:01.193+08:00,1786714981193,left,foot_left_001,2402087,343640313,0.0,0.0005,0.01,0.0017,0.0059,0.0808,31.34,32.71,32.06,32.65,-5.2269444499999995,2.157463,-6.913688249999999,0.8,0.2,2.0,0,ble
person_b_session_01,recovery,high,2026-08-14T21:43:01.392+08:00,1786714981392,right,foot_right_001,2402087,343640314,0.0029,0.0,0.0,0.0,0.0237,0.0847,31.25,32.01,25.25,32.71,3.8638201,4.20705285,-6.668522,-6.2,-0.7,-1.3,0,ble
person_b_session_01,recovery,high,2026-08-14T21:43:01.393+08:00,1786714981393,left,foot_left_001,2402087,343640314,0.0,0.0007,0.0098,0.0015,0.0059,0.0816,31.34,32.71,32.06,32.65,-5.20733115,2.1476563499999997,-6.8450416999999995,0.7,0.2,2.2,0,ble
person_b_session_01,recovery,high,2026-08-14T21:43:01.592+08:00,1786714981592,right,foot_right_001,2402087,343640315,0.0044,0.0,0.0,0.0,0.0247,0.0821,31.25,32.01,25.25,32.71,3.8638201,4.12859965,-6.7077485999999995,-5.8,-0.8,-1.1,0,ble
person_b_session_01,recovery,high,2026-08-14T21:43:01.593+08:00,1786714981593,left,foot_left_001,2402087,343640315,0.0,0.0012,0.0107,0.0012,0.0061,0.0818,31.34,32.71,32.06,32.65,-5.24655775,2.1378497,-6.8254284,0.7,0.2,2.1,0,ble
person_b_session_01,recovery,high,2026-08-14T21:43:01.792+08:00,1786714981792,right,foot_right_001,2402087,343640316,0.0039,0.0,0.0,0.0,0.0247,0.0833,31.25,32.01,25.27,32.71,3.8442068,4.1972461999999995,-6.678328649999999,-6.9,-1.1,-1.6,0,ble
person_b_session_01,recovery,high,2026-08-14T21:43:01.793+08:00,1786714981793,left,foot_left_001,2402087,343640316,0.0002,0.001,0.0117,0.0012,0.0063,0.0813,31.34,32.71,32.06,32.65,-5.24655775,2.1280430499999996,-6.894074949999999,0.7,0.3,2.1,0,ble
person_b_session_01,recovery,high,2026-08-14T21:43:01.992+08:00,1786714981992,right,foot_right_001,2402087,343640317,0.0022,0.0,0.0,0.0,0.0239,0.0867,31.25,32.01,25.25,32.71,3.8245934999999998,4.1972461999999995,-6.69794195,-6.1,-1.3,-1.3,0,ble
person_b_session_01,recovery,high,2026-08-14T21:43:01.993+08:00,1786714981993,left,foot_left_001,2402087,343640317,0.0,0.001,0.0125,0.0012,0.0063,0.0823,31.34,32.71,32.06,32.65,-5.2171378,2.1476563499999997,-6.854848349999999,0.5,0.0,2.2,0,ble
person_b_session_01,recovery,high,2026-08-14T21:43:02.192+08:00,1786714982192,right,foot_right_001,2402087,343640318,0.0037,0.0,0.0,0.0,0.0242,0.0867,31.25,32.01,25.25,32.71,3.87362675,4.22666615,-6.6194887499999995,-6.3,-0.6,-1.2,0,ble
person_b_session_01,recovery,high,2026-08-14T21:43:02.193+08:00,1786714982193,left,foot_left_001,2402087,343640318,0.0,0.0002,0.0044,0.0,0.0063,0.0835,31.34,32.71,32.06,32.65,-5.18771785,2.1770762999999995,-6.8450416999999995,-0.1,-0.1,2.7,0,ble
person_b_session_01,recovery,high,2026-08-14T21:43:02.392+08:00,1786714982392,right,foot_right_001,2402087,343640319,0.0042,0.0,0.0,0.0,0.0247,0.0864,31.22,32.01,25.25,32.65,3.8932400499999997,4.1972461999999995,-6.639102049999999,-5.9,-0.8,-1.0,0,ble
person_b_session_01,recovery,high,2026-08-14T21:43:02.393+08:00,1786714982393,left,foot_left_001,2402087,343640319,0.0,0.0005,0.0056,0.0005,0.0063,0.083,31.34,32.65,32.06,32.65,-5.24655775,2.1476563499999997,-6.874461649999999,1.0,0.2,1.8,0,ble
person_b_session_01,recovery,high,2026-08-14T21:43:02.592+08:00,1786714982592,right,foot_right_001,2402087,343640320,0.0042,0.0,0.0,0.0,0.0249,0.0862,31.22,32.01,25.25,32.71,3.8638201,4.158019599999999,-6.7077485999999995,-6.5,-1.0,-1.5,0,ble
person_b_session_01,recovery,high,2026-08-14T21:43:02.593+08:00,1786714982593,left,foot_left_001,2402087,343640320,0.0,0.0002,0.0076,0.0007,0.0063,0.0821,31.34,32.65,32.06,32.65,-5.236751099999999,2.157463,-6.874461649999999,1.0,0.1,2.0,0,ble
person_b_session_01,recovery,high,2026-08-14T21:43:02.792+08:00,1786714982792,right,foot_right_001,2402087,343640321,0.0017,0.0,0.0,0.0,0.0244,0.0886,31.25,32.01,25.25,32.71,3.6971070499999996,4.0991797,-6.717555249999999,-6.8,-2.4,-1.1,0,ble
person_b_session_01,recovery,high,2026-08-14T21:43:02.793+08:00,1786714982793,left,foot_left_001,2402087,343640321,0.0,0.0002,0.0088,0.0007,0.0063,0.0813,31.34,32.71,32.09,32.71,-5.1779112,2.1476563499999997,-6.864655,0.6,0.3,1.9,0,ble
person_b_session_01,recovery,high,2026-08-14T21:43:02.992+08:00,1786714982992,right,foot_right_001,2402087,343640322,0.0027,0.0,0.0,0.0,0.0227,0.0869,31.25,32.01,25.25,32.71,3.8442068,4.18743955,-6.69794195,-5.7,-1.0,-1.0,0,ble
person_b_session_01,recovery,high,2026-08-14T21:43:02.993+08:00,1786714982993,left,foot_left_001,2402087,343640322,0.0056,0.0,0.0032,0.0007,0.0029,0.083,31.34,32.65,32.06,32.65,-5.20733115,2.1280430499999996,-6.9038816,1.3,0.4,1.6,0,ble
person_b_session_01,recovery,high,2026-08-14T21:43:03.192+08:00,1786714983192,right,foot_right_001,2402087,343640323,0.0037,0.0,0.0,0.0,0.0227,0.0862,31.22,32.01,25.25,32.71,3.83440015,4.2364728,-6.639102049999999,-5.9,-0.6,-1.0,0,ble
person_b_session_01,recovery,high,2026-08-14T21:43:03.193+08:00,1786714983193,left,foot_left_001,2402087,343640323,0.0112,0.0,0.0015,0.0015,0.0015,0.0835,31.34,32.65,32.06,32.65,-5.2269444499999995,2.08881645,-6.8842683,0.5,0.1,2.2,0,ble
person_b_session_01,recovery,high,2026-08-14T21:43:03.392+08:00,1786714983392,right,foot_right_001,2402087,343640324,0.0046,0.0,0.0,0.0,0.0237,0.0813,31.22,32.01,25.25,32.71,3.8834334,4.1972461999999995,-6.668522,-5.8,-0.8,-1.0,0,ble
person_b_session_01,recovery,high,2026-08-14T21:43:03.393+08:00,1786714983393,left,foot_left_001,2402087,343640324,0.0127,0.0007,0.0027,0.002,0.002,0.084,31.34,32.65,32.06,32.65,-5.24655775,2.1378497,-6.864655,0.6,0.1,2.2,0,ble
person_b_session_01,recovery,high,2026-08-14T21:43:03.592+08:00,1786714983592,right,foot_right_001,2402087,343640325,0.0056,0.0,0.0,0.0,0.023,0.0786,31.22,32.01,25.25,32.71,3.83440015,4.1384063,-6.69794195,-5.7,-0.9,-1.1,0,ble
person_b_session_01,recovery,high,2026-08-14T21:43:03.593+08:00,1786714983593,left,foot_left_001,2402087,343640325,0.0115,0.0005,0.0054,0.0024,0.0027,0.0845,31.34,32.65,32.06,32.65,-5.24655775,2.1378497,-6.874461649999999,0.5,0.0,2.1,0,ble
person_b_session_01,recovery,high,2026-08-14T21:43:03.792+08:00,1786714983792,right,foot_right_001,2402087,343640326,0.0059,0.0,0.0,0.0,0.023,0.0764,31.22,32.01,25.25,32.71,3.8834334,4.1384063,-6.6881353,-6.2,-0.9,-1.3,0,ble
person_b_session_01,recovery,high,2026-08-14T21:43:03.793+08:00,1786714983793,left,foot_left_001,2402087,343640326,0.0083,0.0005,0.0071,0.0027,0.0034,0.085,31.34,32.65,32.03,32.65,-5.2269444499999995,2.1378497,-6.864655,0.7,0.1,2.1,0,ble
person_b_session_01,recovery,high,2026-08-14T21:43:03.992+08:00,1786714983992,right,foot_right_001,2402087,343640327,0.0068,0.0,0.0,0.0,0.0222,0.0757,31.22,32.01,25.25,32.71,3.8442068,4.12859965,-6.7273619,-5.8,-1.2,-1.4,0,ble
person_b_session_01,recovery,high,2026-08-14T21:43:03.993+08:00,1786714983993,left,foot_left_001,2402087,343640327,0.009,0.0007,0.0083,0.0029,0.0039,0.0855,31.34,32.65,32.06,32.65,-5.2563644,2.1280430499999996,-6.8842683,0.7,0.2,2.1,0,ble
person_b_session_01,recovery,high,2026-08-14T21:43:04.192+08:00,1786714984192,right,foot_right_001,2402087,343640328,0.0059,0.0,0.0,0.0,0.0225,0.0737,31.22,32.01,25.25,32.71,3.8834334,4.1384063,-6.7273619,-6.2,-1.0,-1.4,0,ble
person_b_session_01,recovery,high,2026-08-14T21:43:04.193+08:00,1786714984193,left,foot_left_001,2402087,343640328,0.009,0.0007,0.0088,0.0024,0.0042,0.0869,31.34,32.65,32.06,32.65,-5.2269444499999995,2.10842975,-6.864655,0.5,0.1,2.1,0,ble
person_b_session_01,recovery,high,2026-08-14T21:43:04.392+08:00,1786714984392,right,foot_right_001,2402087,343640329,0.0063,0.0,0.0,0.0,0.022,0.0752,31.22,32.01,25.25,32.71,3.85401345,4.118792999999999,-6.7077485999999995,-6.1,-1.0,-1.3,0,ble
person_b_session_01,recovery,high,2026-08-14T21:43:04.393+08:00,1786714984393,left,foot_left_001,2402087,343640329,0.0088,0.001,0.0093,0.0024,0.0044,0.0872,31.34,32.65,32.06,32.71,-5.2269444499999995,2.1476563499999997,-6.8450416999999995,0.6,0.0,2.2,0,ble
person_b_session_01,recovery,high,2026-08-14T21:43:04.592+08:00,1786714984592,right,foot_right_001,2402087,343640330,0.0068,0.0,0.0,0.0,0.0222,0.0757,31.22,32.01,25.25,32.71,3.8442068,4.0991797,-6.69794195,-6.2,-1.0,-1.5,0,ble
person_b_session_01,recovery,high,2026-08-14T21:43:04.593+08:00,1786714984593,left,foot_left_001,2402087,343640330,0.0071,0.0015,0.0093,0.002,0.0044,0.0874,31.34,32.71,32.06,32.65,-5.2171378,2.1378497,-6.8450416999999995,0.4,0.2,2.2,0,ble
person_b_session_01,recovery,high,2026-08-14T21:43:04.792+08:00,1786714984792,right,foot_right_001,2402087,343640331,0.0068,0.0,0.0,0.0,0.0227,0.0759,31.22,32.01,25.25,32.71,3.9030467,4.0991797,-6.678328649999999,-6.3,-0.9,-1.3,0,ble
person_b_session_01,recovery,high,2026-08-14T21:43:04.793+08:00,1786714984793,left,foot_left_001,2402087,343640331,0.0063,0.0015,0.0093,0.002,0.0046,0.0872,31.34,32.71,32.06,32.65,-5.2171378,2.1476563499999997,-6.8450416999999995,0.6,0.2,2.1,0,ble
person_b_session_01,recovery,high,2026-08-14T21:43:04.992+08:00,1786714984992,right,foot_right_001,2402087,343640332,0.0071,0.0,0.0,0.0,0.0225,0.0757,31.22,31.98,25.25,32.65,3.87362675,4.0991797,-6.7077485999999995,-6.3,-0.9,-1.3,0,ble
person_b_session_01,recovery,high,2026-08-14T21:43:04.993+08:00,1786714984993,left,foot_left_001,2402087,343640332,0.0061,0.0015,0.0093,0.002,0.0046,0.0869,31.34,32.65,32.06,32.65,-5.2563644,2.1182364,-6.8842683,0.7,0.2,2.1,0,ble
person_b_session_01,recovery,high,2026-08-14T21:43:05.192+08:00,1786714985192,right,foot_right_001,2402087,343640333,0.0071,0.0,0.0002,0.0,0.0227,0.0733,31.22,32.01,25.25,32.71,3.8834334,4.10898635,-6.7077485999999995,-6.1,-0.9,-1.3,0,ble
person_b_session_01,recovery,high,2026-08-14T21:43:05.193+08:00,1786714985193,left,foot_left_001,2402087,343640333,0.0063,0.0015,0.0095,0.0012,0.0049,0.0869,31.34,32.71,32.06,32.65,-5.2171378,2.1280430499999996,-6.854848349999999,0.6,-0.2,2.0,0,ble
person_b_session_01,recovery,high,2026-08-14T21:43:05.392+08:00,1786714985392,right,foot_right_001,2402087,343640334,0.0073,0.0,0.0002,0.0,0.0227,0.0723,31.22,32.01,25.25,32.71,3.87362675,4.0991797,-6.6881353,-6.2,-0.9,-1.3,0,ble
person_b_session_01,recovery,high,2026-08-14T21:43:05.393+08:00,1786714985393,left,foot_left_001,2402087,343640334,0.0063,0.0017,0.0098,0.0015,0.0049,0.0867,31.34,32.71,32.06,32.65,-5.236751099999999,2.1476563499999997,-6.894074949999999,0.6,0.1,2.1,0,ble
person_b_session_01,recovery,high,2026-08-14T21:43:05.592+08:00,1786714985592,right,foot_right_001,2402087,343640335,0.0073,0.0,0.0005,0.0,0.0227,0.072,31.22,32.01,25.25,32.71,3.8834334,4.118792999999999,-6.7077485999999995,-6.2,-0.9,-1.3,0,ble
person_b_session_01,recovery,high,2026-08-14T21:43:05.593+08:00,1786714985593,left,foot_left_001,2402087,343640335,0.0063,0.0015,0.0103,0.0015,0.0051,0.0864,31.34,32.65,32.06,32.65,-5.2269444499999995,2.157463,-6.874461649999999,0.6,0.1,2.1,0,ble
person_b_session_01,recovery,high,2026-08-14T21:43:05.792+08:00,1786714985792,right,foot_right_001,2402087,343640336,0.0071,0.0,0.0005,0.0,0.0227,0.0706,31.22,32.01,25.25,32.71,3.8834334,4.10898635,-6.717555249999999,-6.0,-1.0,-1.3,0,ble
person_b_session_01,recovery,high,2026-08-14T21:43:05.793+08:00,1786714985793,left,foot_left_001,2402087,343640336,0.0073,0.0017,0.0105,0.0015,0.0054,0.086,31.34,32.71,32.06,32.65,-5.236751099999999,2.08881645,-6.913688249999999,0.7,0.0,2.1,0,ble
person_b_session_01,recovery,high,2026-08-14T21:43:05.992+08:00,1786714985992,right,foot_right_001,2402087,343640337,0.0073,0.0002,0.001,0.0,0.0225,0.0681,31.22,32.01,25.25,32.71,3.8834334,4.0991797,-6.69794195,-6.2,-0.9,-1.2,0,ble
person_b_session_01,recovery,high,2026-08-14T21:43:05.993+08:00,1786714985993,left,foot_left_001,2402087,343640337,0.0071,0.0015,0.0107,0.0017,0.0054,0.085,31.34,32.71,32.06,32.65,-5.24655775,2.1378497,-6.8450416999999995,0.7,0.1,2.0,0,ble
person_b_session_01,recovery,high,2026-08-14T21:43:06.192+08:00,1786714986192,right,foot_right_001,2402087,343640338,0.0095,0.0002,0.001,0.0,0.0227,0.0659,31.22,32.01,25.25,32.71,3.92266,4.0795664,-6.73716855,-5.8,-0.5,-0.8,0,ble
person_b_session_01,recovery,high,2026-08-14T21:43:06.193+08:00,1786714986193,left,foot_left_001,2402087,343640338,0.0083,0.0015,0.0115,0.0017,0.0056,0.0842,31.34,32.71,32.06,32.65,-5.236751099999999,2.1476563499999997,-6.8450416999999995,0.6,0.1,2.1,0,ble
person_b_session_01,recovery,high,2026-08-14T21:43:06.392+08:00,1786714986392,right,foot_right_001,2402087,343640339,0.0103,0.0002,0.0024,0.0,0.023,0.0596,31.22,32.01,25.25,32.71,3.8638201,4.0795664,-6.73716855,-6.3,-0.8,-1.3,0,ble
person_b_session_01,recovery,high,2026-08-14T21:43:06.393+08:00,1786714986393,left,foot_left_001,2402087,343640339,0.01,0.0007,0.0142,0.002,0.0059,0.0799,31.34,32.71,32.06,32.65,-5.26617105,2.1672696499999997,-6.815621749999999,0.5,-0.2,1.9,0,ble
person_b_session_01,recovery,high,2026-08-14T21:43:06.592+08:00,1786714986592,right,foot_right_001,2402087,343640340,0.0107,0.0005,0.0039,0.0,0.023,0.0601,31.22,32.01,25.25,32.71,3.85401345,4.0991797,-6.717555249999999,-6.2,-0.8,-1.3,0,ble
person_b_session_01,recovery,high,2026-08-14T21:43:06.593+08:00,1786714986593,left,foot_left_001,2402087,343640340,0.0107,0.0015,0.0142,0.0022,0.0063,0.0803,31.34,32.71,32.06,32.65,-5.24655775,2.1476563499999997,-6.894074949999999,0.7,0.2,2.2,0,ble
person_b_session_01,recovery,high,2026-08-14T21:43:06.792+08:00,1786714986792,right,foot_right_001,2402087,343640341,0.011,0.0007,0.0049,0.0,0.0239,0.0596,31.22,32.01,25.25,32.71,3.87362675,4.10898635,-6.73716855,-6.2,-1.0,-1.3,0,ble
person_b_session_01,recovery,high,2026-08-14T21:43:06.793+08:00,1786714986793,left,foot_left_001,2402087,343640341,0.0107,0.001,0.0142,0.0022,0.0061,0.0794,31.34,32.71,32.06,32.65,-5.236751099999999,2.1280430499999996,-6.874461649999999,0.7,0.2,2.0,0,ble
person_b_session_01,recovery,high,2026-08-14T21:43:06.992+08:00,1786714986992,right,foot_right_001,2402087,343640342,0.011,0.0012,0.0049,0.0,0.0239,0.0601,31.22,32.01,25.25,32.71,3.85401345,4.0795664,-6.6881353,-6.5,-0.8,-1.3,0,ble
person_b_session_01,recovery,high,2026-08-14T21:43:06.993+08:00,1786714986993,left,foot_left_001,2402087,343640342,0.012,0.001,0.0147,0.0027,0.0061,0.0767,31.34,32.71,32.06,32.65,-5.275977699999999,2.1280430499999996,-6.8842683,0.6,0.0,2.1,0,ble
person_b_session_01,recovery,high,2026-08-14T21:43:07.192+08:00,1786714987192,right,foot_right_001,2402087,343640343,0.0103,0.001,0.0046,0.0,0.0242,0.0591,31.22,32.01,25.25,32.65,3.9030467,4.10898635,-6.668522,-6.6,-0.9,-1.3,0,ble
person_b_session_01,recovery,high,2026-08-14T21:43:07.193+08:00,1786714987193,left,foot_left_001,2402087,343640343,0.0125,0.001,0.0151,0.0024,0.0063,0.0777,31.34,32.71,32.06,32.65,-5.2563644,2.157463,-6.815621749999999,0.4,0.0,2.0,0,ble
person_b_session_01,recovery,high,2026-08-14T21:43:07.392+08:00,1786714987392,right,foot_right_001,2402087,343640344,0.011,0.002,0.0054,0.0,0.0254,0.0603,31.22,31.98,25.25,32.71,3.8834334,4.12859965,-6.6881353,-6.1,-1.1,-1.4,0,ble
person_b_session_01,recovery,high,2026-08-14T21:43:07.393+08:00,1786714987393,left,foot_left_001,2402087,343640344,0.0237,0.001,0.0137,0.0029,0.0056,0.0755,31.34,32.71,32.06,32.65,-5.20733115,2.1280430499999996,-6.8450416999999995,1.3,-0.1,1.5,0,ble
person_b_session_01,recovery,high,2026-08-14T21:43:07.592+08:00,1786714987592,right,foot_right_001,2402087,343640345,0.0107,0.002,0.0056,0.0,0.0261,0.064,31.22,32.01,25.25,32.71,3.8932400499999997,4.08937305,-6.668522,-6.3,-1.0,-1.3,0,ble
person_b_session_01,recovery,high,2026-08-14T21:43:07.593+08:00,1786714987593,left,foot_left_001,2402087,343640345,0.0332,0.001,0.0134,0.0049,0.0039,0.0684,31.34,32.71,32.06,32.65,-5.2563644,2.0986230999999997,-6.864655,0.6,-0.1,2.0,0,ble
person_b_session_01,recovery,high,2026-08-14T21:43:07.792+08:00,1786714987792,right,foot_right_001,2402087,343640346,0.0107,0.0022,0.0054,0.0,0.0266,0.064,31.22,32.01,25.25,32.71,3.91285335,4.0991797,-6.6881353,-6.5,-0.8,-1.4,0,ble
person_b_session_01,recovery,high,2026-08-14T21:43:07.793+08:00,1786714987793,left,foot_left_001,2402087,343640346,0.0327,0.0007,0.0127,0.0049,0.0034,0.0669,31.34,32.71,32.06,32.71,-5.275977699999999,2.06920315,-6.894074949999999,0.7,0.3,2.0,0,ble
person_b_session_01,recovery,high,2026-08-14T21:43:07.992+08:00,1786714987992,right,foot_right_001,2402087,343640347,0.0073,0.002,0.0049,0.0,0.0283,0.0691,31.22,32.01,25.25,32.71,3.87362675,4.10898635,-6.7469752,-6.6,-1.0,-1.7,0,ble
person_b_session_01,recovery,high,2026-08-14T21:43:07.993+08:00,1786714987993,left,foot_left_001,2402087,343640347,0.0449,0.0,0.0032,0.0129,0.0,0.0679,31.34,32.71,32.06,32.71,-5.334817599999999,2.1966895999999996,-6.8450416999999995,1.8,-1.6,-0.7,0,ble
person_b_session_01,recovery,high,2026-08-14T21:43:08.192+08:00,1786714988192,right,foot_right_001,2402087,343640348,0.0039,0.0007,0.0027,0.0,0.0283,0.0737,31.22,31.98,25.25,32.71,3.8442068,4.08937305,-6.73716855,-6.6,-1.4,-1.8,0,ble
person_b_session_01,recovery,high,2026-08-14T21:43:08.193+08:00,1786714988193,left,foot_left_001,2402087,343640348,0.0818,0.0,0.002,0.0444,0.0,0.0579,31.34,32.77,32.06,32.71,-5.275977699999999,1.9122967499999999,-7.0019481,5.2,3.9,0.8,0,ble
person_b_session_01,recovery,high,2026-08-14T21:43:08.392+08:00,1786714988392,right,foot_right_001,2402087,343640349,0.0027,0.0005,0.002,0.0,0.0291,0.0791,31.22,31.98,25.25,32.71,3.85401345,4.1384063,-6.717555249999999,-6.2,-0.9,-1.1,0,ble
person_b_session_01,recovery,high,2026-08-14T21:43:08.393+08:00,1786714988393,left,foot_left_001,2402087,343640349,0.1035,0.0,0.0046,0.096,0.0,0.0444,31.34,32.8,32.06,32.71,-5.20733115,1.7455836999999998,-6.982334799999999,4.8,4.0,0.4,0,ble
person_b_session_01,recovery,high,2026-08-14T21:43:08.592+08:00,1786714988592,right,foot_right_001,2402087,343640350,0.0044,0.0007,0.0024,0.0,0.0291,0.0811,31.22,32.01,25.25,32.71,3.8442068,4.05014645,-6.7665885,-6.4,-0.9,-1.3,0,ble
person_b_session_01,recovery,high,2026-08-14T21:43:08.593+08:00,1786714988593,left,foot_left_001,2402087,343640350,0.1228,0.0,0.009,0.1306,0.0,0.033,31.34,32.8,32.06,32.71,-5.16810455,1.7063571,-6.943108199999999,1.0,-0.7,1.8,0,ble
person_b_session_01,recovery,high,2026-08-14T21:43:08.792+08:00,1786714988792,right,foot_right_001,2402087,343640351,0.0012,0.0,0.0,0.0,0.0283,0.0838,31.22,32.01,25.27,32.71,3.85401345,4.0991797,-6.6881353,-6.3,-1.4,-1.7,0,ble
person_b_session_01,recovery,high,2026-08-14T21:43:08.793+08:00,1786714988793,left,foot_left_001,2402087,343640351,0.1309,0.0,0.0083,0.1355,0.0,0.0327,31.28,32.8,32.09,32.71,-5.1386845999999995,1.7259704,-7.0215613999999995,1.9,1.8,2.1,0,ble
person_b_session_01,recovery,high,2026-08-14T21:43:08.992+08:00,1786714988992,right,foot_right_001,2402087,343640352,0.0012,0.0,0.0,0.0,0.0291,0.0894,31.22,32.01,25.27,32.71,3.83440015,4.12859965,-6.717555249999999,-6.1,-1.1,-1.4,0,ble
person_b_session_01,recovery,high,2026-08-14T21:43:08.993+08:00,1786714988993,left,foot_left_001,2402087,343640352,0.114,0.0,0.0063,0.1282,0.0,0.0386,31.28,32.83,32.09,32.71,-5.1386845999999995,1.6671305,-7.07059465,0.8,0.2,2.2,0,ble
person_b_session_01,recovery,high,2026-08-14T21:43:09.192+08:00,1786714989192,right,foot_right_001,2402087,343640353,0.0027,0.0,0.0007,0.0,0.0295,0.0896,31.25,32.01,25.27,32.71,3.85401345,4.0795664,-6.7077485999999995,-6.0,-0.5,-0.7,0,ble
person_b_session_01,recovery,high,2026-08-14T21:43:09.193+08:00,1786714989193,left,foot_left_001,2402087,343640353,0.0911,0.0002,0.0032,0.1033,0.0,0.0476,31.28,32.8,32.06,32.71,-5.07003805,1.6671305,-7.0411747,-0.8,-1.6,2.4,0,ble
person_b_session_01,recovery,high,2026-08-14T21:43:09.392+08:00,1786714989392,right,foot_right_001,2402087,343640354,0.0044,0.0,0.0017,0.0,0.0291,0.0874,31.22,32.01,25.25,32.71,3.87362675,4.0795664,-6.7077485999999995,-6.3,-0.8,-1.2,0,ble
person_b_session_01,recovery,high,2026-08-14T21:43:09.393+08:00,1786714989393,left,foot_left_001,2402087,343640354,0.093,0.0,0.0049,0.1062,0.0,0.0496,31.25,32.77,32.06,32.71,-5.1779112,1.7357770499999998,-7.0019481,0.3,-0.3,2.1,0,ble
person_b_session_01,recovery,high,2026-08-14T21:43:09.592+08:00,1786714989592,right,foot_right_001,2402087,343640355,0.0046,0.0,0.0015,0.0,0.0288,0.0867,31.22,32.01,25.27,32.71,3.85401345,4.10898635,-6.6881353,-6.6,-0.6,-1.2,0,ble
person_b_session_01,recovery,high,2026-08-14T21:43:09.593+08:00,1786714989593,left,foot_left_001,2402087,343640355,0.0935,0.0002,0.0051,0.105,0.0,0.0505,31.28,32.8,32.06,32.71,-5.1779112,1.6867438,-6.982334799999999,0.5,-0.1,2.2,0,ble
person_b_session_01,recovery,high,2026-08-14T21:43:09.792+08:00,1786714989792,right,foot_right_001,2402087,343640356,0.0044,0.0,0.0017,0.0,0.0291,0.0862,31.22,31.98,25.25,32.65,3.8638201,4.08937305,-6.717555249999999,-6.5,-0.9,-1.4,0,ble
person_b_session_01,recovery,high,2026-08-14T21:43:09.793+08:00,1786714989793,left,foot_left_001,2402087,343640356,0.0923,0.0,0.0056,0.1009,0.0,0.0554,31.25,32.77,32.06,32.71,-5.2171378,1.7357770499999998,-6.992141449999999,0.1,-0.4,2.3,0,ble
person_b_session_01,recovery,high,2026-08-14T21:43:09.992+08:00,1786714989992,right,foot_right_001,2402087,343640357,0.0046,0.0002,0.002,0.0,0.03,0.0877,31.22,32.01,25.25,32.71,3.83440015,4.0795664,-6.756781849999999,-6.0,-1.0,-1.3,0,ble
person_b_session_01,recovery,high,2026-08-14T21:43:09.993+08:00,1786714989993,left,foot_left_001,2402087,343640357,0.0901,0.0,0.0054,0.1018,0.0,0.0569,31.25,32.8,32.06,32.71,-5.1779112,1.69655045,-6.992141449999999,0.8,0.2,2.0,0,ble
person_b_session_01,left_medial_load,high,2026-08-14T21:43:10.192+08:00,1786714990192,right,foot_right_001,2402087,343640358,0.0051,0.0005,0.0042,0.0,0.0293,0.086,31.22,32.01,25.25,32.71,3.91285335,4.158019599999999,-6.69794195,-5.8,-1.0,-1.1,0,ble
person_b_session_01,left_medial_load,high,2026-08-14T21:43:10.193+08:00,1786714990193,left,foot_left_001,2402087,343640358,0.0913,0.0,0.0054,0.1013,0.0,0.0552,31.28,32.77,32.09,32.77,-5.18771785,1.7063571,-6.992141449999999,0.5,0.1,2.1,0,ble
person_b_session_01,left_medial_load,high,2026-08-14T21:43:10.392+08:00,1786714990392,right,foot_right_001,2402087,343640359,0.0051,0.0007,0.0046,0.0,0.03,0.0874,31.22,32.01,25.27,32.71,3.85401345,4.0991797,-6.7273619,-6.4,-0.9,-1.4,0,ble
person_b_session_01,left_medial_load,high,2026-08-14T21:43:10.393+08:00,1786714990393,left,foot_left_001,2402087,343640359,0.0918,0.0,0.0063,0.1035,0.0,0.0542,31.25,32.77,32.06,32.71,-5.197524499999999,1.7063571,-7.0019481,0.8,0.1,1.9,0,ble
person_b_session_01,left_medial_load,high,2026-08-14T21:43:10.592+08:00,1786714990592,right,foot_right_001,2402087,343640360,0.0051,0.0007,0.0046,0.0,0.0303,0.0877,31.22,32.01,25.27,32.71,3.8245934999999998,4.0991797,-6.7077485999999995,-6.6,-0.8,-1.5,0,ble
person_b_session_01,left_medial_load,high,2026-08-14T21:43:10.593+08:00,1786714990593,left,foot_left_001,2402087,343640360,0.0901,0.0,0.0061,0.1035,0.0,0.0559,31.25,32.77,32.09,32.71,-5.20733115,1.7357770499999998,-6.992141449999999,0.7,0.2,2.2,0,ble
person_b_session_01,left_medial_load,high,2026-08-14T21:43:10.792+08:00,1786714990792,right,foot_right_001,2402087,343640361,0.0051,0.0007,0.0044,0.0,0.0303,0.0877,31.22,32.01,25.27,32.71,3.87362675,4.0991797,-6.7273619,-6.3,-0.9,-1.3,0,ble
person_b_session_01,left_medial_load,high,2026-08-14T21:43:10.793+08:00,1786714990793,left,foot_left_001,2402087,343640361,0.0838,0.0,0.0056,0.0994,0.0,0.0576,31.22,32.77,32.09,32.71,-5.20733115,1.7357770499999998,-6.97252815,0.4,0.0,2.3,0,ble
person_b_session_01,left_medial_load,high,2026-08-14T21:43:10.992+08:00,1786714990992,right,foot_right_001,2402087,343640362,0.0044,0.0005,0.0034,0.0,0.0305,0.0879,31.22,32.01,25.27,32.71,3.8245934999999998,4.069759749999999,-6.756781849999999,-6.9,-0.4,-1.3,0,ble
person_b_session_01,left_medial_load,high,2026-08-14T21:43:10.993+08:00,1786714990993,left,foot_left_001,2402087,343640362,0.0821,0.0002,0.0061,0.0957,0.0,0.0589,31.22,32.77,32.09,32.71,-5.197524499999999,1.71616375,-6.992141449999999,0.5,-0.2,2.1,0,ble
person_b_session_01,left_medial_load,high,2026-08-14T21:43:11.192+08:00,1786714991192,right,foot_right_001,2402087,343640363,0.0049,0.001,0.0044,0.0,0.03,0.0867,31.22,32.01,25.27,32.71,3.87362675,4.08937305,-6.7273619,-6.1,-0.7,-1.1,0,ble
person_b_session_01,left_medial_load,high,2026-08-14T21:43:11.193+08:00,1786714991193,left,foot_left_001,2402087,343640363,0.083,0.0,0.0068,0.096,0.0,0.0603,31.25,32.77,32.09,32.71,-5.197524499999999,1.7357770499999998,-6.992141449999999,0.8,0.1,2.0,0,ble
person_b_session_01,left_medial_load,high,2026-08-14T21:43:11.392+08:00,1786714991392,right,foot_right_001,2402087,343640364,0.0061,0.0012,0.0054,0.0,0.0288,0.0833,31.22,32.01,25.25,32.71,3.83440015,4.08937305,-6.678328649999999,-6.0,-0.9,-1.2,0,ble
person_b_session_01,left_medial_load,high,2026-08-14T21:43:11.393+08:00,1786714991393,left,foot_left_001,2402087,343640364,0.0838,0.0,0.0081,0.095,0.0,0.0596,31.22,32.71,32.09,32.71,-5.2171378,1.7259704,-6.943108199999999,0.6,0.1,2.1,0,ble
person_b_session_01,left_medial_load,high,2026-08-14T21:43:11.592+08:00,1786714991592,right,foot_right_001,2402087,343640365,0.0059,0.0017,0.0059,0.0,0.0286,0.0825,31.22,32.01,25.27,32.71,3.85401345,4.08937305,-6.756781849999999,-6.1,-0.9,-1.3,0,ble
person_b_session_01,left_medial_load,high,2026-08-14T21:43:11.593+08:00,1786714991593,left,foot_left_001,2402087,343640365,0.0872,0.0,0.0073,0.0991,0.0,0.0593,31.22,32.71,32.06,32.71,-5.2269444499999995,1.7259704,-6.982334799999999,0.7,0.1,2.0,0,ble
person_b_session_01,left_medial_load,high,2026-08-14T21:43:11.792+08:00,1786714991792,right,foot_right_001,2402087,343640366,0.0061,0.002,0.0063,0.0,0.0288,0.0808,31.22,32.01,25.25,32.71,3.8638201,4.0795664,-6.73716855,-6.1,-1.1,-1.4,0,ble
person_b_session_01,left_medial_load,high,2026-08-14T21:43:11.793+08:00,1786714991793,left,foot_left_001,2402087,343640366,0.0882,0.0,0.0078,0.0994,0.0,0.0593,31.22,32.71,32.06,32.71,-5.2171378,1.7553903499999999,-6.952914849999999,0.7,0.1,2.0,0,ble
person_b_session_01,left_medial_load,high,2026-08-14T21:43:11.992+08:00,1786714991992,right,foot_right_001,2402087,343640367,0.0054,0.002,0.0061,0.0,0.0293,0.083,31.22,32.01,25.27,32.71,3.8638201,4.069759749999999,-6.717555249999999,-6.4,-0.9,-1.4,0,ble
person_b_session_01,left_medial_load,high,2026-08-14T21:43:11.993+08:00,1786714991993,left,foot_left_001,2402087,343640367,0.0918,0.0,0.0071,0.1016,0.0,0.0591,31.22,32.71,32.06,32.71,-5.2269444499999995,1.7553903499999999,-6.9627215,0.8,0.2,2.1,0,ble
person_b_session_01,left_medial_load,high,2026-08-14T21:43:12.192+08:00,1786714992192,right,foot_right_001,2402087,343640368,0.0054,0.002,0.0061,0.0,0.0295,0.0838,31.22,32.01,25.27,32.71,3.79517355,4.0599530999999995,-6.7273619,-6.5,-1.2,-1.6,0,ble
person_b_session_01,left_medial_load,high,2026-08-14T21:43:12.193+08:00,1786714992193,left,foot_left_001,2402087,343640368,0.0916,0.0,0.0073,0.1013,0.0,0.0598,31.22,32.71,32.09,32.77,-5.197524499999999,1.71616375,-6.97252815,0.7,0.2,2.0,0,ble
person_b_session_01,left_medial_load,high,2026-08-14T21:43:12.392+08:00,1786714992392,right,foot_right_001,2402087,343640369,0.0059,0.002,0.0054,0.0,0.0298,0.0852,31.22,32.01,25.27,32.71,3.8245934999999998,4.08937305,-6.717555249999999,-6.3,-0.9,-1.3,0,ble
person_b_session_01,left_medial_load,high,2026-08-14T21:43:12.393+08:00,1786714992393,left,foot_left_001,2402087,343640369,0.0847,0.0,0.0063,0.0996,0.0,0.0606,31.22,32.65,32.06,32.71,-5.197524499999999,1.7357770499999998,-6.97252815,0.6,0.1,2.2,0,ble
person_b_session_01,left_medial_load,high,2026-08-14T21:43:12.592+08:00,1786714992592,right,foot_right_001,2402087,343640370,0.0061,0.002,0.0059,0.0,0.0298,0.0847,31.25,32.01,25.27,32.71,3.85401345,4.0795664,-6.7469752,-6.1,-0.9,-1.2,0,ble
person_b_session_01,left_medial_load,high,2026-08-14T21:43:12.593+08:00,1786714992593,left,foot_left_001,2402087,343640370,0.0847,0.0,0.0059,0.1001,0.0,0.0611,31.22,32.65,32.09,32.77,-5.20733115,1.7259704,-6.992141449999999,0.7,0.2,2.1,0,ble
person_b_session_01,left_medial_load,high,2026-08-14T21:43:12.792+08:00,1786714992792,right,foot_right_001,2402087,343640371,0.0063,0.002,0.0063,0.0,0.0298,0.085,31.22,32.01,25.27,32.71,3.8442068,4.0795664,-6.73716855,-6.4,-0.8,-1.3,0,ble
person_b_session_01,left_medial_load,high,2026-08-14T21:43:12.793+08:00,1786714992793,left,foot_left_001,2402087,343640371,0.0869,0.0,0.0071,0.0967,0.0,0.0611,31.22,32.65,32.06,32.71,-5.20733115,1.7455836999999998,-6.992141449999999,0.6,0.1,2.1,0,ble
person_b_session_01,left_medial_load,high,2026-08-14T21:43:12.992+08:00,1786714992992,right,foot_right_001,2402087,343640372,0.0061,0.0017,0.0059,0.0,0.0298,0.0857,31.22,32.01,25.25,32.71,3.8638201,4.0991797,-6.6881353,-6.3,-0.9,-1.3,0,ble
person_b_session_01,left_medial_load,high,2026-08-14T21:43:12.993+08:00,1786714992993,left,foot_left_001,2402087,343640372,0.0857,0.0,0.0059,0.0979,0.0,0.0613,31.22,32.65,32.06,32.71,-5.24655775,1.71616375,-6.9627215,0.6,0.1,2.1,0,ble
person_b_session_01,left_medial_load,high,2026-08-14T21:43:13.192+08:00,1786714993192,right,foot_right_001,2402087,343640373,0.0056,0.0017,0.0051,0.0,0.0298,0.0864,31.25,32.01,25.27,32.71,3.83440015,4.0795664,-6.7469752,-6.3,-0.9,-1.3,0,ble
person_b_session_01,left_medial_load,high,2026-08-14T21:43:13.193+08:00,1786714993193,left,foot_left_001,2402087,343640373,0.083,0.0,0.0063,0.0969,0.0,0.0618,31.19,32.65,32.09,32.71,-5.2171378,1.77500365,-6.97252815,0.6,0.0,2.1,0,ble
person_b_session_01,left_medial_load,high,2026-08-14T21:43:13.392+08:00,1786714993392,right,foot_right_001,2402087,343640374,0.0056,0.0015,0.0054,0.0,0.0298,0.0867,31.25,32.01,25.27,32.71,3.83440015,4.05014645,-6.73716855,-6.2,-1.0,-1.3,0,ble
person_b_session_01,left_medial_load,high,2026-08-14T21:43:13.393+08:00,1786714993393,left,foot_left_001,2402087,343640374,0.0816,0.0,0.0059,0.0933,0.0,0.0615,31.22,32.65,32.06,32.71,-5.197524499999999,1.7357770499999998,-6.97252815,0.6,0.2,2.1,0,ble
person_b_session_01,left_medial_load,high,2026-08-14T21:43:13.592+08:00,1786714993592,right,foot_right_001,2402087,343640375,0.0054,0.0015,0.0051,0.0,0.03,0.0872,31.25,32.01,25.27,32.71,3.85401345,4.069759749999999,-6.776395149999999,-6.3,-1.0,-1.4,0,ble
person_b_session_01,left_medial_load,high,2026-08-14T21:43:13.593+08:00,1786714993593,left,foot_left_001,2402087,343640375,0.083,0.0,0.0066,0.093,0.0,0.0615,31.22,32.65,32.09,32.71,-5.2171378,1.7357770499999998,-6.9627215,0.6,0.1,2.1,0,ble
person_b_session_01,left_medial_load,high,2026-08-14T21:43:13.792+08:00,1786714993792,right,foot_right_001,2402087,343640376,0.0049,0.0012,0.0049,0.0,0.03,0.0874,31.25,32.01,25.27,32.71,3.85401345,4.0795664,-6.73716855,-6.3,-0.8,-1.3,0,ble
person_b_session_01,left_medial_load,high,2026-08-14T21:43:13.793+08:00,1786714993793,left,foot_left_001,2402087,343640376,0.0821,0.0,0.0071,0.0913,0.0,0.0615,31.22,32.65,32.09,32.71,-5.2171378,1.7357770499999998,-7.0019481,0.7,0.3,2.2,0,ble
person_b_session_01,left_medial_load,high,2026-08-14T21:43:13.992+08:00,1786714993992,right,foot_right_001,2402087,343640377,0.0051,0.0012,0.0049,0.0,0.0298,0.0869,31.22,32.01,25.27,32.71,3.9030467,4.0795664,-6.7077485999999995,-6.2,-0.9,-1.3,0,ble
person_b_session_01,left_medial_load,high,2026-08-14T21:43:13.993+08:00,1786714993993,left,foot_left_001,2402087,343640377,0.0816,0.0,0.009,0.0918,0.0,0.0615,31.22,32.65,32.06,32.71,-5.2171378,1.765197,-6.9627215,0.6,0.1,2.1,0,ble
person_b_session_01,left_medial_load,high,2026-08-14T21:43:14.192+08:00,1786714994192,right,foot_right_001,2402087,343640378,0.0056,0.0015,0.0056,0.0,0.0295,0.0857,31.22,32.01,25.25,32.71,3.87362675,4.0795664,-6.73716855,-6.3,-0.8,-1.3,0,ble
person_b_session_01,left_medial_load,high,2026-08-14T21:43:14.193+08:00,1786714994193,left,foot_left_001,2402087,343640378,0.0838,0.0,0.0081,0.0926,0.0,0.0615,31.22,32.65,32.09,32.77,-5.18771785,1.7357770499999998,-7.0019481,0.7,0.1,2.1,0,ble
person_b_session_01,left_medial_load,high,2026-08-14T21:43:14.392+08:00,1786714994392,right,foot_right_001,2402087,343640379,0.0054,0.0017,0.0056,0.0,0.0293,0.0847,31.22,32.01,25.27,32.71,3.87362675,4.0795664,-6.7077485999999995,-6.2,-0.9,-1.2,0,ble
person_b_session_01,left_medial_load,high,2026-08-14T21:43:14.393+08:00,1786714994393,left,foot_left_001,2402087,343640379,0.0845,0.0,0.0078,0.093,0.0,0.0615,31.22,32.65,32.09,32.77,-5.197524499999999,1.7455836999999998,-7.0019481,0.8,0.4,2.0,0,ble
person_b_session_01,left_medial_load,high,2026-08-14T21:43:14.592+08:00,1786714994592,right,foot_right_001,2402087,343640380,0.0059,0.0017,0.0061,0.0,0.0298,0.084,31.22,32.01,25.27,32.71,3.8932400499999997,4.0795664,-6.7665885,-6.1,-0.9,-1.4,0,ble
person_b_session_01,left_medial_load,high,2026-08-14T21:43:14.593+08:00,1786714994593,left,foot_left_001,2402087,343640380,0.0864,0.0,0.0085,0.0969,0.0,0.0618,31.22,32.65,32.06,32.71,-5.20733115,1.7063571,-7.03136805,0.7,0.2,2.0,0,ble
person_b_session_01,left_medial_load,high,2026-08-14T21:43:14.792+08:00,1786714994792,right,foot_right_001,2402087,343640381,0.0061,0.002,0.0068,0.0,0.0295,0.0821,31.22,32.01,25.27,32.71,3.8638201,4.08937305,-6.65871535,-6.4,-0.8,-1.3,0,ble
person_b_session_01,left_medial_load,high,2026-08-14T21:43:14.793+08:00,1786714994793,left,foot_left_001,2402087,343640381,0.0882,0.0,0.0093,0.0982,0.0,0.0618,31.22,32.65,32.09,32.8,-5.236751099999999,1.7455836999999998,-6.992141449999999,0.7,0.2,2.1,0,ble
person_b_session_01,left_medial_load,high,2026-08-14T21:43:14.992+08:00,1786714994992,right,foot_right_001,2402087,343640382,0.0061,0.002,0.0071,0.0,0.0295,0.0825,31.22,32.01,25.27,32.71,3.8638201,4.069759749999999,-6.73716855,-6.2,-1.0,-1.4,0,ble
person_b_session_01,left_medial_load,high,2026-08-14T21:43:14.993+08:00,1786714994993,left,foot_left_001,2402087,343640382,0.0891,0.0,0.0095,0.0982,0.0,0.0623,31.22,32.65,32.09,32.71,-5.18771785,1.7455836999999998,-7.0019481,0.7,0.2,2.1,0,ble
person_b_session_01,left_medial_load,high,2026-08-14T21:43:15.192+08:00,1786714995192,right,foot_right_001,2402087,343640383,0.0049,0.0017,0.0066,0.0,0.0293,0.0828,31.22,32.01,25.27,32.71,3.87362675,4.08937305,-6.717555249999999,-6.4,-0.9,-1.4,0,ble
person_b_session_01,left_medial_load,high,2026-08-14T21:43:15.193+08:00,1786714995193,left,foot_left_001,2402087,343640383,0.0877,0.0,0.0095,0.0994,0.0,0.0637,31.22,32.65,32.09,32.77,-5.2171378,1.7357770499999998,-7.0019481,0.6,0.1,2.2,0,ble
person_b_session_01,left_medial_load,high,2026-08-14T21:43:15.392+08:00,1786714995392,right,foot_right_001,2402087,343640384,0.0051,0.0017,0.0061,0.0,0.0293,0.0833,31.22,32.01,25.25,32.71,3.8638201,4.0795664,-6.6881353,-6.3,-0.9,-1.3,0,ble
person_b_session_01,left_medial_load,high,2026-08-14T21:43:15.393+08:00,1786714995393,left,foot_left_001,2402087,343640384,0.085,0.0,0.0071,0.0994,0.0,0.0645,31.22,32.65,32.09,32.77,-5.20733115,1.7553903499999999,-6.992141449999999,0.6,0.1,2.1,0,ble
person_b_session_01,left_medial_load,high,2026-08-14T21:43:15.592+08:00,1786714995592,right,foot_right_001,2402087,343640385,0.0056,0.0017,0.0066,0.0,0.0293,0.0825,31.22,32.01,25.25,32.71,3.8442068,4.0795664,-6.756781849999999,-6.2,-0.9,-1.2,0,ble
person_b_session_01,left_medial_load,high,2026-08-14T21:43:15.593+08:00,1786714995593,left,foot_left_001,2402087,343640385,0.083,0.0,0.0078,0.0984,0.0,0.0645,31.22,32.65,32.09,32.77,-5.2171378,1.71616375,-6.9627215,0.6,0.0,2.1,0,ble
person_b_session_01,left_medial_load,high,2026-08-14T21:43:15.792+08:00,1786714995792,right,foot_right_001,2402087,343640386,0.0059,0.002,0.0071,0.0,0.0291,0.0803,31.22,32.01,25.25,32.71,3.85401345,4.0795664,-6.7077485999999995,-6.2,-0.9,-1.3,0,ble
person_b_session_01,left_medial_load,high,2026-08-14T21:43:15.793+08:00,1786714995793,left,foot_left_001,2402087,343640386,0.0869,0.0,0.0088,0.0974,0.0,0.0647,31.22,32.65,32.06,32.77,-5.2171378,1.7259704,-6.9627215,0.7,0.2,2.1,0,ble
person_b_session_01,left_medial_load,high,2026-08-14T21:43:15.992+08:00,1786714995992,right,foot_right_001,2402087,343640387,0.0063,0.0024,0.0073,0.0,0.0291,0.0747,31.22,32.01,25.25,32.71,3.87362675,4.020726499999999,-6.776395149999999,-6.5,-0.4,-0.9,0,ble
person_b_session_01,left_medial_load,high,2026-08-14T21:43:15.993+08:00,1786714995993,left,foot_left_001,2402087,343640387,0.0869,0.0,0.0093,0.093,0.0,0.065,31.22,32.65,32.09,32.77,-5.236751099999999,1.765197,-6.982334799999999,0.4,-0.1,2.2,0,ble
person_b_session_01,left_medial_load,high,2026-08-14T21:43:16.192+08:00,1786714996192,right,foot_right_001,2402087,343640388,0.0127,0.0039,0.0068,0.0,0.0283,0.0664,31.22,32.01,25.25,32.71,3.87362675,4.03053315,-6.7469752,-6.2,-0.8,-1.2,0,ble
person_b_session_01,left_medial_load,high,2026-08-14T21:43:16.193+08:00,1786714996193,left,foot_left_001,2402087,343640388,0.0884,0.0,0.0088,0.0957,0.0,0.0647,31.22,32.65,32.09,32.71,-5.2269444499999995,1.7553903499999999,-6.992141449999999,0.6,0.1,2.0,0,ble
person_b_session_01,left_medial_load,high,2026-08-14T21:43:16.392+08:00,1786714996392,right,foot_right_001,2402087,343640389,0.0122,0.0039,0.0088,0.0,0.0283,0.0684,31.22,32.01,25.25,32.71,3.8834334,4.0403398,-6.717555249999999,-6.1,-1.2,-1.7,0,ble
person_b_session_01,left_medial_load,high,2026-08-14T21:43:16.393+08:00,1786714996393,left,foot_left_001,2402087,343640389,0.0967,0.0,0.0098,0.0982,0.0,0.0601,31.22,32.65,32.09,32.8,-5.236751099999999,1.7259704,-6.9627215,0.9,0.4,2.0,0,ble
person_b_session_01,left_medial_load,high,2026-08-14T21:43:16.592+08:00,1786714996592,right,foot_right_001,2402087,343640390,0.01,0.0034,0.0088,0.0,0.0286,0.0737,31.22,32.01,25.25,32.71,3.87362675,4.0599530999999995,-6.7273619,-6.3,-0.9,-1.4,0,ble
person_b_session_01,left_medial_load,high,2026-08-14T21:43:16.593+08:00,1786714996593,left,foot_left_001,2402087,343640390,0.0977,0.0,0.009,0.0979,0.0,0.0608,31.22,32.65,32.09,32.77,-5.2269444499999995,1.7259704,-6.992141449999999,0.7,0.1,2.2,0,ble
person_b_session_01,left_medial_load,high,2026-08-14T21:43:16.792+08:00,1786714996792,right,foot_right_001,2402087,343640391,0.01,0.0032,0.0093,0.0,0.0286,0.0752,31.22,32.01,25.25,32.71,3.8638201,4.0795664,-6.73716855,-6.2,-0.8,-1.3,0,ble
person_b_session_01,left_medial_load,high,2026-08-14T21:43:16.793+08:00,1786714996793,left,foot_left_001,2402087,343640391,0.0928,0.0,0.0073,0.0974,0.0,0.062,31.19,32.62,32.06,32.71,-5.197524499999999,1.7455836999999998,-6.992141449999999,0.5,0.0,2.2,0,ble
person_b_session_01,left_medial_load,high,2026-08-14T21:43:16.992+08:00,1786714996992,right,foot_right_001,2402087,343640392,0.01,0.0032,0.0095,0.0,0.0288,0.0762,31.22,32.01,25.25,32.71,3.8834334,4.08937305,-6.69794195,-6.3,-0.9,-1.5,0,ble
person_b_session_01,left_medial_load,high,2026-08-14T21:43:16.993+08:00,1786714996993,left,foot_left_001,2402087,343640392,0.0926,0.0,0.0081,0.0987,0.0,0.0625,31.22,32.65,32.09,32.77,-5.2171378,1.71616375,-6.992141449999999,0.6,0.1,2.1,0,ble
person_b_session_01,left_medial_load,high,2026-08-14T21:43:17.192+08:00,1786714997192,right,foot_right_001,2402087,343640393,0.0105,0.0037,0.009,0.0,0.0288,0.0767,31.25,32.01,25.27,32.71,3.87362675,4.069759749999999,-6.7077485999999995,-6.4,-0.8,-1.3,0,ble
person_b_session_01,left_medial_load,high,2026-08-14T21:43:17.193+08:00,1786714997193,left,foot_left_001,2402087,343640393,0.0889,0.0,0.0076,0.0969,0.0,0.0628,31.22,32.65,32.09,32.77,-5.2171378,1.7357770499999998,-6.992141449999999,0.7,0.2,2.1,0,ble
person_b_session_01,left_medial_load,high,2026-08-14T21:43:17.392+08:00,1786714997392,right,foot_right_001,2402087,343640394,0.01,0.0032,0.0093,0.0,0.0291,0.0769,31.25,32.01,25.27,32.71,3.87362675,4.069759749999999,-6.756781849999999,-6.3,-0.9,-1.3,0,ble
person_b_session_01,left_medial_load,high,2026-08-14T21:43:17.393+08:00,1786714997393,left,foot_left_001,2402087,343640394,0.0923,0.0,0.0088,0.096,0.0,0.0635,31.22,32.62,32.06,32.77,-5.197524499999999,1.7455836999999998,-6.982334799999999,0.5,0.0,2.1,0,ble
person_b_session_01,left_medial_load,high,2026-08-14T21:43:17.592+08:00,1786714997592,right,foot_right_001,2402087,343640395,0.0098,0.0034,0.0088,0.0,0.0288,0.0769,31.25,32.01,25.25,32.71,3.8442068,4.0599530999999995,-6.7273619,-6.3,-0.9,-1.3,0,ble
person_b_session_01,left_medial_load,high,2026-08-14T21:43:17.593+08:00,1786714997593,left,foot_left_001,2402087,343640395,0.0913,0.0,0.0088,0.0965,0.0,0.064,31.22,32.65,32.09,32.77,-5.20733115,1.77500365,-6.97252815,0.5,-0.1,2.1,0,ble
person_b_session_01,left_medial_load,high,2026-08-14T21:43:17.792+08:00,1786714997792,right,foot_right_001,2402087,343640396,0.01,0.0034,0.009,0.0,0.0288,0.0767,31.22,32.01,25.25,32.71,3.8638201,4.0403398,-6.7077485999999995,-6.4,-0.8,-1.2,0,ble
person_b_session_01,left_medial_load,high,2026-08-14T21:43:17.793+08:00,1786714997793,left,foot_left_001,2402087,343640396,0.0928,0.0,0.0095,0.096,0.0,0.0645,31.22,32.65,32.09,32.77,-5.2171378,1.7455836999999998,-6.97252815,0.6,0.2,2.1,0,ble
person_b_session_01,left_medial_load,high,2026-08-14T21:43:17.992+08:00,1786714997992,right,foot_right_001,2402087,343640397,0.0107,0.0037,0.009,0.0,0.0291,0.0764,31.22,32.01,25.25,32.71,3.87362675,4.0599530999999995,-6.7469752,-6.3,-0.9,-1.2,0,ble
person_b_session_01,left_medial_load,high,2026-08-14T21:43:17.993+08:00,1786714997993,left,foot_left_001,2402087,343640397,0.0962,0.0002,0.0098,0.0955,0.0,0.0645,31.22,32.65,32.09,32.77,-5.2269444499999995,1.71616375,-6.97252815,0.6,0.0,2.1,0,ble
person_b_session_01,left_medial_load,high,2026-08-14T21:43:18.192+08:00,1786714998192,right,foot_right_001,2402087,343640398,0.011,0.0042,0.0093,0.0,0.0291,0.0752,31.22,32.01,25.25,32.71,3.8638201,4.0795664,-6.73716855,-6.3,-0.8,-1.2,0,ble
person_b_session_01,left_medial_load,high,2026-08-14T21:43:18.193+08:00,1786714998193,left,foot_left_001,2402087,343640398,0.0965,0.0002,0.0093,0.0913,0.0,0.0642,31.22,32.65,32.09,32.77,-5.2171378,1.7357770499999998,-6.982334799999999,0.7,0.8,2.1,0,ble
person_b_session_01,left_medial_load,high,2026-08-14T21:43:18.392+08:00,1786714998392,right,foot_right_001,2402087,343640399,0.0107,0.0042,0.0095,0.0,0.0291,0.074,31.22,32.01,25.25,32.71,3.87362675,4.069759749999999,-6.7469752,-6.3,-1.0,-1.4,0,ble
person_b_session_01,left_medial_load,high,2026-08-14T21:43:18.393+08:00,1786714998393,left,foot_left_001,2402087,343640399,0.0965,0.0,0.0093,0.0908,0.0,0.064,31.22,32.65,32.09,32.8,-5.2269444499999995,1.7357770499999998,-7.011754749999999,0.6,0.1,2.1,0,ble
person_b_session_01,left_medial_load,high,2026-08-14T21:43:18.592+08:00,1786714998592,right,foot_right_001,2402087,343640400,0.0095,0.0034,0.009,0.0,0.0288,0.0767,31.25,32.01,25.25,32.71,3.8834334,4.069759749999999,-6.717555249999999,-6.3,-1.0,-1.6,0,ble
person_b_session_01,left_medial_load,high,2026-08-14T21:43:18.593+08:00,1786714998593,left,foot_left_001,2402087,343640400,0.0926,0.0,0.0088,0.0908,0.0,0.0645,31.22,32.62,32.09,32.8,-5.2269444499999995,1.7357770499999998,-6.952914849999999,0.6,0.1,2.2,0,ble
person_b_session_01,left_medial_load,high,2026-08-14T21:43:18.792+08:00,1786714998792,right,foot_right_001,2402087,343640401,0.0083,0.0024,0.0071,0.0,0.0283,0.0801,31.25,32.01,25.27,32.71,3.9030467,4.05014645,-6.7273619,-6.5,-0.8,-1.3,0,ble
person_b_session_01,left_medial_load,high,2026-08-14T21:43:18.793+08:00,1786714998793,left,foot_left_001,2402087,343640401,0.0867,0.0,0.0056,0.0784,0.0,0.0654,31.22,32.65,32.09,32.8,-5.2171378,1.7357770499999998,-6.952914849999999,0.9,0.4,2.3,0,ble
person_b_session_01,left_medial_load,high,2026-08-14T21:43:18.992+08:00,1786714998992,right,foot_right_001,2402087,343640402,0.0071,0.0022,0.0071,0.0,0.0286,0.0806,31.22,32.01,25.25,32.71,3.8442068,4.069759749999999,-6.7077485999999995,-6.2,-1.0,-1.4,0,ble
person_b_session_01,left_medial_load,high,2026-08-14T21:43:18.993+08:00,1786714998993,left,foot_left_001,2402087,343640402,0.0821,0.0,0.0061,0.0742,0.0,0.0657,31.22,32.62,32.06,32.77,-5.18771785,1.7063571,-6.9627215,0.7,0.1,2.1,0,ble
person_b_session_01,left_medial_load,high,2026-08-14T21:43:19.192+08:00,1786714999192,right,foot_right_001,2402087,343640403,0.0083,0.002,0.0068,0.0,0.0281,0.0803,31.25,32.01,25.25,32.71,3.87362675,4.05014645,-6.756781849999999,-6.3,-0.8,-1.3,0,ble
person_b_session_01,left_medial_load,high,2026-08-14T21:43:19.193+08:00,1786714999193,left,foot_left_001,2402087,343640403,0.0813,0.0,0.0054,0.0725,0.0,0.0654,31.22,32.62,32.09,32.77,-5.2269444499999995,1.7357770499999998,-7.0411747,0.7,0.2,2.1,0,ble
person_b_session_01,left_medial_load,high,2026-08-14T21:43:19.392+08:00,1786714999392,right,foot_right_001,2402087,343640404,0.0085,0.0017,0.0071,0.0,0.0281,0.0808,31.25,32.01,25.27,32.71,3.8638201,4.0599530999999995,-6.7469752,-6.3,-0.8,-1.4,0,ble
person_b_session_01,left_medial_load,high,2026-08-14T21:43:19.393+08:00,1786714999393,left,foot_left_001,2402087,343640404,0.0833,0.0,0.0059,0.0723,0.0,0.0657,31.22,32.62,32.09,32.77,-5.2171378,1.7553903499999999,-6.992141449999999,0.7,0.1,2.1,0,ble
person_b_session_01,left_medial_load,high,2026-08-14T21:43:19.592+08:00,1786714999592,right,foot_right_001,2402087,343640405,0.0071,0.0015,0.0071,0.0,0.0276,0.0806,31.25,32.01,25.25,32.71,3.85401345,4.069759749999999,-6.69794195,-6.1,-0.9,-1.3,0,ble
person_b_session_01,left_medial_load,high,2026-08-14T21:43:19.593+08:00,1786714999593,left,foot_left_001,2402087,343640405,0.083,0.0002,0.0059,0.0723,0.0,0.0667,31.22,32.62,32.09,32.8,-5.20733115,1.765197,-6.952914849999999,0.8,0.3,2.0,0,ble
person_b_session_01,left_medial_load,high,2026-08-14T21:43:19.792+08:00,1786714999792,right,foot_right_001,2402087,343640406,0.0078,0.002,0.0073,0.0,0.0276,0.0799,31.25,32.01,25.27,32.71,3.8834334,4.0599530999999995,-6.73716855,-6.3,-1.0,-1.4,0,ble
person_b_session_01,left_medial_load,high,2026-08-14T21:43:19.793+08:00,1786714999793,left,foot_left_001,2402087,343640406,0.0867,0.0,0.0078,0.0752,0.0,0.0667,31.25,32.62,32.06,32.8,-5.20733115,1.7455836999999998,-6.992141449999999,0.6,0.1,2.1,0,ble
person_b_session_01,left_medial_load,high,2026-08-14T21:43:19.992+08:00,1786714999992,right,foot_right_001,2402087,343640407,0.0083,0.0022,0.0073,0.0,0.0278,0.0801,31.22,32.01,25.25,32.71,3.8442068,4.0599530999999995,-6.69794195,-6.3,-0.9,-1.4,0,ble
person_b_session_01,left_medial_load,high,2026-08-14T21:43:19.993+08:00,1786714999993,left,foot_left_001,2402087,343640407,0.0879,0.0002,0.0095,0.0801,0.0,0.0654,31.22,32.62,32.09,32.8,-5.197524499999999,1.7946169499999998,-6.9333015499999995,0.6,-0.1,2.1,0,ble
person_b_session_01,left_medial_load,high,2026-08-14T21:43:20.192+08:00,1786715000192,right,foot_right_001,2402087,343640408,0.0076,0.002,0.0073,0.0,0.0281,0.0803,31.22,32.01,25.25,32.71,3.8638201,4.0599530999999995,-6.7469752,-6.4,-0.9,-1.3,0,ble
person_b_session_01,left_medial_load,high,2026-08-14T21:43:20.193+08:00,1786715000193,left,foot_left_001,2402087,343640408,0.0869,0.0,0.009,0.0796,0.0,0.0657,31.25,32.62,32.09,32.77,-5.2171378,1.77500365,-6.9627215,0.7,0.2,2.1,0,ble
person_b_session_01,left_medial_load,high,2026-08-14T21:43:20.392+08:00,1786715000392,right,foot_right_001,2402087,343640409,0.0068,0.002,0.0071,0.0,0.0281,0.0813,31.25,32.01,25.25,32.71,3.8638201,4.08937305,-6.7077485999999995,-6.3,-0.8,-1.4,0,ble
person_b_session_01,left_medial_load,high,2026-08-14T21:43:20.393+08:00,1786715000393,left,foot_left_001,2402087,343640409,0.0867,0.0,0.0093,0.0786,0.0,0.0667,31.25,32.62,32.09,32.8,-5.197524499999999,1.7455836999999998,-6.982334799999999,0.6,0.1,2.2,0,ble
person_b_session_01,left_medial_load,high,2026-08-14T21:43:20.592+08:00,1786715000592,right,foot_right_001,2402087,343640410,0.0068,0.0017,0.0066,0.0,0.0286,0.0825,31.22,32.01,25.25,32.71,3.85401345,4.069759749999999,-6.7077485999999995,-6.2,-0.9,-1.2,0,ble
person_b_session_01,left_medial_load,high,2026-08-14T21:43:20.593+08:00,1786715000593,left,foot_left_001,2402087,343640410,0.0867,0.0,0.0076,0.0784,0.0,0.0676,31.25,32.62,32.09,32.8,-5.2171378,1.77500365,-7.011754749999999,0.6,0.1,2.1,0,ble
person_b_session_01,left_medial_load,high,2026-08-14T21:43:20.792+08:00,1786715000792,right,foot_right_001,2402087,343640411,0.0068,0.0017,0.0066,0.0,0.0286,0.0825,31.22,32.01,25.27,32.71,3.85401345,4.08937305,-6.7077485999999995,-6.4,-0.9,-1.3,0,ble
person_b_session_01,left_medial_load,high,2026-08-14T21:43:20.793+08:00,1786715000793,left,foot_left_001,2402087,343640411,0.0855,0.0002,0.0076,0.0781,0.0,0.0679,31.25,32.62,32.06,32.77,-5.24655775,1.765197,-6.97252815,0.6,0.2,2.2,0,ble
person_b_session_01,left_medial_load,high,2026-08-14T21:43:20.992+08:00,1786715000992,right,foot_right_001,2402087,343640412,0.0066,0.0015,0.0059,0.0,0.0286,0.0825,31.25,32.01,25.25,32.71,3.8442068,4.0795664,-6.7077485999999995,-6.1,-0.9,-1.4,0,ble
person_b_session_01,left_medial_load,high,2026-08-14T21:43:20.993+08:00,1786715000993,left,foot_left_001,2402087,343640412,0.085,0.0002,0.0076,0.0777,0.0,0.0676,31.25,32.62,32.09,32.8,-5.20733115,1.765197,-7.0215613999999995,0.6,0.1,2.1,0,ble
person_b_session_01,left_medial_load,high,2026-08-14T21:43:21.192+08:00,1786715001192,right,foot_right_001,2402087,343640413,0.0059,0.0012,0.0054,0.0,0.0278,0.0821,31.25,32.01,25.27,32.71,3.85401345,4.0795664,-6.6881353,-6.3,-1.0,-1.3,0,ble
person_b_session_01,left_medial_load,high,2026-08-14T21:43:21.193+08:00,1786715001193,left,foot_left_001,2402087,343640413,0.0779,0.0,0.0066,0.0735,0.0,0.0694,31.25,32.62,32.09,32.8,-5.20733115,1.7357770499999998,-7.0019481,1.2,1.1,2.1,0,ble
person_b_session_01,left_medial_load,high,2026-08-14T21:43:21.392+08:00,1786715001392,right,foot_right_001,2402087,343640414,0.0049,0.001,0.0039,0.0,0.0286,0.084,31.25,32.01,25.27,32.71,3.85401345,4.0991797,-6.73716855,-6.5,-0.9,-1.3,0,ble
person_b_session_01,left_medial_load,high,2026-08-14T21:43:21.393+08:00,1786715001393,left,foot_left_001,2402087,343640414,0.0606,0.0,0.0037,0.0652,0.0,0.0681,31.25,32.59,32.09,32.8,-5.18771785,1.7455836999999998,-7.0215613999999995,2.8,2.6,1.8,0,ble
person_b_session_01,left_medial_load,high,2026-08-14T21:43:21.592+08:00,1786715001592,right,foot_right_001,2402087,343640415,0.0039,0.001,0.0042,0.0,0.0288,0.0842,31.25,32.01,25.25,32.71,3.83440015,4.0795664,-6.7469752,-6.0,-1.1,-1.5,0,ble
person_b_session_01,left_medial_load,high,2026-08-14T21:43:21.593+08:00,1786715001593,left,foot_left_001,2402087,343640415,0.053,0.0,0.0015,0.0664,0.0,0.0701,31.25,32.62,32.09,32.8,-5.099457999999999,1.6769371499999999,-7.0215613999999995,0.9,0.6,2.2,0,ble
person_b_session_01,left_medial_load,high,2026-08-14T21:43:21.792+08:00,1786715001792,right,foot_right_001,2402087,343640416,0.0044,0.0015,0.0051,0.0,0.0293,0.085,31.22,32.01,25.25,32.71,3.87362675,4.1384063,-6.65871535,-5.6,-1.2,-1.1,0,ble
person_b_session_01,left_medial_load,high,2026-08-14T21:43:21.793+08:00,1786715001793,left,foot_left_001,2402087,343640416,0.0615,0.0,0.0024,0.0728,0.0,0.0676,31.28,32.65,32.09,32.8,-5.10926465,1.6671305,-7.05098135,0.6,0.2,1.9,0,ble
person_b_session_01,left_medial_load,high,2026-08-14T21:43:21.992+08:00,1786715001992,right,foot_right_001,2402087,343640417,0.0059,0.002,0.0063,0.0,0.0293,0.085,31.22,32.01,25.27,32.71,3.87362675,4.0795664,-6.717555249999999,-6.1,-1.1,-1.2,0,ble
person_b_session_01,left_medial_load,high,2026-08-14T21:43:21.993+08:00,1786715001993,left,foot_left_001,2402087,343640417,0.0694,0.0005,0.0044,0.0803,0.0,0.0615,31.28,32.62,32.09,32.83,-5.10926465,1.65732385,-7.05098135,0.7,0.5,2.0,0,ble
person_b_session_01,left_medial_load,high,2026-08-14T21:43:22.192+08:00,1786715002192,right,foot_right_001,2402087,343640418,0.0068,0.002,0.0071,0.0,0.0293,0.086,31.25,32.01,25.27,32.71,3.83440015,4.020726499999999,-6.756781849999999,-6.2,-0.9,-1.3,0,ble
person_b_session_01,left_medial_load,high,2026-08-14T21:43:22.193+08:00,1786715002193,left,foot_left_001,2402087,343640418,0.0728,0.0002,0.0049,0.0801,0.0,0.0576,31.28,32.62,32.09,32.83,-5.1386845999999995,1.63771055,-7.080401299999999,1.1,0.9,1.9,0,ble
person_b_session_01,left_medial_load,high,2026-08-14T21:43:22.392+08:00,1786715002392,right,foot_right_001,2402087,343640419,0.0078,0.0022,0.0076,0.0,0.0293,0.084,31.22,32.01,25.25,32.71,3.8638201,4.0403398,-6.756781849999999,-6.1,-0.9,-1.2,0,ble
person_b_session_01,left_medial_load,high,2026-08-14T21:43:22.393+08:00,1786715002393,left,foot_left_001,2402087,343640419,0.0784,0.0,0.0042,0.0847,0.0,0.0542,31.28,32.62,32.09,32.83,-5.07003805,1.5984839499999999,-7.09020795,1.2,0.7,1.6,0,ble
person_b_session_01,left_medial_load,high,2026-08-14T21:43:22.592+08:00,1786715002592,right,foot_right_001,2402087,343640420,0.0095,0.0027,0.009,0.0,0.0291,0.084,31.25,32.01,25.27,32.71,3.85401345,4.0599530999999995,-6.73716855,-6.4,-0.7,-1.2,0,ble
person_b_session_01,left_medial_load,high,2026-08-14T21:43:22.593+08:00,1786715002593,left,foot_left_001,2402087,343640420,0.094,0.0,0.0054,0.1006,0.0,0.0454,31.25,32.59,32.09,32.8,-5.10926465,1.6279038999999997,-7.1000146,1.1,0.6,1.8,0,ble
person_b_session_01,left_medial_load,high,2026-08-14T21:43:22.792+08:00,1786715002792,right,foot_right_001,2402087,343640421,0.0103,0.0037,0.0095,0.0,0.0291,0.0847,31.22,32.01,25.27,32.71,3.8442068,4.069759749999999,-6.7077485999999995,-6.2,-1.0,-1.3,0,ble
person_b_session_01,left_medial_load,high,2026-08-14T21:43:22.793+08:00,1786715002793,left,foot_left_001,2402087,343640421,0.1055,0.0,0.0066,0.1133,0.0,0.0376,31.25,32.59,32.09,32.8,-5.1386845999999995,1.63771055,-7.1000146,0.9,0.2,1.8,0,ble
person_b_session_01,left_medial_load,high,2026-08-14T21:43:22.992+08:00,1786715002992,right,foot_right_001,2402087,343640422,0.0103,0.0042,0.0098,0.0,0.0291,0.0864,31.22,32.01,25.25,32.71,3.85401345,4.0599530999999995,-6.717555249999999,-6.3,-0.9,-1.3,0,ble
person_b_session_01,left_medial_load,high,2026-08-14T21:43:22.993+08:00,1786715002993,left,foot_left_001,2402087,343640422,0.1092,0.0002,0.0063,0.116,0.0,0.0349,31.25,32.59,32.09,32.8,-5.1386845999999995,1.6671305,-7.080401299999999,0.6,0.0,2.1,0,ble
person_b_session_01,left_medial_load,high,2026-08-14T21:43:23.192+08:00,1786715003192,right,foot_right_001,2402087,343640423,0.0105,0.0042,0.0103,0.0,0.0293,0.0867,31.22,32.01,25.27,32.71,3.87362675,4.0991797,-6.7469752,-6.3,-0.8,-1.3,0,ble
person_b_session_01,left_medial_load,high,2026-08-14T21:43:23.193+08:00,1786715003193,left,foot_left_001,2402087,343640423,0.1099,0.0005,0.0054,0.116,0.0,0.0354,31.28,32.62,32.09,32.8,-5.060231399999999,1.53964405,-7.07059465,1.0,0.5,1.9,0,ble
person_b_session_01,left_medial_load,high,2026-08-14T21:43:23.392+08:00,1786715003392,right,foot_right_001,2402087,343640424,0.0103,0.0042,0.0105,0.0,0.0295,0.0874,31.22,32.01,25.25,32.71,3.8442068,4.069759749999999,-6.73716855,-6.3,-0.9,-1.3,0,ble
person_b_session_01,left_medial_load,high,2026-08-14T21:43:23.393+08:00,1786715003393,left,foot_left_001,2402087,343640424,0.1065,0.0,0.0051,0.115,0.0,0.0374,31.25,32.62,32.09,32.83,-5.0896513500000005,1.5494507,-7.119627899999999,1.0,0.6,2.1,0,ble
person_b_session_01,left_medial_load,high,2026-08-14T21:43:23.592+08:00,1786715003592,right,foot_right_001,2402087,343640425,0.0103,0.0042,0.0105,0.0,0.0295,0.0872,31.22,32.01,25.25,32.71,3.8638201,4.05014645,-6.73716855,-6.3,-0.8,-1.2,0,ble
person_b_session_01,left_medial_load,high,2026-08-14T21:43:23.593+08:00,1786715003593,left,foot_left_001,2402087,343640425,0.1011,0.0,0.0051,0.1143,0.0,0.0413,31.25,32.59,32.09,32.83,-5.12887795,1.6082906,-7.080401299999999,0.6,0.0,2.2,0,ble
person_b_session_01,left_medial_load,high,2026-08-14T21:43:23.792+08:00,1786715003792,right,foot_right_001,2402087,343640426,0.0112,0.0044,0.0105,0.0,0.0293,0.084,31.25,32.01,25.25,32.71,3.8638201,4.0599530999999995,-6.756781849999999,-6.4,-0.8,-1.2,0,ble
person_b_session_01,left_medial_load,high,2026-08-14T21:43:23.793+08:00,1786715003793,left,foot_left_001,2402087,343640426,0.1033,0.0,0.0056,0.1114,0.0,0.044,31.25,32.59,32.09,32.77,-5.0896513500000005,1.5788706499999998,-7.080401299999999,0.4,-0.2,2.2,0,ble
person_b_session_01,left_medial_load,high,2026-08-14T21:43:23.992+08:00,1786715003992,right,foot_right_001,2402087,343640427,0.0122,0.0046,0.0105,0.0,0.0293,0.0811,31.25,32.01,25.25,32.71,3.85401345,4.0599530999999995,-6.73716855,-6.4,-0.8,-1.2,0,ble
person_b_session_01,left_medial_load,high,2026-08-14T21:43:23.993+08:00,1786715003993,left,foot_left_001,2402087,343640427,0.1033,0.0,0.0063,0.1106,0.0,0.0444,31.25,32.59,32.09,32.8,-5.10926465,1.5690639999999998,-7.119627899999999,0.7,0.1,2.1,0,ble
person_b_session_01,left_medial_load,high,2026-08-14T21:43:24.192+08:00,1786715004192,right,foot_right_001,2402087,343640428,0.0132,0.0061,0.0115,0.0002,0.0305,0.0774,31.25,32.01,25.27,32.71,3.85401345,4.12859965,-6.678328649999999,-5.3,-1.4,-1.7,0,ble
person_b_session_01,left_medial_load,high,2026-08-14T21:43:24.193+08:00,1786715004193,left,foot_left_001,2402087,343640428,0.1001,0.0,0.0066,0.114,0.0,0.0454,31.25,32.59,32.09,32.83,-5.060231399999999,1.5494507,-7.09020795,0.4,-0.5,2.1,0,ble
person_b_session_01,left_medial_load,high,2026-08-14T21:43:24.392+08:00,1786715004392,right,foot_right_001,2402087,343640429,0.0149,0.0059,0.0147,0.002,0.0298,0.072,31.25,32.01,25.25,32.71,3.85401345,4.0011132,-6.7665885,-5.9,-0.9,-1.1,0,ble
person_b_session_01,left_medial_load,high,2026-08-14T21:43:24.393+08:00,1786715004393,left,foot_left_001,2402087,343640429,0.0991,0.0,0.0117,0.0542,0.0,0.0484,31.28,32.59,32.09,32.83,-5.28578435,1.7946169499999998,-7.0019481,-5.2,-4.7,4.5,0,ble
person_b_session_01,left_medial_load,high,2026-08-14T21:43:24.592+08:00,1786715004592,right,foot_right_001,2402087,343640430,0.0173,0.0054,0.0127,0.0051,0.0271,0.065,31.22,32.01,25.25,32.71,3.8638201,4.0599530999999995,-6.717555249999999,-6.3,-0.8,-1.2,0,ble
person_b_session_01,left_medial_load,high,2026-08-14T21:43:24.593+08:00,1786715004593,left,foot_left_001,2402087,343640430,0.0759,0.0,0.0139,0.0237,0.0,0.0576,31.28,32.59,32.09,32.8,-5.236751099999999,1.8534568499999997,-6.952914849999999,0.0,0.2,2.6,0,ble
person_b_session_01,left_medial_load,high,2026-08-14T21:43:24.788+08:00,1786715004788,left,foot_left_001,2402087,343640431,0.0759,0.0,0.0183,0.0203,0.0,0.0615,31.34,32.59,32.09,32.8,-5.26617105,1.8828768,-6.952914849999999,-0.1,0.6,3.4,0,ble
person_b_session_01,left_medial_load,high,2026-08-14T21:43:24.792+08:00,1786715004792,right,foot_right_001,2402087,343640431,0.0186,0.0054,0.0127,0.0046,0.0249,0.0535,31.22,32.01,25.25,32.71,3.8932400499999997,4.0403398,-6.7469752,-6.5,-0.7,-0.9,0,ble
person_b_session_01,left_medial_load,high,2026-08-14T21:43:24.988+08:00,1786715004988,left,foot_left_001,2402087,343640432,0.085,0.0,0.022,0.0195,0.0,0.0657,31.34,32.59,32.09,32.83,-5.1779112,2.3143694,-6.0310897500000005,1.0,0.6,3.3,0,ble
person_b_session_01,left_medial_load,high,2026-08-14T21:43:24.992+08:00,1786715004992,right,foot_right_001,2402087,343640432,0.0205,0.0051,0.0129,0.0071,0.021,0.0349,31.25,32.01,25.25,32.71,3.9030467,4.0599530999999995,-6.717555249999999,-6.2,-0.6,-1.0,0,ble
person_b_session_01,transition,exclude,2026-08-14T21:43:25.188+08:00,1786715005188,left,foot_left_001,2402087,343640433,0.0977,0.0,0.0305,0.0225,0.0,0.0654,31.34,32.59,32.09,32.8,-4.354152599999999,2.4516625,-5.599597149999999,0.8,0.2,1.4,0,ble
person_b_session_01,transition,exclude,2026-08-14T21:43:25.192+08:00,1786715005192,right,foot_right_001,2402087,343640433,0.0234,0.0046,0.0129,0.0088,0.0205,0.0352,31.25,32.01,25.25,32.71,3.8932400499999997,4.03053315,-6.69794195,-6.5,-0.7,-1.4,0,ble
person_b_session_01,transition,exclude,2026-08-14T21:43:25.388+08:00,1786715005388,left,foot_left_001,2402087,343640434,0.0606,0.0007,0.0442,0.0168,0.0002,0.0564,31.39,32.59,32.09,32.83,-5.5309506,2.1868829499999998,-6.982334799999999,0.1,1.2,4.3,0,ble
person_b_session_01,transition,exclude,2026-08-14T21:43:25.392+08:00,1786715005392,right,foot_right_001,2402087,343640434,0.0239,0.0044,0.0132,0.0073,0.0212,0.0374,31.25,32.01,25.25,32.71,3.8834334,4.05014645,-6.6881353,-6.4,-0.8,-1.3,0,ble
person_b_session_01,transition,exclude,2026-08-14T21:43:25.588+08:00,1786715005588,left,foot_left_001,2402087,343640435,0.0366,0.0012,0.0532,0.0122,0.0054,0.0474,31.39,32.59,32.09,32.8,-5.334817599999999,2.4516625,-6.3350959,0.6,-0.6,3.1,0,ble
person_b_session_01,transition,exclude,2026-08-14T21:43:25.592+08:00,1786715005592,right,foot_right_001,2402087,343640435,0.0252,0.0042,0.0127,0.0068,0.0217,0.0366,31.25,32.01,25.27,32.77,3.8932400499999997,4.0403398,-6.756781849999999,-6.2,-0.9,-1.4,0,ble
person_b_session_01,transition,exclude,2026-08-14T21:43:25.788+08:00,1786715005788,left,foot_left_001,2402087,343640436,0.0327,0.0017,0.0562,0.0137,0.0083,0.0498,31.39,32.59,32.09,32.8,-4.962164899999999,1.9122967499999999,-6.511615599999999,0.0,0.5,1.6,0,ble
person_b_session_01,transition,exclude,2026-08-14T21:43:25.792+08:00,1786715005792,right,foot_right_001,2402087,343640436,0.0252,0.0049,0.0132,0.0088,0.021,0.0347,31.25,32.01,25.27,32.71,3.9030467,4.020726499999999,-6.7273619,-6.3,-1.0,-1.4,0,ble
person_b_session_01,transition,exclude,2026-08-14T21:43:25.988+08:00,1786715005988,left,foot_left_001,2402087,343640437,0.0249,0.0022,0.0574,0.0117,0.0068,0.0513,31.39,32.59,32.09,32.8,-5.8251501,1.53964405,-8.6494653,-0.4,-0.3,2.6,0,ble
person_b_session_01,transition,exclude,2026-08-14T21:43:25.992+08:00,1786715005992,right,foot_right_001,2402087,343640437,0.0259,0.0051,0.0144,0.0083,0.021,0.0347,31.25,32.01,25.27,32.77,3.9030467,4.0403398,-6.717555249999999,-6.3,-0.9,-1.3,0,ble
person_b_session_01,transition,exclude,2026-08-14T21:43:26.188+08:00,1786715006188,left,foot_left_001,2402087,343640438,0.0186,0.0042,0.0603,0.0098,0.0115,0.0454,31.48,32.59,32.09,32.8,-4.8248717999999995,2.1476563499999997,-5.9624432,-0.1,0.3,1.9,0,ble
person_b_session_01,transition,exclude,2026-08-14T21:43:26.192+08:00,1786715006192,right,foot_right_001,2402087,343640438,0.0261,0.0054,0.0139,0.0088,0.0212,0.0364,31.25,32.01,25.27,32.71,3.8834334,4.0403398,-6.7469752,-6.2,-1.0,-1.4,0,ble
person_b_session_01,transition,exclude,2026-08-14T21:43:26.388+08:00,1786715006388,left,foot_left_001,2402087,343640439,0.0093,0.0027,0.0576,0.0076,0.0134,0.044,31.48,32.59,32.09,32.8,-4.932744949999999,2.5006957499999998,-6.5704555000000004,-0.6,0.6,2.1,0,ble
person_b_session_01,transition,exclude,2026-08-14T21:43:26.392+08:00,1786715006392,right,foot_right_001,2402087,343640439,0.0266,0.0049,0.0142,0.0078,0.0217,0.04,31.28,32.01,25.27,32.71,3.9030467,4.03053315,-6.717555249999999,-6.3,-1.0,-1.4,0,ble
person_b_session_01,transition,exclude,2026-08-14T21:43:26.588+08:00,1786715006588,left,foot_left_001,2402087,343640440,0.0015,0.002,0.053,0.0061,0.0171,0.0452,31.48,32.56,32.09,32.8,-5.2269444499999995,2.1476563499999997,-6.854848349999999,0.2,0.4,2.6,0,ble
person_b_session_01,transition,exclude,2026-08-14T21:43:26.592+08:00,1786715006592,right,foot_right_001,2402087,343640440,0.0244,0.0056,0.0144,0.0073,0.0227,0.0425,31.22,32.01,25.25,32.71,3.87362675,4.05014645,-6.7469752,-6.2,-1.1,-1.5,0,ble
person_b_session_01,transition,exclude,2026-08-14T21:43:26.788+08:00,1786715006788,left,foot_left_001,2402087,343640441,0.0,0.0017,0.0432,0.0046,0.0156,0.0447,31.48,32.59,32.09,32.77,-5.18771785,2.2163028999999996,-6.7469752,-0.5,0.4,2.6,0,ble
person_b_session_01,transition,exclude,2026-08-14T21:43:26.792+08:00,1786715006792,right,foot_right_001,2402087,343640441,0.0244,0.0059,0.0147,0.0073,0.0239,0.0447,31.25,32.01,25.25,32.71,3.83440015,4.16782625,-6.52142225,-6.0,-1.6,-1.5,0,ble
person_b_session_01,transition,exclude,2026-08-14T21:43:26.988+08:00,1786715006988,left,foot_left_001,2402087,343640442,0.0,0.002,0.0381,0.0056,0.019,0.044,31.48,32.59,32.09,32.8,-5.236751099999999,2.2555294999999997,-6.815621749999999,-1.4,0.4,3.0,0,ble
person_b_session_01,transition,exclude,2026-08-14T21:43:26.992+08:00,1786715006992,right,foot_right_001,2402087,343640442,0.0239,0.0061,0.0134,0.0051,0.0242,0.0462,31.25,32.01,25.25,32.71,3.93246665,4.05014645,-6.678328649999999,-6.6,-0.9,-1.5,0,ble
person_b_session_01,transition,exclude,2026-08-14T21:43:27.188+08:00,1786715007188,left,foot_left_001,2402087,343640443,0.0,0.0027,0.0381,0.0054,0.0203,0.0425,31.48,32.59,32.09,32.77,-5.2269444499999995,2.2163028999999996,-6.854848349999999,0.2,0.0,2.1,0,ble
person_b_session_01,transition,exclude,2026-08-14T21:43:27.192+08:00,1786715007192,right,foot_right_001,2402087,343640443,0.0195,0.0066,0.0129,0.001,0.0249,0.0459,31.25,32.01,25.25,32.71,3.9030467,3.9422732999999996,-6.913688249999999,-7.0,-0.5,-1.5,0,ble
person_b_session_01,transition,exclude,2026-08-14T21:43:27.388+08:00,1786715007388,left,foot_left_001,2402087,343640444,0.0,0.0037,0.0332,0.0044,0.0215,0.0442,31.48,32.59,32.09,32.77,-5.24655775,2.26533615,-6.815621749999999,-1.4,0.5,3.0,0,ble
person_b_session_01,transition,exclude,2026-08-14T21:43:27.392+08:00,1786715007392,right,foot_right_001,2402087,343640444,0.0142,0.0054,0.0085,0.0,0.0254,0.051,31.28,32.01,25.25,32.77,3.91285335,4.1482129500000005,-6.5704555000000004,-6.7,-0.6,-1.4,0,ble
person_b_session_01,transition,exclude,2026-08-14T21:43:27.588+08:00,1786715007588,left,foot_left_001,2402087,343640445,0.0,0.0012,0.0151,0.0051,0.0208,0.0525,31.54,32.56,32.09,32.77,-5.18771785,2.3339827,-6.8254284,-0.9,0.5,3.2,0,ble
person_b_session_01,transition,exclude,2026-08-14T21:43:27.592+08:00,1786715007592,right,foot_right_001,2402087,343640445,0.011,0.0046,0.0056,0.0,0.0254,0.0549,31.28,32.01,25.25,32.71,3.8638201,4.08937305,-6.717555249999999,-6.3,-1.1,-1.6,0,ble
person_b_session_01,transition,exclude,2026-08-14T21:43:27.788+08:00,1786715007788,left,foot_left_001,2402087,343640446,0.0,0.0005,0.011,0.0039,0.0212,0.0574,31.54,32.56,32.09,32.77,-5.1582979,2.4320492,-6.8058151,-0.2,0.1,2.2,0,ble
person_b_session_01,transition,exclude,2026-08-14T21:43:27.792+08:00,1786715007792,right,foot_right_001,2402087,343640446,0.0103,0.0027,0.0027,0.0,0.0242,0.0598,31.25,32.01,25.27,32.71,3.87362675,4.0991797,-6.6881353,-6.5,-0.6,-1.2,0,ble
person_b_session_01,transition,exclude,2026-08-14T21:43:27.988+08:00,1786715007988,left,foot_left_001,2402087,343640447,0.0,0.0022,0.0129,0.0061,0.0212,0.0593,31.57,32.56,32.09,32.71,-5.197524499999999,2.3732093,-6.864655,2.2,-0.2,0.8,0,ble
person_b_session_01,transition,exclude,2026-08-14T21:43:27.992+08:00,1786715007992,right,foot_right_001,2402087,343640447,0.0098,0.0024,0.0044,0.0,0.0254,0.0625,31.25,32.01,25.27,32.71,3.8932400499999997,4.069759749999999,-6.7665885,-6.2,-1.0,-1.6,0,ble
person_b_session_01,transition,exclude,2026-08-14T21:43:28.188+08:00,1786715008188,left,foot_left_001,2402087,343640448,0.0,0.0042,0.0166,0.0042,0.0205,0.0462,31.54,32.53,32.09,32.65,-5.2171378,2.2751428000000002,-6.8450416999999995,-3.0,-0.3,3.4,0,ble
person_b_session_01,transition,exclude,2026-08-14T21:43:28.192+08:00,1786715008192,right,foot_right_001,2402087,343640448,0.0056,0.0024,0.0024,0.0,0.0266,0.0669,31.25,32.01,25.25,32.71,3.77556025,4.020726499999999,-6.776395149999999,-6.8,-0.9,-2.0,0,ble
person_b_session_01,transition,exclude,2026-08-14T21:43:28.388+08:00,1786715008388,left,foot_left_001,2402087,343640449,0.0,0.0071,0.0071,0.0056,0.0295,0.0327,31.57,32.56,32.09,32.71,-5.197524499999999,2.52030905,-6.815621749999999,-9.8,-0.1,4.5,0,ble
person_b_session_01,transition,exclude,2026-08-14T21:43:28.392+08:00,1786715008392,right,foot_right_001,2402087,343640449,0.0046,0.0022,0.0029,0.0,0.0264,0.0603,31.25,32.01,25.27,32.71,3.8245934999999998,4.0795664,-6.73716855,-5.4,-1.0,-0.8,0,ble
person_b_session_01,transition,exclude,2026-08-14T21:43:28.588+08:00,1786715008588,left,foot_left_001,2402087,343640450,0.0,0.0247,0.0068,0.0059,0.0371,0.0261,31.57,32.53,32.09,32.71,-5.0013914999999995,2.9223817,-6.756781849999999,-12.2,0.5,6.6,0,ble
person_b_session_01,transition,exclude,2026-08-14T21:43:28.592+08:00,1786715008592,right,foot_right_001,2402087,343640450,0.0049,0.0024,0.0046,0.0,0.0249,0.0535,31.25,32.01,25.27,32.71,3.8834334,4.0991797,-6.7077485999999995,-5.7,-1.1,-1.1,0,ble
person_b_session_01,transition,exclude,2026-08-14T21:43:28.788+08:00,1786715008788,left,foot_left_001,2402087,343640451,0.0061,0.0403,0.0103,0.0063,0.04,0.0208,31.6,32.53,32.09,32.71,-5.16810455,3.03025485,-6.69794195,-2.9,-0.3,2.0,0,ble
person_b_session_01,transition,exclude,2026-08-14T21:43:28.792+08:00,1786715008792,right,foot_right_001,2402087,343640451,0.0083,0.0049,0.0093,0.0,0.0264,0.0454,31.25,32.01,25.25,32.71,3.93246665,4.1776329,-6.5704555000000004,-6.3,-1.3,-1.4,0,ble
person_b_session_01,transition,exclude,2026-08-14T21:43:29.189+08:00,1786715009189,left,foot_left_001,2402087,343640453,0.0032,0.0332,0.0103,0.0066,0.044,0.0222,31.6,32.53,32.09,32.65,-4.16782625,3.12832135,-7.345180849999999,-1.2,0.2,3.5,0,ble
person_b_session_01,transition,exclude,2026-08-14T21:43:29.192+08:00,1786715009192,right,foot_right_001,2402087,343640453,0.0088,0.0061,0.0095,0.0,0.0266,0.0496,31.28,32.01,25.25,32.71,3.9030467,4.10898635,-6.7077485999999995,-6.4,-0.8,-1.3,0,ble
person_b_session_01,transition,exclude,2026-08-14T21:43:29.389+08:00,1786715009389,left,foot_left_001,2402087,343640454,0.0,0.0303,0.011,0.0063,0.0464,0.0252,31.66,32.53,32.09,32.65,-6.05070305,3.2950344,-5.5505639,5.1,2.5,3.5,0,ble
person_b_session_01,transition,exclude,2026-08-14T21:43:29.392+08:00,1786715009392,right,foot_right_001,2402087,343640454,0.0083,0.0056,0.0098,0.0,0.0264,0.0505,31.25,32.01,25.27,32.71,3.8638201,4.08937305,-6.7077485999999995,-6.4,-0.9,-1.4,0,ble
person_b_session_01,transition,exclude,2026-08-14T21:43:29.589+08:00,1786715009589,left,foot_left_001,2402087,343640455,0.0,0.0308,0.012,0.0063,0.0491,0.0281,31.66,32.5,32.09,32.65,-6.07031635,2.6183755499999997,-6.0801229999999995,1.8,1.4,2.5,0,ble
person_b_session_01,transition,exclude,2026-08-14T21:43:29.592+08:00,1786715009592,right,foot_right_001,2402087,343640455,0.0068,0.0056,0.0095,0.0,0.0266,0.053,31.28,32.01,25.27,32.77,3.8834334,4.08937305,-6.7273619,-6.3,-0.9,-1.4,0,ble
person_b_session_01,transition,exclude,2026-08-14T21:43:29.789+08:00,1786715009789,left,foot_left_001,2402087,343640456,0.0,0.031,0.0137,0.0066,0.0493,0.0291,31.66,32.5,32.09,32.65,-4.158019599999999,2.2947561,-7.992419749999999,0.8,-1.3,0.6,0,ble
person_b_session_01,transition,exclude,2026-08-14T21:43:29.792+08:00,1786715009792,right,foot_right_001,2402087,343640456,0.0081,0.0063,0.0103,0.0,0.0269,0.0513,31.25,32.01,25.27,32.71,3.8638201,4.118792999999999,-6.7077485999999995,-6.2,-1.1,-1.3,0,ble
person_b_session_01,transition,exclude,2026-08-14T21:43:29.989+08:00,1786715009989,left,foot_left_001,2402087,343640457,0.0,0.0347,0.0168,0.0061,0.0493,0.0266,31.6,32.5,32.09,32.65,-5.3642375499999995,2.0790097999999997,-7.1980811,0.6,-0.1,1.6,0,ble
person_b_session_01,transition,exclude,2026-08-14T21:43:29.992+08:00,1786715009992,right,foot_right_001,2402087,343640457,0.0095,0.0071,0.0112,0.0,0.0269,0.0435,31.25,32.01,25.27,32.77,3.8834334,4.118792999999999,-6.668522,-6.2,-1.1,-1.4,0,ble
person_b_session_01,left_lateral_load,high,2026-08-14T21:43:30.189+08:00,1786715010189,left,foot_left_001,2402087,343640458,0.0,0.0376,0.0173,0.0066,0.0498,0.0227,31.6,32.5,32.09,32.65,-5.71727695,2.26533615,-6.7665885,0.6,0.7,2.4,0,ble
person_b_session_01,left_lateral_load,high,2026-08-14T21:43:30.192+08:00,1786715010192,right,foot_right_001,2402087,343640458,0.0103,0.0071,0.0117,0.0,0.0276,0.0444,31.25,32.01,25.27,32.77,3.8834334,4.0991797,-6.7469752,-6.3,-0.9,-1.5,0,ble
person_b_session_01,left_lateral_load,high,2026-08-14T21:43:30.389+08:00,1786715010389,left,foot_left_001,2402087,343640459,0.0,0.0383,0.0178,0.0061,0.0496,0.0234,31.6,32.5,32.09,32.62,-4.5306723,3.30484105,-6.5704555000000004,0.4,-0.3,1.9,0,ble
person_b_session_01,left_lateral_load,high,2026-08-14T21:43:30.392+08:00,1786715010392,right,foot_right_001,2402087,343640459,0.0088,0.0068,0.0107,0.0,0.0278,0.0496,31.25,32.01,25.27,32.77,3.87362675,4.069759749999999,-6.6194887499999995,-6.3,-1.1,-1.6,0,ble
person_b_session_01,left_lateral_load,high,2026-08-14T21:43:30.589+08:00,1786715010589,left,foot_left_001,2402087,343640460,0.0005,0.041,0.0188,0.0068,0.0498,0.0208,31.6,32.5,32.09,32.62,-6.0997363,2.6576021499999998,-5.972249849999999,1.7,0.7,1.6,0,ble
person_b_session_01,left_lateral_load,high,2026-08-14T21:43:30.592+08:00,1786715010592,right,foot_right_001,2402087,343640460,0.0056,0.0061,0.0095,0.0,0.0278,0.054,31.25,32.01,25.25,32.71,3.8638201,4.0795664,-6.717555249999999,-6.4,-0.9,-1.4,0,ble
person_b_session_01,left_lateral_load,high,2026-08-14T21:43:30.792+08:00,1786715010792,right,foot_right_001,2402087,343640461,0.0059,0.0054,0.0088,0.0,0.0278,0.0564,31.25,32.01,25.27,32.71,3.83440015,4.0991797,-6.7077485999999995,-6.2,-0.9,-1.3,0,ble
person_b_session_01,left_lateral_load,high,2026-08-14T21:43:30.799+08:00,1786715010799,left,foot_left_001,2402087,343640461,0.0017,0.0488,0.0225,0.0068,0.0449,0.0181,31.66,32.5,32.09,32.65,-5.197524499999999,2.69682875,-6.73716855,0.8,-0.5,1.1,0,ble
person_b_session_01,left_lateral_load,high,2026-08-14T21:43:30.989+08:00,1786715010989,left,foot_left_001,2402087,343640462,0.0017,0.0481,0.0242,0.0066,0.0493,0.0212,31.6,32.5,32.09,32.62,-5.10926465,2.6870220999999996,-6.776395149999999,0.3,0.1,1.9,0,ble
person_b_session_01,left_lateral_load,high,2026-08-14T21:43:30.992+08:00,1786715010992,right,foot_right_001,2402087,343640462,0.0068,0.0063,0.01,0.0,0.0283,0.0554,31.25,32.01,25.25,32.71,3.8638201,4.08937305,-6.6881353,-6.3,-0.8,-1.1,0,ble
person_b_session_01,left_lateral_load,high,2026-08-14T21:43:31.189+08:00,1786715011189,left,foot_left_001,2402087,343640463,0.002,0.0496,0.0252,0.0066,0.0498,0.0208,31.66,32.5,32.09,32.62,-5.16810455,2.67721545,-6.776395149999999,1.3,0.4,2.1,0,ble
person_b_session_01,left_lateral_load,high,2026-08-14T21:43:31.192+08:00,1786715011192,right,foot_right_001,2402087,343640463,0.0085,0.0068,0.0112,0.0,0.0286,0.052,31.25,32.01,25.27,32.77,3.83440015,4.118792999999999,-6.7862018,-5.9,-1.0,-1.3,0,ble
person_b_session_01,left_lateral_load,high,2026-08-14T21:43:31.392+08:00,1786715011392,right,foot_right_001,2402087,343640464,0.01,0.0078,0.0125,0.0,0.0286,0.0491,31.28,32.01,25.27,32.77,3.9030467,4.12859965,-6.69794195,-6.4,-0.8,-1.2,0,ble
person_b_session_01,left_lateral_load,high,2026-08-14T21:43:31.394+08:00,1786715011394,left,foot_left_001,2402087,343640464,0.0017,0.0496,0.0256,0.0066,0.051,0.021,31.66,32.5,32.09,32.62,-5.14849125,2.6281822,-6.7665885,1.3,0.0,1.6,0,ble
person_b_session_01,left_lateral_load,high,2026-08-14T21:43:31.588+08:00,1786715011588,left,foot_left_001,2402087,343640465,0.001,0.0488,0.0266,0.0063,0.0515,0.0208,31.6,32.5,32.09,32.59,-5.3152042999999995,2.10842975,-7.2373077,0.9,0.5,2.3,0,ble
person_b_session_01,left_lateral_load,high,2026-08-14T21:43:31.592+08:00,1786715011592,right,foot_right_001,2402087,343640465,0.0107,0.0083,0.0125,0.0,0.0281,0.0488,31.28,32.01,25.27,32.71,3.91285335,4.08937305,-6.7273619,-6.4,-0.9,-1.4,0,ble
person_b_session_01,left_lateral_load,high,2026-08-14T21:43:31.788+08:00,1786715011788,left,foot_left_001,2402087,343640466,0.0017,0.0513,0.0278,0.0063,0.0513,0.022,31.6,32.53,32.09,32.62,-5.972249849999999,2.4810824499999997,-6.36451585,1.0,1.2,2.9,0,ble
person_b_session_01,left_lateral_load,high,2026-08-14T21:43:31.792+08:00,1786715011792,right,foot_right_001,2402087,343640466,0.0105,0.0083,0.0125,0.0,0.0283,0.0491,31.28,32.01,25.27,32.71,3.85401345,4.1384063,-6.678328649999999,-6.2,-0.9,-1.2,0,ble
person_b_session_01,left_lateral_load,high,2026-08-14T21:43:31.988+08:00,1786715011988,left,foot_left_001,2402087,343640467,0.0012,0.0501,0.0295,0.0066,0.0523,0.0227,31.6,32.53,32.09,32.59,-4.28550605,2.1966895999999996,-7.84532,1.4,-0.1,1.6,0,ble
person_b_session_01,left_lateral_load,high,2026-08-14T21:43:31.992+08:00,1786715011992,right,foot_right_001,2402087,343640467,0.011,0.0088,0.0125,0.0,0.0274,0.0452,31.25,32.01,25.27,32.77,3.8932400499999997,4.118792999999999,-6.7469752,-6.4,-1.0,-1.5,0,ble
person_b_session_01,left_lateral_load,high,2026-08-14T21:43:32.188+08:00,1786715012188,left,foot_left_001,2402087,343640468,0.001,0.0491,0.0303,0.0073,0.0537,0.0252,31.57,32.53,32.09,32.59,-4.697385349999999,3.0890947499999997,-6.56064885,1.2,-0.5,1.4,0,ble
person_b_session_01,left_lateral_load,high,2026-08-14T21:43:32.192+08:00,1786715012192,right,foot_right_001,2402087,343640468,0.0132,0.0088,0.0122,0.0002,0.0259,0.0386,31.28,32.03,25.27,32.77,3.91285335,4.069759749999999,-6.6881353,-5.7,-0.8,-0.9,0,ble
person_b_session_01,left_lateral_load,high,2026-08-14T21:43:32.388+08:00,1786715012388,left,foot_left_001,2402087,343640469,0.0,0.0454,0.0286,0.0061,0.0545,0.0256,31.6,32.53,32.09,32.59,-5.638823749999999,2.1280430499999996,-6.864655,-0.3,0.7,3.5,0,ble
person_b_session_01,left_lateral_load,high,2026-08-14T21:43:32.392+08:00,1786715012392,right,foot_right_001,2402087,343640469,0.0171,0.009,0.0149,0.0017,0.0252,0.0303,31.25,32.01,25.27,32.77,3.8638201,4.0599530999999995,-6.7665885,-6.3,-0.8,-1.1,0,ble
person_b_session_01,left_lateral_load,high,2026-08-14T21:43:32.588+08:00,1786715012588,left,foot_left_001,2402087,343640470,0.0,0.0408,0.0242,0.0056,0.0542,0.0264,31.57,32.53,32.09,32.59,-4.118792999999999,2.2751428000000002,-7.8257067,-1.4,-0.9,2.4,0,ble
person_b_session_01,left_lateral_load,high,2026-08-14T21:43:32.592+08:00,1786715012592,right,foot_right_001,2402087,343640470,0.022,0.0095,0.0188,0.0063,0.0256,0.033,31.25,32.01,25.25,32.71,3.8834334,4.0403398,-6.7960084499999995,-6.1,-1.2,-1.8,0,ble
person_b_session_01,left_lateral_load,high,2026-08-14T21:43:32.788+08:00,1786715012788,left,foot_left_001,2402087,343640471,0.0,0.0339,0.0129,0.0046,0.0515,0.0266,31.57,32.53,32.09,32.59,-3.9814998999999998,2.4810824499999997,-7.8649333,0.4,-1.5,1.4,0,ble
person_b_session_01,left_lateral_load,high,2026-08-14T21:43:32.792+08:00,1786715012792,right,foot_right_001,2402087,343640471,0.011,0.0098,0.0181,0.0,0.0286,0.0491,31.28,32.01,25.27,32.77,3.8834334,4.069759749999999,-6.717555249999999,-6.6,-1.6,-2.4,0,ble
person_b_session_01,left_lateral_load,high,2026-08-14T21:43:32.988+08:00,1786715012988,left,foot_left_001,2402087,343640472,0.001,0.0339,0.0159,0.0071,0.041,0.0132,31.57,32.53,32.09,32.56,-4.707192,2.89296175,-6.50180895,0.7,-2.5,0.1,0,ble
person_b_session_01,left_lateral_load,high,2026-08-14T21:43:32.992+08:00,1786715012992,right,foot_right_001,2402087,343640472,0.0095,0.01,0.0186,0.0,0.0322,0.0606,31.25,32.01,25.25,32.77,3.8442068,4.08937305,-6.7077485999999995,-5.9,-1.5,-1.6,0,ble
person_b_session_01,left_lateral_load,high,2026-08-14T21:43:33.188+08:00,1786715013188,left,foot_left_001,2402087,343640473,0.0007,0.0349,0.0147,0.0056,0.0342,0.009,31.57,32.53,32.09,32.59,-5.275977699999999,2.55953565,-6.717555249999999,0.5,-0.1,2.1,0,ble
person_b_session_01,left_lateral_load,high,2026-08-14T21:43:33.192+08:00,1786715013192,right,foot_right_001,2402087,343640473,0.0085,0.0117,0.0215,0.0,0.0337,0.0586,31.28,32.03,25.27,32.77,3.85401345,4.0795664,-6.7469752,-7.0,-0.7,-1.2,0,ble
person_b_session_01,left_lateral_load,high,2026-08-14T21:43:33.388+08:00,1786715013388,left,foot_left_001,2402087,343640474,0.0,0.0308,0.012,0.0059,0.0352,0.0093,31.57,32.53,32.09,32.56,-5.24655775,2.6379888499999997,-6.678328649999999,-2.0,-0.3,2.6,0,ble
person_b_session_01,left_lateral_load,high,2026-08-14T21:43:33.392+08:00,1786715013392,right,foot_right_001,2402087,343640474,0.0093,0.0142,0.0227,0.0002,0.0342,0.0576,31.28,32.01,25.27,32.77,3.8638201,4.08937305,-6.7077485999999995,-6.1,-0.9,-1.1,0,ble
person_b_session_01,left_lateral_load,high,2026-08-14T21:43:33.588+08:00,1786715013588,left,foot_left_001,2402087,343640475,0.0005,0.0347,0.0105,0.0056,0.0349,0.0071,31.57,32.53,32.09,32.56,-5.2563644,2.7066353999999997,-6.65871535,0.9,0.0,1.9,0,ble
person_b_session_01,left_lateral_load,high,2026-08-14T21:43:33.592+08:00,1786715013592,right,foot_right_001,2402087,343640475,0.0129,0.0178,0.0269,0.001,0.0332,0.0501,31.28,32.01,25.25,32.77,3.87362675,4.0795664,-6.69794195,-6.4,-0.8,-1.2,0,ble
person_b_session_01,left_lateral_load,high,2026-08-14T21:43:33.788+08:00,1786715013788,left,foot_left_001,2402087,343640476,0.0,0.0371,0.0105,0.0056,0.0344,0.0063,31.57,32.53,32.09,32.56,-5.26617105,2.7164420499999995,-6.6096821,0.8,0.7,2.1,0,ble
person_b_session_01,left_lateral_load,high,2026-08-14T21:43:33.792+08:00,1786715013792,right,foot_right_001,2402087,343640476,0.0149,0.0208,0.0298,0.0017,0.0327,0.0457,31.28,32.01,25.25,32.77,3.8834334,4.0991797,-6.69794195,-6.0,-0.9,-1.1,0,ble
person_b_session_01,left_lateral_load,high,2026-08-14T21:43:33.988+08:00,1786715013988,left,foot_left_001,2402087,343640477,0.001,0.0396,0.0117,0.0061,0.0369,0.0083,31.57,32.5,32.09,32.56,-5.26617105,2.6281822,-6.6881353,-1.0,-0.5,1.4,0,ble
person_b_session_01,left_lateral_load,high,2026-08-14T21:43:33.992+08:00,1786715013992,right,foot_right_001,2402087,343640477,0.0181,0.0208,0.0291,0.002,0.0322,0.0447,31.28,32.01,25.27,32.77,3.8834334,4.10898635,-6.69794195,-5.8,-1.2,-1.6,0,ble
person_b_session_01,left_lateral_load,high,2026-08-14T21:43:34.188+08:00,1786715014188,left,foot_left_001,2402087,343640478,0.0007,0.0413,0.0132,0.0059,0.0383,0.0093,31.57,32.5,32.09,32.56,-5.2563644,2.6576021499999998,-6.678328649999999,0.1,0.2,1.8,0,ble
person_b_session_01,left_lateral_load,high,2026-08-14T21:43:34.192+08:00,1786715014192,right,foot_right_001,2402087,343640478,0.0147,0.0178,0.0254,0.0015,0.0327,0.0513,31.28,32.01,25.27,32.71,3.8834334,4.08937305,-6.6881353,-6.1,-1.1,-1.4,0,ble
person_b_session_01,left_lateral_load,high,2026-08-14T21:43:34.388+08:00,1786715014388,left,foot_left_001,2402087,343640479,0.001,0.043,0.0129,0.0066,0.0398,0.0098,31.57,32.5,32.09,32.56,-5.26617105,2.67721545,-6.65871535,1.4,0.4,1.9,0,ble
person_b_session_01,left_lateral_load,high,2026-08-14T21:43:34.392+08:00,1786715014392,right,foot_right_001,2402087,343640479,0.0129,0.0173,0.0256,0.001,0.0337,0.0545,31.25,32.01,25.25,32.71,3.85401345,4.0795664,-6.7273619,-6.3,-1.0,-1.4,0,ble
person_b_session_01,left_lateral_load,high,2026-08-14T21:43:34.588+08:00,1786715014588,left,foot_left_001,2402087,343640480,0.0,0.0408,0.0134,0.0059,0.04,0.0103,31.57,32.5,32.09,32.56,-5.2269444499999995,2.6379888499999997,-6.69794195,1.7,0.5,2.0,0,ble
person_b_session_01,left_lateral_load,high,2026-08-14T21:43:34.592+08:00,1786715014592,right,foot_right_001,2402087,343640480,0.0117,0.0161,0.0234,0.0007,0.0342,0.0574,31.25,32.01,25.25,32.71,3.8932400499999997,4.05014645,-6.6881353,-6.1,-1.1,-1.5,0,ble
person_b_session_01,left_lateral_load,high,2026-08-14T21:43:34.788+08:00,1786715014788,left,foot_left_001,2402087,343640481,0.0,0.0388,0.0127,0.0054,0.0391,0.0105,31.57,32.5,32.09,32.56,-5.2269444499999995,2.6674087999999996,-6.6881353,0.6,0.2,2.2,0,ble
person_b_session_01,left_lateral_load,high,2026-08-14T21:43:34.792+08:00,1786715014792,right,foot_right_001,2402087,343640481,0.0103,0.0161,0.0239,0.0007,0.0359,0.0606,31.25,32.01,25.25,32.71,3.85401345,4.0991797,-6.756781849999999,-6.5,-0.7,-1.1,0,ble
person_b_session_01,left_lateral_load,high,2026-08-14T21:43:34.988+08:00,1786715014988,left,foot_left_001,2402087,343640482,0.0,0.0366,0.011,0.0061,0.0381,0.0103,31.57,32.5,32.09,32.56,-5.26617105,2.6674087999999996,-6.678328649999999,0.6,-0.1,1.8,0,ble
person_b_session_01,left_lateral_load,high,2026-08-14T21:43:34.992+08:00,1786715014992,right,foot_right_001,2402087,343640482,0.011,0.0176,0.0261,0.0012,0.0364,0.0606,31.25,32.01,25.27,32.71,3.8638201,4.10898635,-6.7469752,-6.2,-1.0,-1.4,0,ble
person_b_session_01,left_lateral_load,high,2026-08-14T21:43:35.188+08:00,1786715015188,left,foot_left_001,2402087,343640483,0.0,0.0339,0.012,0.0059,0.0369,0.0095,31.57,32.5,32.09,32.56,-5.2563644,2.6281822,-6.717555249999999,0.9,0.1,2.0,0,ble
person_b_session_01,left_lateral_load,high,2026-08-14T21:43:35.192+08:00,1786715015192,right,foot_right_001,2402087,343640483,0.0105,0.0176,0.0254,0.001,0.0361,0.0615,31.28,32.01,25.27,32.77,3.8442068,4.0991797,-6.717555249999999,-6.2,-1.0,-1.4,0,ble
person_b_session_01,left_lateral_load,high,2026-08-14T21:43:35.388+08:00,1786715015388,left,foot_left_001,2402087,343640484,0.0,0.0349,0.0127,0.0051,0.0376,0.0098,31.57,32.5,32.09,32.56,-5.2563644,2.7066353999999997,-6.678328649999999,0.7,0.2,1.9,0,ble
person_b_session_01,left_lateral_load,high,2026-08-14T21:43:35.392+08:00,1786715015392,right,foot_right_001,2402087,343640484,0.01,0.0168,0.0249,0.001,0.0359,0.0615,31.28,32.01,25.27,32.77,3.8834334,4.069759749999999,-6.717555249999999,-6.2,-1.0,-1.4,0,ble
person_b_session_01,left_lateral_load,high,2026-08-14T21:43:35.588+08:00,1786715015588,left,foot_left_001,2402087,343640485,0.0,0.0361,0.0127,0.0051,0.0383,0.0107,31.57,32.5,32.09,32.56,-5.2563644,2.69682875,-6.65871535,0.1,0.2,2.2,0,ble
person_b_session_01,left_lateral_load,high,2026-08-14T21:43:35.592+08:00,1786715015592,right,foot_right_001,2402087,343640485,0.0098,0.0149,0.0227,0.0007,0.0359,0.0623,31.28,32.03,25.27,32.77,3.8442068,4.0795664,-6.7077485999999995,-6.3,-0.8,-1.3,0,ble
person_b_session_01,left_lateral_load,high,2026-08-14T21:43:35.788+08:00,1786715015788,left,foot_left_001,2402087,343640486,0.0,0.0364,0.0122,0.0046,0.0386,0.0117,31.57,32.5,32.09,32.56,-5.24655775,2.6870220999999996,-6.6881353,0.5,0.3,2.0,0,ble
person_b_session_01,left_lateral_load,high,2026-08-14T21:43:35.792+08:00,1786715015792,right,foot_right_001,2402087,343640486,0.01,0.0147,0.0222,0.0005,0.0361,0.0632,31.25,32.01,25.25,32.71,3.8638201,4.0991797,-6.73716855,-6.4,-0.9,-1.3,0,ble
person_b_session_01,left_lateral_load,high,2026-08-14T21:43:35.988+08:00,1786715015988,left,foot_left_001,2402087,343640487,0.0,0.0361,0.0127,0.0044,0.0391,0.0129,31.57,32.5,32.09,32.53,-5.236751099999999,2.6870220999999996,-6.678328649999999,0.7,0.1,1.9,0,ble
person_b_session_01,left_lateral_load,high,2026-08-14T21:43:35.992+08:00,1786715015992,right,foot_right_001,2402087,343640487,0.0095,0.0142,0.0212,0.0002,0.0361,0.0637,31.25,32.01,25.27,32.77,3.83440015,4.08937305,-6.69794195,-6.2,-1.1,-1.4,0,ble
person_b_session_01,left_lateral_load,high,2026-08-14T21:43:36.188+08:00,1786715016188,left,foot_left_001,2402087,343640488,0.0,0.0344,0.0112,0.0046,0.0393,0.0129,31.57,32.5,32.09,32.56,-5.2269444499999995,2.6576021499999998,-6.717555249999999,0.8,0.0,1.8,0,ble
person_b_session_01,left_lateral_load,high,2026-08-14T21:43:36.192+08:00,1786715016192,right,foot_right_001,2402087,343640488,0.0098,0.0144,0.0217,0.0007,0.0359,0.0642,31.28,32.01,25.27,32.71,3.85401345,4.0599530999999995,-6.7469752,-6.3,-1.0,-1.3,0,ble
person_b_session_01,left_lateral_load,high,2026-08-14T21:43:36.388+08:00,1786715016388,left,foot_left_001,2402087,343640489,0.0,0.0337,0.011,0.0046,0.0391,0.0129,31.57,32.5,32.12,32.56,-5.2563644,2.6674087999999996,-6.717555249999999,0.7,0.0,1.8,0,ble
person_b_session_01,left_lateral_load,high,2026-08-14T21:43:36.392+08:00,1786715016392,right,foot_right_001,2402087,343640489,0.0103,0.0151,0.0227,0.0007,0.0366,0.0642,31.25,32.01,25.27,32.77,3.85401345,4.0991797,-6.69794195,-6.3,-0.9,-1.3,0,ble
person_b_session_01,left_lateral_load,high,2026-08-14T21:43:36.588+08:00,1786715016588,left,foot_left_001,2402087,343640490,0.0,0.0335,0.0105,0.0049,0.0386,0.0125,31.57,32.5,32.09,32.56,-5.2563644,2.67721545,-6.678328649999999,0.2,-0.2,1.9,0,ble
person_b_session_01,left_lateral_load,high,2026-08-14T21:43:36.592+08:00,1786715016592,right,foot_right_001,2402087,343640490,0.0103,0.0154,0.023,0.001,0.0364,0.0645,31.28,32.01,25.27,32.77,3.85401345,4.069759749999999,-6.717555249999999,-6.2,-0.9,-1.3,0,ble
person_b_session_01,left_lateral_load,high,2026-08-14T21:43:36.788+08:00,1786715016788,left,foot_left_001,2402087,343640491,0.0,0.0332,0.0107,0.0049,0.0383,0.0125,31.57,32.5,32.09,32.56,-5.2563644,2.6674087999999996,-6.7077485999999995,0.5,0.2,2.2,0,ble
person_b_session_01,left_lateral_load,high,2026-08-14T21:43:36.792+08:00,1786715016792,right,foot_right_001,2402087,343640491,0.0105,0.0156,0.0234,0.001,0.0366,0.0645,31.25,32.01,25.27,32.71,3.8442068,4.069759749999999,-6.7469752,-6.3,-0.9,-1.3,0,ble
person_b_session_01,left_lateral_load,high,2026-08-14T21:43:36.988+08:00,1786715016988,left,foot_left_001,2402087,343640492,0.0,0.0335,0.0112,0.0051,0.0391,0.0125,31.57,32.45,32.09,32.56,-5.295590999999999,2.67721545,-6.69794195,0.5,0.1,2.1,0,ble
person_b_session_01,left_lateral_load,high,2026-08-14T21:43:36.992+08:00,1786715016992,right,foot_right_001,2402087,343640492,0.01,0.0147,0.0227,0.0012,0.0364,0.0647,31.25,32.01,25.27,32.71,3.87362675,4.0991797,-6.7077485999999995,-6.3,-0.9,-1.4,0,ble
person_b_session_01,left_lateral_load,high,2026-08-14T21:43:37.188+08:00,1786715017188,left,foot_left_001,2402087,343640493,0.0,0.0339,0.0117,0.0049,0.0396,0.0127,31.57,32.45,32.09,32.53,-5.24655775,2.69682875,-6.6881353,0.5,0.0,1.7,0,ble
person_b_session_01,left_lateral_load,high,2026-08-14T21:43:37.192+08:00,1786715017192,right,foot_right_001,2402087,343640493,0.01,0.0147,0.0227,0.001,0.0364,0.0647,31.28,32.01,25.27,32.77,3.87362675,4.0599530999999995,-6.756781849999999,-6.3,-0.9,-1.3,0,ble
person_b_session_01,left_lateral_load,high,2026-08-14T21:43:37.588+08:00,1786715017588,left,foot_left_001,2402087,343640495,0.0,0.0342,0.011,0.0046,0.04,0.0134,31.54,32.47,32.09,32.53,-5.24655775,2.7262486999999997,-6.69794195,0.4,0.2,2.2,0,ble
person_b_session_01,left_lateral_load,high,2026-08-14T21:43:37.592+08:00,1786715017592,right,foot_right_001,2402087,343640495,0.0073,0.0134,0.021,0.0007,0.0364,0.0664,31.28,32.01,25.27,32.77,3.85401345,4.08937305,-6.756781849999999,-6.2,-1.0,-1.3,0,ble
person_b_session_01,left_lateral_load,high,2026-08-14T21:43:37.788+08:00,1786715017788,left,foot_left_001,2402087,343640496,0.0,0.0339,0.0117,0.0049,0.0403,0.0132,31.54,32.47,32.09,32.53,-5.24655775,2.69682875,-6.69794195,1.0,0.3,2.1,0,ble
person_b_session_01,left_lateral_load,high,2026-08-14T21:43:37.792+08:00,1786715017792,right,foot_right_001,2402087,343640496,0.0068,0.0127,0.0198,0.0005,0.0359,0.0676,31.28,32.03,25.27,32.8,3.9030467,4.0991797,-6.7469752,-6.3,-0.9,-1.2,0,ble
person_b_session_01,left_lateral_load,high,2026-08-14T21:43:37.988+08:00,1786715017988,left,foot_left_001,2402087,343640497,0.0,0.0342,0.0112,0.0049,0.0405,0.0134,31.54,32.47,32.09,32.53,-5.275977699999999,2.6674087999999996,-6.668522,0.6,0.1,2.1,0,ble
person_b_session_01,left_lateral_load,high,2026-08-14T21:43:37.992+08:00,1786715017992,right,foot_right_001,2402087,343640497,0.0071,0.0122,0.0195,0.0,0.0354,0.0681,31.34,32.03,25.33,32.8,3.87362675,4.0599530999999995,-6.756781849999999,-6.2,-0.9,-1.3,0,ble
person_b_session_01,left_lateral_load,high,2026-08-14T21:43:38.188+08:00,1786715018188,left,foot_left_001,2402087,343640498,0.0,0.0339,0.011,0.0042,0.0405,0.0134,31.54,32.45,32.09,32.5,-5.2269444499999995,2.6477954999999995,-6.65871535,0.4,0.2,2.1,0,ble
person_b_session_01,left_lateral_load,high,2026-08-14T21:43:38.192+08:00,1786715018192,right,foot_right_001,2402087,343640498,0.0071,0.0115,0.0188,0.0,0.0352,0.0686,31.34,32.03,25.33,32.8,3.8245934999999998,4.0599530999999995,-6.7469752,-6.3,-1.0,-1.4,0,ble
person_b_session_01,left_lateral_load,high,2026-08-14T21:43:38.388+08:00,1786715018388,left,foot_left_001,2402087,343640499,0.0,0.0337,0.0112,0.0051,0.0408,0.0137,31.54,32.45,32.09,32.53,-5.2563644,2.7066353999999997,-6.6881353,0.8,0.2,1.9,0,ble
person_b_session_01,left_lateral_load,high,2026-08-14T21:43:38.392+08:00,1786715018392,right,foot_right_001,2402087,343640499,0.0071,0.0112,0.019,0.0,0.0354,0.0689,31.34,32.03,25.27,32.77,3.8442068,4.0599530999999995,-6.73716855,-6.3,-1.0,-1.3,0,ble
person_b_session_01,left_lateral_load,high,2026-08-14T21:43:38.588+08:00,1786715018588,left,foot_left_001,2402087,343640500,0.0,0.0337,0.0115,0.0044,0.0405,0.0134,31.54,32.45,32.09,32.53,-5.2269444499999995,2.6674087999999996,-6.678328649999999,0.6,0.3,2.2,0,ble
person_b_session_01,left_lateral_load,high,2026-08-14T21:43:38.592+08:00,1786715018592,right,foot_right_001,2402087,343640500,0.0059,0.01,0.0173,0.0,0.0352,0.0708,31.28,32.01,25.27,32.77,3.85401345,4.0795664,-6.69794195,-6.5,-0.7,-1.4,0,ble
person_b_session_01,left_lateral_load,high,2026-08-14T21:43:38.788+08:00,1786715018788,left,foot_left_001,2402087,343640501,0.0,0.0335,0.011,0.0039,0.0403,0.0142,31.57,32.47,32.09,32.53,-5.2171378,2.7262486999999997,-6.6881353,0.6,0.2,1.9,0,ble
person_b_session_01,left_lateral_load,high,2026-08-14T21:43:38.792+08:00,1786715018792,right,foot_right_001,2402087,343640501,0.0051,0.0098,0.0173,0.0002,0.0349,0.0713,31.28,32.01,25.27,32.77,3.85401345,4.08937305,-6.69794195,-6.2,-0.9,-1.3,0,ble
person_b_session_01,left_lateral_load,high,2026-08-14T21:43:38.988+08:00,1786715018988,left,foot_left_001,2402087,343640502,0.0,0.0332,0.0105,0.0042,0.0403,0.0144,31.54,32.47,32.12,32.53,-5.2269444499999995,2.6576021499999998,-6.7077485999999995,0.7,0.3,2.1,0,ble
person_b_session_01,left_lateral_load,high,2026-08-14T21:43:38.992+08:00,1786715018992,right,foot_right_001,2402087,343640502,0.0049,0.0098,0.0166,0.0,0.0357,0.0718,31.28,32.01,25.27,32.77,3.85401345,4.0795664,-6.756781849999999,-6.3,-0.9,-1.4,0,ble
person_b_session_01,left_lateral_load,high,2026-08-14T21:43:39.188+08:00,1786715019188,left,foot_left_001,2402087,343640503,0.0,0.0327,0.0105,0.0049,0.0403,0.0147,31.57,32.45,32.12,32.53,-5.236751099999999,2.6576021499999998,-6.69794195,0.6,0.2,2.0,0,ble
person_b_session_01,left_lateral_load,high,2026-08-14T21:43:39.192+08:00,1786715019192,right,foot_right_001,2402087,343640503,0.0042,0.01,0.0173,0.0,0.0357,0.072,31.28,32.01,25.27,32.71,3.85401345,4.05014645,-6.73716855,-6.4,-0.8,-1.3,0,ble
person_b_session_01,left_lateral_load,high,2026-08-14T21:43:39.388+08:00,1786715019388,left,foot_left_001,2402087,343640504,0.0,0.033,0.0103,0.0046,0.0403,0.0147,31.54,32.45,32.09,32.53,-5.2269444499999995,2.6576021499999998,-6.717555249999999,0.5,0.2,2.0,0,ble
person_b_session_01,left_lateral_load,high,2026-08-14T21:43:39.392+08:00,1786715019392,right,foot_right_001,2402087,343640504,0.0051,0.0103,0.0183,0.0,0.0359,0.072,31.28,32.01,25.27,32.77,3.85401345,4.0599530999999995,-6.7273619,-6.4,-0.9,-1.4,0,ble
person_b_session_01,left_lateral_load,high,2026-08-14T21:43:39.588+08:00,1786715019588,left,foot_left_001,2402087,343640505,0.0,0.0332,0.0107,0.0042,0.0403,0.0147,31.57,32.45,32.12,32.53,-5.2269444499999995,2.6477954999999995,-6.65871535,0.8,0.1,1.7,0,ble
person_b_session_01,left_lateral_load,high,2026-08-14T21:43:39.592+08:00,1786715019592,right,foot_right_001,2402087,343640505,0.0061,0.0105,0.0183,0.0,0.0359,0.072,31.28,32.01,25.27,32.71,3.83440015,4.069759749999999,-6.73716855,-6.2,-1.0,-1.4,0,ble
person_b_session_01,left_lateral_load,high,2026-08-14T21:43:39.788+08:00,1786715019788,left,foot_left_001,2402087,343640506,0.0,0.0332,0.0107,0.0044,0.0403,0.0147,31.57,32.45,32.12,32.53,-5.197524499999999,2.6576021499999998,-6.668522,0.6,0.3,2.1,0,ble
person_b_session_01,left_lateral_load,high,2026-08-14T21:43:39.792+08:00,1786715019792,right,foot_right_001,2402087,343640506,0.0061,0.0107,0.0186,0.0,0.0361,0.0723,31.28,32.01,25.27,32.77,3.8442068,4.0795664,-6.756781849999999,-6.3,-1.0,-1.4,0,ble
person_b_session_01,left_lateral_load,high,2026-08-14T21:43:39.988+08:00,1786715019988,left,foot_left_001,2402087,343640507,0.0,0.0332,0.011,0.0046,0.0403,0.0139,31.54,32.42,32.12,32.53,-5.2563644,2.6477954999999995,-6.7273619,0.8,0.0,1.9,0,ble
person_b_session_01,left_lateral_load,high,2026-08-14T21:43:39.992+08:00,1786715019992,right,foot_right_001,2402087,343640507,0.0046,0.01,0.0171,0.0,0.0361,0.073,31.28,32.01,25.27,32.71,3.8245934999999998,4.069759749999999,-6.7960084499999995,-5.6,-1.5,-1.6,0,ble
person_b_session_01,left_lateral_load,high,2026-08-14T21:43:40.188+08:00,1786715020188,left,foot_left_001,2402087,343640508,0.0,0.0339,0.011,0.0049,0.04,0.0125,31.57,32.45,32.12,32.53,-5.24655775,2.6183755499999997,-6.6881353,1.2,-0.5,0.9,0,ble
person_b_session_01,left_lateral_load,high,2026-08-14T21:43:40.192+08:00,1786715020192,right,foot_right_001,2402087,343640508,0.0034,0.0093,0.0156,0.0,0.0361,0.0735,31.28,32.01,25.27,32.71,3.8442068,4.08937305,-6.7469752,-6.3,-0.7,-1.1,0,ble
person_b_session_01,left_lateral_load,high,2026-08-14T21:43:40.388+08:00,1786715020388,left,foot_left_001,2402087,343640509,0.0002,0.0352,0.0115,0.0046,0.04,0.011,31.57,32.42,32.09,32.53,-5.275977699999999,2.6379888499999997,-6.6292954,0.6,0.2,1.9,0,ble
person_b_session_01,left_lateral_load,high,2026-08-14T21:43:40.392+08:00,1786715020392,right,foot_right_001,2402087,343640509,0.0044,0.0098,0.0176,0.0,0.0361,0.0723,31.25,32.01,25.27,32.77,3.83440015,4.05014645,-6.7469752,-6.3,-0.8,-1.3,0,ble
person_b_session_01,left_lateral_load,high,2026-08-14T21:43:40.588+08:00,1786715020588,left,foot_left_001,2402087,343640510,0.0,0.0361,0.0115,0.0054,0.0405,0.0105,31.54,32.42,32.09,32.53,-5.275977699999999,2.6085689,-6.6881353,0.9,0.1,1.7,0,ble
person_b_session_01,left_lateral_load,high,2026-08-14T21:43:40.592+08:00,1786715020592,right,foot_right_001,2402087,343640510,0.0046,0.0098,0.0176,0.0,0.0359,0.0728,31.28,32.01,25.27,32.77,3.85401345,4.0795664,-6.7469752,-6.3,-1.0,-1.4,0,ble
person_b_session_01,left_lateral_load,high,2026-08-14T21:43:40.788+08:00,1786715020788,left,foot_left_001,2402087,343640511,0.0,0.0376,0.0125,0.0051,0.0405,0.0098,31.54,32.42,32.09,32.53,-5.295590999999999,2.6870220999999996,-6.69794195,0.4,-0.1,1.8,0,ble
person_b_session_01,left_lateral_load,high,2026-08-14T21:43:40.792+08:00,1786715020792,right,foot_right_001,2402087,343640511,0.0044,0.009,0.0159,0.0,0.0349,0.0733,31.28,32.03,25.27,32.77,3.8245934999999998,4.08937305,-6.73716855,-6.5,-0.7,-1.3,0,ble
person_b_session_01,left_lateral_load,high,2026-08-14T21:43:40.988+08:00,1786715020988,left,foot_left_001,2402087,343640512,0.001,0.0381,0.0134,0.0049,0.0408,0.0093,31.54,32.42,32.12,32.53,-5.295590999999999,2.6183755499999997,-6.69794195,1.2,0.5,1.9,0,ble
person_b_session_01,left_lateral_load,high,2026-08-14T21:43:40.992+08:00,1786715020992,right,foot_right_001,2402087,343640512,0.0046,0.0088,0.0164,0.0002,0.0347,0.0728,31.28,32.01,25.27,32.77,3.83440015,4.0599530999999995,-6.73716855,-6.3,-0.9,-1.3,0,ble
person_b_session_01,left_lateral_load,high,2026-08-14T21:43:41.188+08:00,1786715021188,left,foot_left_001,2402087,343640513,0.0005,0.0386,0.0132,0.0051,0.0408,0.0098,31.54,32.42,32.12,32.53,-5.26617105,2.6576021499999998,-6.6489087,0.7,0.4,2.0,0,ble
person_b_session_01,left_lateral_load,high,2026-08-14T21:43:41.192+08:00,1786715021192,right,foot_right_001,2402087,343640513,0.0037,0.0078,0.0137,0.0,0.0342,0.0733,31.28,32.01,25.27,32.77,3.9030467,4.1384063,-6.756781849999999,-6.5,-0.9,-1.3,0,ble
person_b_session_01,left_lateral_load,high,2026-08-14T21:43:41.388+08:00,1786715021388,left,foot_left_001,2402087,343640514,0.0,0.0391,0.0134,0.0049,0.0403,0.0105,31.54,32.45,32.12,32.53,-5.26617105,2.6085689,-6.69794195,0.9,0.3,1.8,0,ble
person_b_session_01,left_lateral_load,high,2026-08-14T21:43:41.392+08:00,1786715021392,right,foot_right_001,2402087,343640514,0.0024,0.0063,0.011,0.0,0.0339,0.0733,31.28,32.01,25.27,32.77,3.8442068,4.08937305,-6.717555249999999,-6.4,-0.9,-1.3,0,ble
person_b_session_01,left_lateral_load,high,2026-08-14T21:43:41.588+08:00,1786715021588,left,foot_left_001,2402087,343640515,0.0,0.0393,0.0134,0.0044,0.0403,0.0112,31.54,32.42,32.09,32.53,-5.28578435,2.6379888499999997,-6.678328649999999,0.8,0.3,2.0,0,ble
person_b_session_01,left_lateral_load,high,2026-08-14T21:43:41.592+08:00,1786715021592,right,foot_right_001,2402087,343640515,0.0027,0.0061,0.0115,0.0,0.0339,0.0735,31.28,32.01,25.27,32.77,3.8638201,4.069759749999999,-6.7273619,-6.2,-0.9,-1.4,0,ble
person_b_session_01,left_lateral_load,high,2026-08-14T21:43:41.788+08:00,1786715021788,left,foot_left_001,2402087,343640516,0.0,0.0388,0.0132,0.0042,0.0403,0.0125,31.54,32.42,32.09,32.53,-5.2563644,2.6281822,-6.7077485999999995,0.9,0.5,2.2,0,ble
person_b_session_01,left_lateral_load,high,2026-08-14T21:43:41.792+08:00,1786715021792,right,foot_right_001,2402087,343640516,0.0024,0.0059,0.0103,0.0,0.0339,0.074,31.28,32.01,25.27,32.77,3.8245934999999998,4.0599530999999995,-6.717555249999999,-6.3,-0.9,-1.3,0,ble
person_b_session_01,left_lateral_load,high,2026-08-14T21:43:41.988+08:00,1786715021988,left,foot_left_001,2402087,343640517,0.0,0.0388,0.0137,0.0049,0.04,0.0122,31.54,32.42,32.12,32.53,-5.275977699999999,2.6477954999999995,-6.65871535,1.3,0.3,2.0,0,ble
person_b_session_01,left_lateral_load,high,2026-08-14T21:43:41.992+08:00,1786715021992,right,foot_right_001,2402087,343640517,0.0027,0.0061,0.0117,0.0,0.0347,0.075,31.28,32.01,25.27,32.8,3.83440015,4.069759749999999,-6.7665885,-6.2,-1.0,-1.4,0,ble
person_b_session_01,left_lateral_load,high,2026-08-14T21:43:42.188+08:00,1786715022188,left,foot_left_001,2402087,343640518,0.0,0.0383,0.0142,0.0046,0.0398,0.0125,31.54,32.42,32.12,32.53,-5.2563644,2.6576021499999998,-6.668522,1.0,0.2,2.0,0,ble
person_b_session_01,left_lateral_load,high,2026-08-14T21:43:42.192+08:00,1786715022192,right,foot_right_001,2402087,343640518,0.0029,0.0056,0.0103,0.0,0.0335,0.0764,31.28,32.01,25.27,32.77,3.8442068,4.03053315,-6.8254284,-6.0,-0.9,-1.3,0,ble
person_b_session_01,left_lateral_load,high,2026-08-14T21:43:42.388+08:00,1786715022388,left,foot_left_001,2402087,343640519,0.0,0.0381,0.0134,0.0042,0.0398,0.0122,31.54,32.42,32.12,32.53,-5.2269444499999995,2.7066353999999997,-6.639102049999999,-0.9,0.0,2.8,0,ble
person_b_session_01,left_lateral_load,high,2026-08-14T21:43:42.392+08:00,1786715022392,right,foot_right_001,2402087,343640519,0.0027,0.0034,0.0073,0.0,0.0317,0.0764,31.28,32.03,25.27,32.77,3.79517355,4.0795664,-6.776395149999999,-6.2,-0.8,-1.2,0,ble
person_b_session_01,left_lateral_load,high,2026-08-14T21:43:42.588+08:00,1786715022588,left,foot_left_001,2402087,343640520,0.0,0.0381,0.0129,0.0042,0.0408,0.0127,31.48,32.42,32.12,32.53,-5.2563644,2.6085689,-6.668522,1.0,0.3,2.1,0,ble
person_b_session_01,left_lateral_load,high,2026-08-14T21:43:42.592+08:00,1786715022592,right,foot_right_001,2402087,343640520,0.0034,0.0039,0.009,0.0,0.0327,0.0769,31.28,32.03,25.27,32.8,3.83440015,4.0403398,-6.73716855,-6.4,-1.0,-1.4,0,ble
person_b_session_01,left_lateral_load,high,2026-08-14T21:43:42.788+08:00,1786715022788,left,foot_left_001,2402087,343640521,0.0,0.0381,0.0127,0.0039,0.0393,0.0127,31.54,32.42,32.12,32.53,-5.2563644,2.6085689,-6.7077485999999995,0.7,0.3,2.0,0,ble
person_b_session_01,left_lateral_load,high,2026-08-14T21:43:42.792+08:00,1786715022792,right,foot_right_001,2402087,343640521,0.0032,0.0037,0.0083,0.0,0.0322,0.0767,31.28,32.03,25.27,32.8,3.79517355,4.05014645,-6.756781849999999,-6.2,-1.0,-1.4,0,ble
person_b_session_01,left_lateral_load,high,2026-08-14T21:43:42.988+08:00,1786715022988,left,foot_left_001,2402087,343640522,0.0,0.0383,0.0134,0.0032,0.0405,0.0129,31.54,32.42,32.12,32.53,-5.275977699999999,2.67721545,-6.678328649999999,0.5,0.3,2.2,0,ble
person_b_session_01,left_lateral_load,high,2026-08-14T21:43:42.992+08:00,1786715022992,right,foot_right_001,2402087,343640522,0.0037,0.0039,0.009,0.0,0.033,0.0772,31.28,32.03,25.27,32.8,3.8245934999999998,4.069759749999999,-6.7469752,-6.2,-0.8,-1.2,0,ble
person_b_session_01,left_lateral_load,high,2026-08-14T21:43:43.188+08:00,1786715023188,left,foot_left_001,2402087,343640523,0.0,0.0386,0.0129,0.0032,0.0408,0.0127,31.54,32.42,32.12,32.53,-5.28578435,2.6379888499999997,-6.73716855,0.9,0.2,2.1,0,ble
person_b_session_01,left_lateral_load,high,2026-08-14T21:43:43.192+08:00,1786715023192,right,foot_right_001,2402087,343640523,0.0042,0.0044,0.0098,0.0,0.0335,0.0769,31.28,32.03,25.27,32.8,3.8245934999999998,4.0599530999999995,-6.7469752,-6.4,-0.8,-1.4,0,ble
person_b_session_01,left_lateral_load,high,2026-08-14T21:43:43.388+08:00,1786715023388,left,foot_left_001,2402087,343640524,0.0,0.0383,0.0129,0.0037,0.04,0.0127,31.48,32.42,32.12,32.56,-5.24655775,2.6183755499999997,-6.668522,1.1,0.3,1.9,0,ble
person_b_session_01,left_lateral_load,high,2026-08-14T21:43:43.392+08:00,1786715023392,right,foot_right_001,2402087,343640524,0.0042,0.0042,0.0095,0.0,0.0335,0.0774,31.28,32.01,25.27,32.77,3.83440015,4.0599530999999995,-6.73716855,-6.3,-1.0,-1.4,0,ble
person_b_session_01,left_lateral_load,high,2026-08-14T21:43:43.588+08:00,1786715023588,left,foot_left_001,2402087,343640525,0.0,0.0379,0.0132,0.0044,0.0393,0.0129,31.54,32.42,32.12,32.53,-5.236751099999999,2.6085689,-6.6489087,0.6,0.2,2.2,0,ble
person_b_session_01,left_lateral_load,high,2026-08-14T21:43:43.592+08:00,1786715023592,right,foot_right_001,2402087,343640525,0.0039,0.0039,0.0093,0.0,0.0335,0.0774,31.28,32.01,25.27,32.77,3.8442068,4.069759749999999,-6.756781849999999,-6.3,-0.9,-1.3,0,ble
person_b_session_01,left_lateral_load,high,2026-08-14T21:43:43.788+08:00,1786715023788,left,foot_left_001,2402087,343640526,0.0,0.0376,0.0132,0.0039,0.0393,0.0137,31.54,32.42,32.12,32.53,-5.236751099999999,2.6085689,-6.717555249999999,1.0,0.1,1.9,0,ble
person_b_session_01,left_lateral_load,high,2026-08-14T21:43:43.792+08:00,1786715023792,right,foot_right_001,2402087,343640526,0.0044,0.0042,0.0095,0.0,0.0332,0.0774,31.28,32.01,25.27,32.8,3.8245934999999998,4.0599530999999995,-6.776395149999999,-6.2,-0.9,-1.3,0,ble
person_b_session_01,left_lateral_load,high,2026-08-14T21:43:43.988+08:00,1786715023988,left,foot_left_001,2402087,343640527,0.0,0.0374,0.0127,0.0032,0.0398,0.0137,31.48,32.42,32.12,32.53,-5.24655775,2.5987622499999996,-6.6881353,0.6,0.3,2.3,0,ble
person_b_session_01,left_lateral_load,high,2026-08-14T21:43:43.992+08:00,1786715023992,right,foot_right_001,2402087,343640527,0.0044,0.0042,0.0098,0.0,0.0332,0.0777,31.28,32.03,25.27,32.77,3.8245934999999998,4.0795664,-6.756781849999999,-6.2,-0.9,-1.3,0,ble
person_b_session_01,left_lateral_load,high,2026-08-14T21:43:44.188+08:00,1786715024188,left,foot_left_001,2402087,343640528,0.0,0.0379,0.0134,0.0029,0.04,0.0134,31.54,32.42,32.12,32.56,-5.2269444499999995,2.5889556,-6.73716855,0.5,0.4,2.4,0,ble
person_b_session_01,left_lateral_load,high,2026-08-14T21:43:44.192+08:00,1786715024192,right,foot_right_001,2402087,343640528,0.0037,0.0034,0.0098,0.0,0.033,0.0779,31.28,32.01,25.27,32.77,3.79517355,4.05014645,-6.7469752,-6.2,-0.9,-1.3,0,ble
person_b_session_01,left_lateral_load,high,2026-08-14T21:43:44.388+08:00,1786715024388,left,foot_left_001,2402087,343640529,0.0,0.0374,0.0134,0.0039,0.0408,0.0166,31.54,32.42,32.12,32.56,-5.24655775,2.5987622499999996,-6.7077485999999995,0.9,0.3,2.2,0,ble
person_b_session_01,left_lateral_load,high,2026-08-14T21:43:44.392+08:00,1786715024392,right,foot_right_001,2402087,343640529,0.0032,0.0034,0.0095,0.0,0.0332,0.0794,31.28,32.01,25.27,32.77,3.83440015,4.0795664,-6.756781849999999,-6.4,-0.9,-1.4,0,ble
person_b_session_01,left_lateral_load,high,2026-08-14T21:43:44.588+08:00,1786715024588,left,foot_left_001,2402087,343640530,0.0,0.0374,0.0132,0.0044,0.0408,0.0156,31.48,32.39,32.12,32.56,-5.24655775,2.57914895,-6.7077485999999995,0.7,0.2,2.0,0,ble
person_b_session_01,left_lateral_load,high,2026-08-14T21:43:44.592+08:00,1786715024592,right,foot_right_001,2402087,343640530,0.0029,0.0032,0.0095,0.0,0.0332,0.0799,31.28,32.01,25.27,32.77,3.8442068,4.08937305,-6.7665885,-6.3,-1.0,-1.4,0,ble
person_b_session_01,left_lateral_load,high,2026-08-14T21:43:44.788+08:00,1786715024788,left,foot_left_001,2402087,343640531,0.0,0.0366,0.0132,0.0039,0.0405,0.0168,31.48,32.42,32.12,32.56,-5.18771785,2.5987622499999996,-6.6881353,0.8,0.7,2.9,0,ble
person_b_session_01,left_lateral_load,high,2026-08-14T21:43:44.792+08:00,1786715024792,right,foot_right_001,2402087,343640531,0.0017,0.0024,0.0073,0.0,0.033,0.0801,31.28,32.01,25.27,32.77,3.8442068,4.0795664,-6.756781849999999,-6.1,-1.0,-1.3,0,ble
person_b_session_01,left_lateral_load,high,2026-08-14T21:43:44.988+08:00,1786715024988,left,foot_left_001,2402087,343640532,0.0,0.0359,0.0122,0.0034,0.0405,0.0178,31.48,32.42,32.12,32.56,-5.2269444499999995,2.6085689,-6.717555249999999,0.6,0.2,2.4,0,ble
person_b_session_01,left_lateral_load,high,2026-08-14T21:43:44.992+08:00,1786715024992,right,foot_right_001,2402087,343640532,0.001,0.0,0.0022,0.0,0.0332,0.084,31.28,32.01,25.27,32.77,3.7265269999999995,4.0795664,-6.756781849999999,-6.0,-1.5,-1.7,0,ble
person_b_session_01,left_lateral_load,high,2026-08-14T21:43:45.188+08:00,1786715025188,left,foot_left_001,2402087,343640533,0.0,0.0347,0.011,0.0039,0.0405,0.0183,31.54,32.42,32.15,32.56,-5.1779112,2.6477954999999995,-6.6881353,0.8,0.0,2.0,0,ble
person_b_session_01,left_lateral_load,high,2026-08-14T21:43:45.192+08:00,1786715025192,right,foot_right_001,2402087,343640533,0.0012,0.0002,0.0039,0.0,0.0337,0.085,31.28,32.01,25.33,32.8,3.81478685,4.0991797,-6.776395149999999,-6.3,-1.0,-1.4,0,ble
person_b_session_01,left_lateral_load,high,2026-08-14T21:43:45.388+08:00,1786715025388,left,foot_left_001,2402087,343640534,0.0,0.0339,0.0107,0.0042,0.0398,0.0188,31.54,32.42,32.12,32.56,-5.2563644,2.57914895,-6.7273619,1.2,0.1,1.7,0,ble
person_b_session_01,left_lateral_load,high,2026-08-14T21:43:45.392+08:00,1786715025392,right,foot_right_001,2402087,343640534,0.0015,0.0002,0.0034,0.0,0.0337,0.0872,31.28,32.01,25.27,32.77,3.8049802,4.0795664,-6.7665885,-6.5,-0.8,-1.4,0,ble
person_b_session_01,left_lateral_load,high,2026-08-14T21:43:45.588+08:00,1786715025588,left,foot_left_001,2402087,343640535,0.0,0.0305,0.0105,0.0046,0.0396,0.0183,31.54,32.42,32.15,32.56,-5.2171378,2.5889556,-6.7077485999999995,0.7,0.3,2.1,0,ble
person_b_session_01,left_lateral_load,high,2026-08-14T21:43:45.592+08:00,1786715025592,right,foot_right_001,2402087,343640535,0.001,0.0002,0.002,0.0,0.0342,0.0877,31.28,32.01,25.27,32.77,3.81478685,4.069759749999999,-6.7469752,-6.5,-0.8,-1.4,0,ble
person_b_session_01,left_lateral_load,high,2026-08-14T21:43:45.962+08:00,1786715025962,right,foot_right_001,2402087,343640537,0.0,0.0,0.0,0.0,0.0344,0.0891,31.28,32.01,25.27,32.77,3.87362675,4.158019599999999,-6.776395149999999,-7.0,-0.2,-1.5,0,ble
person_b_session_01,left_lateral_load,high,2026-08-14T21:43:45.988+08:00,1786715025988,left,foot_left_001,2402087,343640537,0.0,0.0303,0.0095,0.0039,0.0386,0.02,31.54,32.42,32.15,32.56,-5.236751099999999,2.5987622499999996,-6.7469752,0.9,0.3,2.2,0,ble
person_b_session_01,left_lateral_load,high,2026-08-14T21:43:46.182+08:00,1786715026182,right,foot_right_001,2402087,343640538,0.0,0.0,0.0,0.0,0.0332,0.0911,31.28,32.01,25.27,32.71,3.0008348999999996,4.22666615,-7.18827445,-7.0,-0.7,-1.5,0,ble
person_b_session_01,left_lateral_load,high,2026-08-14T21:43:46.188+08:00,1786715026188,left,foot_left_001,2402087,343640538,0.0,0.0291,0.01,0.0046,0.0386,0.0217,31.54,32.39,32.12,32.56,-5.20733115,2.5889556,-6.717555249999999,1.2,0.4,2.5,0,ble
person_b_session_01,left_lateral_load,high,2026-08-14T21:43:46.388+08:00,1786715026388,left,foot_left_001,2402087,343640539,0.0,0.0259,0.0085,0.0029,0.0381,0.0222,31.48,32.39,32.15,32.56,-5.2171378,2.5987622499999996,-6.73716855,0.4,0.3,2.4,0,ble
person_b_session_01,left_lateral_load,high,2026-08-14T21:43:46.392+08:00,1786715026392,right,foot_right_001,2402087,343640539,0.0,0.0,0.0,0.0,0.0337,0.0926,31.25,32.01,25.27,32.77,5.197524499999999,4.520865649999999,-6.14876955,-6.4,-0.9,-1.4,0,ble
person_b_session_01,left_lateral_load,high,2026-08-14T21:43:46.588+08:00,1786715026588,left,foot_left_001,2402087,343640540,0.0,0.0205,0.0056,0.0039,0.0369,0.0247,31.48,32.39,32.15,32.56,-5.18771785,2.6674087999999996,-6.7469752,1.5,0.3,1.6,0,ble
person_b_session_01,left_lateral_load,high,2026-08-14T21:43:46.592+08:00,1786715026592,right,foot_right_001,2402087,343640540,0.0,0.0,0.0,0.0,0.0335,0.0952,31.28,32.01,25.27,32.77,3.7461402999999995,4.0011132,-7.3353741999999995,-6.8,-0.5,-1.5,0,ble
person_b_session_01,left_lateral_load,high,2026-08-14T21:43:46.788+08:00,1786715026788,left,foot_left_001,2402087,343640541,0.0,0.021,0.0054,0.0037,0.0369,0.0256,31.48,32.39,32.15,32.59,-5.20733115,2.53992235,-6.7273619,0.5,-0.1,1.7,0,ble
person_b_session_01,left_lateral_load,high,2026-08-14T21:43:46.792+08:00,1786715026792,right,foot_right_001,2402087,343640541,0.0005,0.0,0.0,0.0,0.0335,0.0938,31.28,32.01,25.27,32.77,3.2263878499999996,4.5110589999999995,-6.178189499999999,-5.9,-1.0,-1.2,0,ble
person_b_session_01,left_lateral_load,high,2026-08-14T21:43:46.988+08:00,1786715026988,left,foot_left_001,2402087,343640542,0.0,0.021,0.0054,0.0042,0.0369,0.0278,31.54,32.39,32.15,32.56,-5.2563644,2.5693422999999997,-6.7960084499999995,1.6,0.1,2.5,0,ble
person_b_session_01,left_lateral_load,high,2026-08-14T21:43:46.992+08:00,1786715026992,right,foot_right_001,2402087,343640542,0.0,0.0,0.0,0.0,0.0339,0.0952,31.25,32.01,25.27,32.71,2.55953565,4.5993188499999995,-6.6881353,-6.5,-0.9,-1.4,0,ble
person_b_session_01,left_lateral_load,high,2026-08-14T21:43:47.182+08:00,1786715027182,right,foot_right_001,2402087,343640543,0.0,0.0,0.0,0.0,0.0339,0.0962,31.28,32.01,25.27,32.77,3.7657536,4.16782625,-6.7077485999999995,-5.6,-0.8,-0.9,0,ble
person_b_session_01,left_lateral_load,high,2026-08-14T21:43:47.188+08:00,1786715027188,left,foot_left_001,2402087,343640543,0.0,0.0183,0.0054,0.0046,0.0357,0.0259,31.54,32.39,32.15,32.56,-5.20733115,2.52030905,-6.7273619,0.5,0.1,1.9,0,ble
person_b_session_01,left_lateral_load,high,2026-08-14T21:43:47.388+08:00,1786715027388,left,foot_left_001,2402087,343640544,0.0024,0.0244,0.0095,0.0046,0.0386,0.0283,31.48,32.39,32.15,32.56,-5.236751099999999,2.5006957499999998,-6.776395149999999,1.5,0.0,0.9,0,ble
person_b_session_01,left_lateral_load,high,2026-08-14T21:43:47.392+08:00,1786715027392,right,foot_right_001,2402087,343640544,0.0005,0.0,0.0007,0.0,0.0322,0.0852,31.28,32.03,25.33,32.77,3.87362675,4.1384063,-6.6881353,-5.2,-0.7,-0.6,0,ble
person_b_session_01,left_lateral_load,high,2026-08-14T21:43:47.588+08:00,1786715027588,left,foot_left_001,2402087,343640545,0.0063,0.0252,0.0105,0.0054,0.04,0.0259,31.54,32.42,32.15,32.59,-5.26617105,2.4516625,-6.8058151,2.8,1.1,2.0,0,ble
person_b_session_01,left_lateral_load,high,2026-08-14T21:43:47.592+08:00,1786715027592,right,foot_right_001,2402087,343640545,0.001,0.0002,0.0054,0.0,0.0317,0.0759,31.25,32.01,25.27,32.77,3.77556025,4.069759749999999,-6.7862018,-5.7,-1.3,-1.4,0,ble
person_b_session_01,left_lateral_load,high,2026-08-14T21:43:47.788+08:00,1786715027788,left,foot_left_001,2402087,343640546,0.0081,0.0261,0.0137,0.0051,0.0415,0.0261,31.48,32.45,32.12,32.56,-5.26617105,2.4516625,-6.678328649999999,0.6,0.3,1.8,0,ble
person_b_session_01,left_lateral_load,high,2026-08-14T21:43:47.792+08:00,1786715027792,right,foot_right_001,2402087,343640546,0.001,0.002,0.0078,0.0,0.0335,0.0689,31.28,32.01,25.33,32.8,3.79517355,4.1384063,-6.8842683,-6.5,-0.4,-0.8,0,ble
person_b_session_01,left_lateral_load,high,2026-08-14T21:43:47.988+08:00,1786715027988,left,foot_left_001,2402087,343640547,0.0076,0.03,0.0154,0.0049,0.0457,0.0266,31.48,32.45,32.15,32.59,-5.236751099999999,2.4516625,-6.756781849999999,-0.1,1.1,2.5,0,ble
person_b_session_01,left_lateral_load,high,2026-08-14T21:43:47.992+08:00,1786715027992,right,foot_right_001,2402087,343640547,0.002,0.0029,0.009,0.0,0.0332,0.0601,31.28,32.01,25.27,32.8,3.8442068,4.12859965,-6.6881353,-6.6,-1.0,-1.5,0,ble
person_b_session_01,left_lateral_load,high,2026-08-14T21:43:48.188+08:00,1786715028188,left,foot_left_001,2402087,343640548,0.0076,0.0352,0.0181,0.0044,0.0493,0.0286,31.54,32.45,32.15,32.59,-5.2269444499999995,2.44185585,-6.7862018,-1.7,-0.5,1.8,0,ble
person_b_session_01,left_lateral_load,high,2026-08-14T21:43:48.192+08:00,1786715028192,right,foot_right_001,2402087,343640548,0.0022,0.0032,0.0071,0.0,0.0291,0.0513,31.28,32.01,25.27,32.8,3.87362675,4.05014645,-6.756781849999999,-6.0,-1.1,-1.5,0,ble
person_b_session_01,left_lateral_load,high,2026-08-14T21:43:48.388+08:00,1786715028388,left,foot_left_001,2402087,343640549,0.0061,0.0405,0.019,0.0049,0.0525,0.0276,31.48,32.45,32.15,32.59,-5.16810455,2.53992235,-6.7862018,1.0,0.6,2.4,0,ble
person_b_session_01,left_lateral_load,high,2026-08-14T21:43:48.392+08:00,1786715028392,right,foot_right_001,2402087,343640549,0.002,0.0029,0.0073,0.0,0.0298,0.0559,31.28,32.01,25.27,32.8,3.79517355,4.08937305,-6.717555249999999,-6.5,-1.1,-1.7,0,ble
person_b_session_01,left_lateral_load,high,2026-08-14T21:43:48.588+08:00,1786715028588,left,foot_left_001,2402087,343640550,0.0032,0.043,0.0178,0.0034,0.0542,0.0256,31.48,32.5,32.15,32.59,-5.14849125,2.6576021499999998,-6.7469752,-1.5,0.0,2.4,0,ble
person_b_session_01,left_lateral_load,high,2026-08-14T21:43:48.592+08:00,1786715028592,right,foot_right_001,2402087,343640550,0.0029,0.0042,0.0085,0.0,0.0308,0.0508,31.25,32.01,25.27,32.77,3.83440015,4.0403398,-6.7469752,-6.5,-0.7,-1.4,0,ble
person_b_session_01,left_lateral_load,high,2026-08-14T21:43:48.788+08:00,1786715028788,left,foot_left_001,2402087,343640551,0.0044,0.0422,0.0176,0.0049,0.0523,0.0217,31.48,32.5,32.15,32.59,-5.2171378,2.5497289999999997,-6.7273619,1.0,0.0,1.8,0,ble
person_b_session_01,left_lateral_load,high,2026-08-14T21:43:48.792+08:00,1786715028792,right,foot_right_001,2402087,343640551,0.0044,0.0061,0.012,0.0,0.033,0.0493,31.25,32.01,25.27,32.77,3.85401345,4.10898635,-6.65871535,-6.6,-0.7,-1.3,0,ble
person_b_session_01,left_lateral_load,high,2026-08-14T21:43:48.988+08:00,1786715028988,left,foot_left_001,2402087,343640552,0.0039,0.0447,0.0198,0.0051,0.0518,0.0188,31.54,32.5,32.15,32.59,-5.236751099999999,2.6183755499999997,-6.7273619,2.1,0.5,1.5,0,ble
person_b_session_01,left_lateral_load,high,2026-08-14T21:43:48.992+08:00,1786715028992,right,foot_right_001,2402087,343640552,0.0059,0.0088,0.0137,0.0,0.0335,0.0457,31.28,32.01,25.27,32.8,3.8638201,4.08937305,-6.7960084499999995,-6.0,-0.6,-0.8,0,ble
person_b_session_01,left_lateral_load,high,2026-08-14T21:43:49.188+08:00,1786715029188,left,foot_left_001,2402087,343640553,0.0037,0.0457,0.0222,0.0054,0.0513,0.0176,31.48,32.5,32.15,32.59,-5.275977699999999,2.53992235,-6.776395149999999,-0.5,-0.4,1.3,0,ble
person_b_session_01,left_lateral_load,high,2026-08-14T21:43:49.192+08:00,1786715029192,right,foot_right_001,2402087,343640553,0.0078,0.009,0.0149,0.0,0.0325,0.0403,31.25,32.01,25.27,32.77,3.8834334,4.08937305,-6.7077485999999995,-6.4,-1.1,-1.5,0,ble
person_b_session_01,left_lateral_load,high,2026-08-14T21:43:49.388+08:00,1786715029388,left,foot_left_001,2402087,343640554,0.0046,0.044,0.0215,0.0056,0.0491,0.0151,31.48,32.5,32.15,32.59,-5.236751099999999,2.4908891,-6.776395149999999,3.1,1.1,2.0,0,ble
person_b_session_01,left_lateral_load,high,2026-08-14T21:43:49.392+08:00,1786715029392,right,foot_right_001,2402087,343640554,0.0107,0.0105,0.0134,0.0022,0.0322,0.04,31.25,32.01,25.27,32.77,3.8442068,4.08937305,-6.7273619,-5.1,-0.8,-0.6,0,ble
person_b_session_01,left_lateral_load,high,2026-08-14T21:43:49.588+08:00,1786715029588,left,foot_left_001,2402087,343640555,0.0046,0.0239,0.019,0.0061,0.0374,0.0249,31.48,32.5,32.15,32.59,-5.1582979,2.4516625,-6.8058151,6.1,-0.3,1.2,0,ble
person_b_session_01,left_lateral_load,high,2026-08-14T21:43:49.592+08:00,1786715029592,right,foot_right_001,2402087,343640555,0.0283,0.0095,0.0154,0.0144,0.0261,0.0274,31.25,32.01,25.27,32.8,3.8932400499999997,4.0403398,-6.756781849999999,-6.2,-0.8,-1.1,0,ble
person_b_session_01,left_lateral_load,high,2026-08-14T21:43:49.788+08:00,1786715029788,left,foot_left_001,2402087,343640556,0.0049,0.0024,0.0098,0.0056,0.0105,0.04,31.48,32.53,32.15,32.59,-5.14849125,2.20649625,-6.854848349999999,6.7,1.4,2.8,0,ble
person_b_session_01,left_lateral_load,high,2026-08-14T21:43:49.792+08:00,1786715029792,right,foot_right_001,2402087,343640556,0.0269,0.011,0.0178,0.0098,0.0298,0.0381,31.25,32.01,25.27,32.8,3.87362675,4.0403398,-6.678328649999999,-7.0,-1.3,-2.4,0,ble
person_b_session_01,left_lateral_load,high,2026-08-14T21:43:49.988+08:00,1786715029988,left,foot_left_001,2402087,343640557,0.0,0.0,0.0059,0.0042,0.0027,0.042,31.48,32.56,32.15,32.59,-5.1582979,2.20649625,-6.83523505,2.2,1.4,3.3,0,ble
person_b_session_01,left_lateral_load,high,2026-08-14T21:43:49.992+08:00,1786715029992,right,foot_right_001,2402087,343640557,0.0183,0.012,0.019,0.0066,0.0337,0.0549,31.25,32.01,25.27,32.8,3.8638201,4.05014645,-6.69794195,-6.1,-0.7,-1.3,0,ble
person_b_session_01,transition_or_unlabeled,exclude,2026-08-14T21:43:50.188+08:00,1786715030188,left,foot_left_001,2402087,343640558,0.0,0.0,0.0107,0.0029,0.0,0.044,31.48,32.53,32.15,32.62,-5.1779112,2.10842975,-6.8450416999999995,-0.5,-0.8,2.6,0,ble
person_b_session_01,transition_or_unlabeled,exclude,2026-08-14T21:43:50.192+08:00,1786715030192,right,foot_right_001,2402087,343640558,0.0212,0.0107,0.0205,0.0085,0.0342,0.0615,31.28,32.01,25.27,32.8,3.8834334,4.08937305,-6.7960084499999995,-5.6,-1.1,-1.1,0,ble
person_b_session_01,transition_or_unlabeled,exclude,2026-08-14T21:43:50.388+08:00,1786715030388,left,foot_left_001,2402087,343640559,0.0037,0.0,0.0105,0.0037,0.0,0.0523,31.48,32.53,32.15,32.62,-5.20733115,2.1182364,-6.8254284,0.8,0.8,2.8,0,ble
person_b_session_01,transition_or_unlabeled,exclude,2026-08-14T21:43:50.392+08:00,1786715030392,right,foot_right_001,2402087,343640559,0.0254,0.0068,0.0183,0.0137,0.0286,0.0615,31.28,32.01,25.27,32.77,3.85401345,4.0403398,-6.7469752,-5.8,-0.9,-0.8,0,ble
person_b_session_01,transition_or_unlabeled,exclude,2026-08-14T21:43:50.588+08:00,1786715030588,left,foot_left_001,2402087,343640560,0.0029,0.0,0.0183,0.0029,0.0007,0.0569,31.48,32.5,32.15,32.62,-5.2269444499999995,2.06920315,-6.874461649999999,0.6,0.0,1.9,0,ble
person_b_session_01,transition_or_unlabeled,exclude,2026-08-14T21:43:50.592+08:00,1786715030592,right,foot_right_001,2402087,343640560,0.0317,0.0054,0.0183,0.0171,0.0252,0.0535,31.25,32.01,25.27,32.8,3.87362675,4.0403398,-6.7273619,-6.2,-0.7,-1.0,0,ble
person_b_session_01,transition_or_unlabeled,exclude,2026-08-14T21:43:50.788+08:00,1786715030788,left,foot_left_001,2402087,343640561,0.0059,0.0012,0.0325,0.0046,0.0039,0.0537,31.48,32.5,32.15,32.62,-5.197524499999999,2.1280430499999996,-6.8842683,0.2,-0.1,2.1,0,ble
person_b_session_01,transition_or_unlabeled,exclude,2026-08-14T21:43:50.792+08:00,1786715030792,right,foot_right_001,2402087,343640561,0.0344,0.0054,0.0178,0.0154,0.0247,0.0501,31.25,32.01,25.27,32.77,3.8932400499999997,4.0011132,-6.7273619,-6.5,-0.6,-1.6,0,ble
person_b_session_01,transition_or_unlabeled,exclude,2026-08-14T21:43:50.988+08:00,1786715030988,left,foot_left_001,2402087,343640562,0.0093,0.0022,0.0374,0.0049,0.0059,0.0518,31.48,32.5,32.15,32.62,-5.1779112,2.10842975,-6.913688249999999,0.9,0.5,1.9,0,ble
person_b_session_01,transition_or_unlabeled,exclude,2026-08-14T21:43:50.992+08:00,1786715030992,right,foot_right_001,2402087,343640562,0.0173,0.0044,0.0132,0.0034,0.0254,0.0579,31.28,32.03,25.27,32.8,3.7363336499999997,4.0011132,-6.815621749999999,-6.4,-1.6,-2.3,0,ble
person_b_session_01,transition_or_unlabeled,exclude,2026-08-14T21:43:51.188+08:00,1786715031188,left,foot_left_001,2402087,343640563,0.0105,0.0022,0.0354,0.0044,0.0063,0.0537,31.48,32.5,32.15,32.62,-5.20733115,2.10842975,-6.9038816,0.7,0.3,2.1,0,ble
person_b_session_01,transition_or_unlabeled,exclude,2026-08-14T21:43:51.192+08:00,1786715031192,right,foot_right_001,2402087,343640563,0.0159,0.0046,0.0142,0.0044,0.0266,0.0613,31.28,32.01,25.27,32.8,3.85401345,4.03053315,-6.776395149999999,-6.3,-1.1,-1.4,0,ble
person_b_session_01,transition_or_unlabeled,exclude,2026-08-14T21:43:51.388+08:00,1786715031388,left,foot_left_001,2402087,343640564,0.0095,0.0024,0.0366,0.0046,0.0063,0.0532,31.48,32.5,32.15,32.65,-5.236751099999999,2.10842975,-6.8842683,0.6,-0.1,2.1,0,ble
person_b_session_01,transition_or_unlabeled,exclude,2026-08-14T21:43:51.392+08:00,1786715031392,right,foot_right_001,2402087,343640564,0.0166,0.0054,0.0149,0.0039,0.0276,0.062,31.28,32.03,25.27,32.8,3.85401345,4.05014645,-6.756781849999999,-6.3,-0.9,-1.3,0,ble
person_b_session_01,transition_or_unlabeled,exclude,2026-08-14T21:43:51.588+08:00,1786715031588,left,foot_left_001,2402087,343640565,0.011,0.0027,0.0381,0.0051,0.0066,0.053,31.48,32.53,32.15,32.65,-5.2269444499999995,2.1182364,-6.854848349999999,0.5,0.2,2.2,0,ble
person_b_session_01,transition_or_unlabeled,exclude,2026-08-14T21:43:51.592+08:00,1786715031592,right,foot_right_001,2402087,343640565,0.019,0.0063,0.0161,0.0049,0.0281,0.0608,31.28,32.01,25.27,32.8,3.85401345,4.05014645,-6.7665885,-5.7,-1.3,-1.5,0,ble
person_b_session_01,transition_or_unlabeled,exclude,2026-08-14T21:43:51.788+08:00,1786715031788,left,foot_left_001,2402087,343640566,0.0095,0.0027,0.0371,0.0046,0.0066,0.054,31.48,32.53,32.15,32.65,-5.2269444499999995,2.10842975,-6.83523505,0.5,-0.1,2.2,0,ble
person_b_session_01,transition_or_unlabeled,exclude,2026-08-14T21:43:51.792+08:00,1786715031792,right,foot_right_001,2402087,343640566,0.019,0.0063,0.0166,0.0049,0.0281,0.062,31.28,32.03,25.27,32.8,3.85401345,4.0403398,-6.7273619,-6.3,-0.9,-1.4,0,ble
person_b_session_01,transition_or_unlabeled,exclude,2026-08-14T21:43:51.988+08:00,1786715031988,left,foot_left_001,2402087,343640567,0.0095,0.0029,0.0381,0.0046,0.0068,0.0537,31.48,32.53,32.15,32.65,-5.197524499999999,2.0986230999999997,-6.913688249999999,0.7,0.2,2.1,0,ble
person_b_session_01,transition_or_unlabeled,exclude,2026-08-14T21:43:51.992+08:00,1786715031992,right,foot_right_001,2402087,343640567,0.02,0.0063,0.0171,0.0049,0.0283,0.0623,31.28,32.01,25.27,32.8,3.9030467,4.0795664,-6.7665885,-6.2,-0.9,-1.3,0,ble
person_b_session_01,transition_or_unlabeled,exclude,2026-08-14T21:43:52.188+08:00,1786715032188,left,foot_left_001,2402087,343640568,0.0107,0.0029,0.0388,0.0046,0.0071,0.0552,31.48,32.53,32.15,32.65,-5.20733115,2.0397832,-6.854848349999999,0.1,0.0,2.2,0,ble
person_b_session_01,transition_or_unlabeled,exclude,2026-08-14T21:43:52.192+08:00,1786715032192,right,foot_right_001,2402087,343640568,0.0195,0.0063,0.0166,0.0049,0.0281,0.0625,31.28,32.03,25.27,32.8,3.8834334,4.020726499999999,-6.7077485999999995,-6.3,-0.9,-1.2,0,ble
person_b_session_01,transition_or_unlabeled,exclude,2026-08-14T21:43:52.388+08:00,1786715032388,left,foot_left_001,2402087,343640569,0.01,0.0039,0.04,0.0044,0.0098,0.0593,31.48,32.53,32.15,32.65,-5.20733115,2.1476563499999997,-6.913688249999999,0.6,0.2,2.0,0,ble
person_b_session_01,transition_or_unlabeled,exclude,2026-08-14T21:43:52.392+08:00,1786715032392,right,foot_right_001,2402087,343640569,0.0061,0.0039,0.0081,0.0,0.0261,0.0581,31.28,32.03,25.27,32.77,3.9030467,4.0991797,-6.678328649999999,-7.9,-0.7,-1.6,0,ble
person_b_session_01,transition_or_unlabeled,exclude,2026-08-14T21:43:52.588+08:00,1786715032588,left,foot_left_001,2402087,343640570,0.0103,0.0029,0.0361,0.0044,0.0061,0.0574,31.48,32.5,32.15,32.65,-5.2269444499999995,2.10842975,-6.8842683,0.7,0.5,2.2,0,ble
person_b_session_01,transition_or_unlabeled,exclude,2026-08-14T21:43:52.592+08:00,1786715032592,right,foot_right_001,2402087,343640570,0.0039,0.009,0.0105,0.0,0.0317,0.0505,31.28,32.01,25.27,32.8,3.9030467,4.08937305,-6.639102049999999,-9.3,-0.9,-1.6,0,ble
person_b_session_01,transition_or_unlabeled,exclude,2026-08-14T21:43:52.788+08:00,1786715032788,left,foot_left_001,2402087,343640571,0.0076,0.0022,0.0295,0.0037,0.0039,0.0486,31.48,32.53,32.15,32.65,-5.2269444499999995,2.0790097999999997,-6.874461649999999,1.1,-0.6,1.2,0,ble
person_b_session_01,transition_or_unlabeled,exclude,2026-08-14T21:43:52.792+08:00,1786715032792,right,foot_right_001,2402087,343640571,0.0039,0.0391,0.0215,0.0,0.0376,0.0212,31.25,32.01,25.27,32.8,3.8932400499999997,4.393379199999999,-6.511615599999999,-11.2,-1.4,-2.3,0,ble
person_b_session_01,transition_or_unlabeled,exclude,2026-08-14T21:43:52.988+08:00,1786715032988,left,foot_left_001,2402087,343640572,0.019,0.001,0.0303,0.01,0.0,0.0271,31.48,32.53,32.15,32.65,-5.2269444499999995,1.9417167,-6.943108199999999,2.4,0.0,0.6,0,ble
person_b_session_01,transition_or_unlabeled,exclude,2026-08-14T21:43:52.992+08:00,1786715032992,right,foot_right_001,2402087,343640572,0.0295,0.0159,0.0095,0.0012,0.0254,0.0388,31.28,32.01,25.27,32.77,3.93246665,3.5500073,-7.2373077,9.3,-2.8,2.5,0,ble
person_b_session_01,transition_or_unlabeled,exclude,2026-08-14T21:43:53.188+08:00,1786715033188,left,foot_left_001,2402087,343640573,0.0225,0.0,0.0203,0.0122,0.0,0.0295,31.48,32.53,32.15,32.65,-5.2269444499999995,2.08881645,-6.874461649999999,0.2,-1.3,1.5,0,ble
person_b_session_01,transition_or_unlabeled,exclude,2026-08-14T21:43:53.192+08:00,1786715033192,right,foot_right_001,2402087,343640573,0.0833,0.0,0.0007,0.0332,0.0168,0.0769,31.28,32.01,25.25,32.77,3.6676870999999998,3.81478685,-7.119627899999999,-3.8,0.1,-0.4,0,ble
person_b_session_01,transition_or_unlabeled,exclude,2026-08-14T21:43:53.388+08:00,1786715033388,left,foot_left_001,2402087,343640574,0.0254,0.0,0.0215,0.0117,0.0,0.0371,31.48,32.53,32.15,32.65,-5.2269444499999995,2.0593964999999996,-6.913688249999999,0.5,0.1,1.9,0,ble
person_b_session_01,transition_or_unlabeled,exclude,2026-08-14T21:43:53.392+08:00,1786715033392,right,foot_right_001,2402087,343640574,0.1013,0.0,0.0,0.0733,0.0134,0.0618,31.34,32.01,25.22,32.8,3.81478685,3.8638201,-6.874461649999999,-5.6,-0.8,-0.5,0,ble
person_b_session_01,transition_or_unlabeled,exclude,2026-08-14T21:43:53.588+08:00,1786715033588,left,foot_left_001,2402087,343640575,0.0269,0.0,0.0217,0.0095,0.0,0.0374,31.48,32.56,32.15,32.65,-5.24655775,2.0299765499999998,-6.83523505,0.7,0.2,2.0,0,ble
person_b_session_01,transition_or_unlabeled,exclude,2026-08-14T21:43:53.592+08:00,1786715033592,right,foot_right_001,2402087,343640575,0.1199,0.0,0.0012,0.1035,0.0127,0.0457,31.34,32.03,25.25,32.8,3.7461402999999995,3.7167203499999997,-6.9333015499999995,-3.8,-1.8,-0.2,0,ble
person_b_session_01,transition_or_unlabeled,exclude,2026-08-14T21:43:53.788+08:00,1786715033788,left,foot_left_001,2402087,343640576,0.0379,0.0,0.0269,0.0095,0.0,0.0332,31.48,32.56,32.15,32.65,-5.26617105,2.0005566,-6.9038816,0.9,0.0,1.7,0,ble
person_b_session_01,transition_or_unlabeled,exclude,2026-08-14T21:43:53.792+08:00,1786715033792,right,foot_right_001,2402087,343640576,0.1531,0.0,0.0039,0.1414,0.0073,0.0256,31.34,32.01,25.25,32.8,3.79517355,3.7363336499999997,-6.913688249999999,-4.6,-1.9,-1.2,0,ble
person_b_session_01,transition_or_unlabeled,exclude,2026-08-14T21:43:53.988+08:00,1786715033988,left,foot_left_001,2402087,343640577,0.0454,0.0,0.0332,0.0151,0.0,0.0354,31.48,32.56,32.15,32.65,-5.26617105,2.0201699,-6.913688249999999,0.9,0.5,2.2,0,ble
person_b_session_01,transition_or_unlabeled,exclude,2026-08-14T21:43:53.992+08:00,1786715033992,right,foot_right_001,2402087,343640577,0.1426,0.0,0.0034,0.1556,0.0042,0.0247,31.34,32.03,25.25,32.8,3.7265269999999995,3.59904055,-6.913688249999999,-3.7,-2.5,-1.9,0,ble
person_b_session_01,transition_or_unlabeled,exclude,2026-08-14T21:43:54.188+08:00,1786715034188,left,foot_left_001,2402087,343640578,0.0283,0.0,0.0122,0.0056,0.0,0.0486,31.48,32.53,32.15,32.65,-5.18771785,2.0299765499999998,-6.874461649999999,1.0,1.2,2.6,0,ble
person_b_session_01,transition_or_unlabeled,exclude,2026-08-14T21:43:54.192+08:00,1786715034192,right,foot_right_001,2402087,343640578,0.1233,0.0,0.001,0.158,0.0083,0.0466,31.34,32.01,25.25,32.8,3.6873004,3.6284604999999996,-6.97252815,-7.7,-0.6,-2.2,0,ble
person_b_session_01,transition_or_unlabeled,exclude,2026-08-14T21:43:54.388+08:00,1786715034388,left,foot_left_001,2402087,343640579,0.0183,0.0,0.0059,0.0034,0.0,0.0532,31.48,32.56,32.15,32.65,-5.2269444499999995,1.9907499499999999,-6.9234949,0.6,0.1,2.1,0,ble
person_b_session_01,transition_or_unlabeled,exclude,2026-08-14T21:43:54.392+08:00,1786715034392,right,foot_right_001,2402087,343640579,0.117,0.0,0.0005,0.1485,0.0098,0.0532,31.34,32.01,25.25,32.8,3.7265269999999995,3.6480737999999997,-7.011754749999999,-5.5,-1.1,-0.8,0,ble
person_b_session_01,transition_or_unlabeled,exclude,2026-08-14T21:43:54.588+08:00,1786715034588,left,foot_left_001,2402087,343640580,0.0178,0.0,0.0066,0.0034,0.0,0.0559,31.48,32.56,32.15,32.65,-5.2171378,2.0201699,-6.894074949999999,0.7,0.4,2.2,0,ble
person_b_session_01,transition_or_unlabeled,exclude,2026-08-14T21:43:54.592+08:00,1786715034592,right,foot_right_001,2402087,343640580,0.1336,0.0,0.0012,0.1482,0.0098,0.0464,31.34,32.01,25.25,32.8,3.7363336499999997,3.6873004,-6.952914849999999,-6.5,-0.8,-0.8,0,ble
person_b_session_01,transition_or_unlabeled,exclude,2026-08-14T21:43:54.788+08:00,1786715034788,left,foot_left_001,2402087,343640581,0.0171,0.0,0.0059,0.0029,0.0,0.0584,31.48,32.56,32.15,32.65,-5.18771785,2.0103632499999997,-6.913688249999999,0.7,0.4,2.4,0,ble
person_b_session_01,transition_or_unlabeled,exclude,2026-08-14T21:43:54.792+08:00,1786715034792,right,foot_right_001,2402087,343640581,0.1409,0.0,0.0017,0.1524,0.0063,0.0376,31.34,32.01,25.25,32.8,3.6971070499999996,3.59904055,-7.011754749999999,-6.3,-0.4,-0.7,0,ble
person_b_session_01,transition_or_unlabeled,exclude,2026-08-14T21:43:54.988+08:00,1786715034988,left,foot_left_001,2402087,343640582,0.0144,0.0,0.0059,0.0027,0.0,0.0574,31.48,32.56,32.15,32.65,-5.20733115,2.0201699,-6.952914849999999,0.9,0.6,2.0,0,ble
person_b_session_01,transition_or_unlabeled,exclude,2026-08-14T21:43:54.992+08:00,1786715034992,right,foot_right_001,2402087,343640582,0.1431,0.0,0.0051,0.1636,0.0095,0.04,31.34,32.01,25.25,32.8,3.79517355,3.6873004,-6.992141449999999,-7.6,-0.7,-2.0,0,ble
person_b_session_01,right_medial_load,high,2026-08-14T21:43:55.188+08:00,1786715035188,left,foot_left_001,2402087,343640583,0.0156,0.0,0.0054,0.002,0.0,0.0706,31.48,32.56,32.15,32.65,-5.2171378,2.0397832,-6.9627215,1.1,1.1,2.6,0,ble
person_b_session_01,right_medial_load,high,2026-08-14T21:43:55.192+08:00,1786715035192,right,foot_right_001,2402087,343640583,0.1233,0.0,0.002,0.1551,0.001,0.0281,31.34,32.01,25.25,32.8,3.81478685,3.7657536,-6.894074949999999,-4.9,-1.6,-1.5,0,ble
person_b_session_01,right_medial_load,high,2026-08-14T21:43:55.388+08:00,1786715035388,left,foot_left_001,2402087,343640584,0.0181,0.0,0.0073,0.0027,0.0002,0.0796,31.48,32.59,32.15,32.65,-5.197524499999999,2.04958985,-6.9234949,0.9,0.1,2.1,0,ble
person_b_session_01,right_medial_load,high,2026-08-14T21:43:55.392+08:00,1786715035392,right,foot_right_001,2402087,343640584,0.1143,0.0,0.0015,0.1558,0.0,0.021,31.34,32.01,25.25,32.8,3.7853669,3.63826715,-6.952914849999999,-6.9,-0.7,-1.8,0,ble
person_b_session_01,right_medial_load,high,2026-08-14T21:43:55.588+08:00,1786715035588,left,foot_left_001,2402087,343640585,0.0203,0.0,0.0068,0.0024,0.0007,0.0759,31.48,32.59,32.15,32.65,-5.1779112,2.0299765499999998,-6.894074949999999,0.8,0.1,2.1,0,ble
person_b_session_01,right_medial_load,high,2026-08-14T21:43:55.592+08:00,1786715035592,right,foot_right_001,2402087,343640585,0.106,0.0,0.0015,0.1553,0.0022,0.0379,31.34,32.01,25.25,32.77,3.7167203499999997,3.6971070499999996,-6.8842683,-7.9,-0.5,-2.3,0,ble
person_b_session_01,right_medial_load,high,2026-08-14T21:43:55.788+08:00,1786715035788,left,foot_left_001,2402087,343640586,0.0239,0.0,0.0078,0.0034,0.0,0.0703,31.48,32.56,32.15,32.65,-5.197524499999999,2.0103632499999997,-6.943108199999999,0.7,-0.4,1.7,0,ble
person_b_session_01,right_medial_load,high,2026-08-14T21:43:55.792+08:00,1786715035792,right,foot_right_001,2402087,343640586,0.1033,0.0,0.0017,0.1504,0.0042,0.0471,31.34,32.01,25.25,32.8,3.79517355,3.7363336499999997,-6.943108199999999,-6.5,-0.5,-1.0,0,ble
person_b_session_01,right_medial_load,high,2026-08-14T21:43:55.988+08:00,1786715035988,left,foot_left_001,2402087,343640587,0.0332,0.0,0.0132,0.0051,0.0,0.0598,31.48,32.56,32.15,32.65,-5.2269444499999995,2.0299765499999998,-6.9038816,0.7,0.1,2.0,0,ble
person_b_session_01,right_medial_load,high,2026-08-14T21:43:55.992+08:00,1786715035992,right,foot_right_001,2402087,343640587,0.1109,0.0,0.0044,0.1546,0.0059,0.0498,31.28,32.01,25.25,32.77,3.77556025,3.7265269999999995,-6.9333015499999995,-6.8,-0.8,-1.4,0,ble
person_b_session_01,right_medial_load,high,2026-08-14T21:43:56.188+08:00,1786715036188,left,foot_left_001,2402087,343640588,0.042,0.0,0.0205,0.009,0.0,0.0481,31.48,32.56,32.15,32.65,-5.236751099999999,2.0201699,-6.864655,0.6,-0.5,1.8,0,ble
person_b_session_01,right_medial_load,high,2026-08-14T21:43:56.192+08:00,1786715036192,right,foot_right_001,2402087,343640588,0.1082,0.0,0.0044,0.1543,0.0071,0.0552,31.25,32.01,25.25,32.77,3.7461402999999995,3.7167203499999997,-6.952914849999999,-6.8,-0.6,-1.6,0,ble
person_b_session_01,right_medial_load,high,2026-08-14T21:43:56.388+08:00,1786715036388,left,foot_left_001,2402087,343640589,0.0447,0.0,0.0252,0.0105,0.0,0.0462,31.48,32.59,32.15,32.71,-5.197524499999999,1.9907499499999999,-6.913688249999999,0.7,0.2,2.1,0,ble
person_b_session_01,right_medial_load,high,2026-08-14T21:43:56.392+08:00,1786715036392,right,foot_right_001,2402087,343640589,0.1006,0.0,0.0049,0.1551,0.0063,0.0569,31.25,32.01,25.25,32.8,3.81478685,3.7853669,-6.874461649999999,-6.1,-0.9,-1.0,0,ble
person_b_session_01,right_medial_load,high,2026-08-14T21:43:56.588+08:00,1786715036588,left,foot_left_001,2402087,343640590,0.0469,0.0,0.0259,0.0103,0.0,0.0484,31.48,32.59,32.15,32.65,-5.2171378,1.9809432999999999,-6.894074949999999,0.4,-0.1,2.1,0,ble
person_b_session_01,right_medial_load,high,2026-08-14T21:43:56.592+08:00,1786715036592,right,foot_right_001,2402087,343640590,0.1184,0.0,0.0063,0.1568,0.0063,0.0486,31.25,32.01,25.25,32.77,3.7265269999999995,3.7657536,-6.874461649999999,-5.9,-1.3,-1.1,0,ble
person_b_session_01,right_medial_load,high,2026-08-14T21:43:56.788+08:00,1786715036788,left,foot_left_001,2402087,343640591,0.0496,0.0,0.0283,0.01,0.0,0.0457,31.48,32.59,32.15,32.71,-5.2269444499999995,2.0103632499999997,-6.8842683,0.9,0.4,2.2,0,ble
person_b_session_01,right_medial_load,high,2026-08-14T21:43:56.792+08:00,1786715036792,right,foot_right_001,2402087,343640591,0.1192,0.0,0.0073,0.1692,0.0061,0.0474,31.22,32.01,25.25,32.77,3.79517355,3.7559469499999993,-6.9234949,-5.3,-1.6,-1.8,0,ble
person_b_session_01,right_medial_load,high,2026-08-14T21:43:56.988+08:00,1786715036988,left,foot_left_001,2402087,343640592,0.0454,0.0,0.0269,0.0115,0.0002,0.053,31.48,32.59,32.15,32.65,-5.20733115,2.0299765499999998,-6.9234949,0.7,0.2,2.2,0,ble
person_b_session_01,right_medial_load,high,2026-08-14T21:43:56.992+08:00,1786715036992,right,foot_right_001,2402087,343640592,0.1109,0.0,0.0059,0.1748,0.0042,0.0442,31.22,32.01,25.25,32.8,3.7657536,3.7167203499999997,-6.9333015499999995,-5.2,-1.7,-1.9,0,ble
person_b_session_01,right_medial_load,high,2026-08-14T21:43:57.188+08:00,1786715037188,left,foot_left_001,2402087,343640593,0.0403,0.0002,0.0254,0.01,0.0,0.0567,31.48,32.59,32.15,32.71,-5.197524499999999,2.0005566,-6.913688249999999,1.0,0.7,2.4,0,ble
person_b_session_01,right_medial_load,high,2026-08-14T21:43:57.192+08:00,1786715037192,right,foot_right_001,2402087,343640593,0.1021,0.0,0.0034,0.1792,0.0017,0.0415,31.25,32.01,25.25,32.8,3.7167203499999997,3.6676870999999998,-6.982334799999999,-5.3,-1.6,-1.9,0,ble
person_b_session_01,right_medial_load,high,2026-08-14T21:43:57.388+08:00,1786715037388,left,foot_left_001,2402087,343640594,0.0305,0.0,0.0208,0.0066,0.0,0.0618,31.48,32.59,32.15,32.65,-5.236751099999999,2.0201699,-6.894074949999999,0.6,-0.2,2.1,0,ble
person_b_session_01,right_medial_load,high,2026-08-14T21:43:57.392+08:00,1786715037392,right,foot_right_001,2402087,343640594,0.0987,0.0,0.0029,0.1841,0.0039,0.0513,31.22,32.01,25.25,32.8,3.7069136999999994,3.6676870999999998,-7.0019481,-6.4,-0.9,-1.4,0,ble
person_b_session_01,right_medial_load,high,2026-08-14T21:43:57.588+08:00,1786715037588,left,foot_left_001,2402087,343640595,0.0317,0.0,0.0203,0.0071,0.0,0.0642,31.48,32.59,32.15,32.71,-5.1779112,2.0005566,-6.913688249999999,0.9,0.4,2.1,0,ble
person_b_session_01,right_medial_load,high,2026-08-14T21:43:57.592+08:00,1786715037592,right,foot_right_001,2402087,343640595,0.096,0.0,0.0027,0.1824,0.0042,0.0559,31.22,32.01,25.25,32.8,3.7069136999999994,3.6774937499999996,-6.982334799999999,-5.9,-1.0,-1.4,0,ble
person_b_session_01,right_medial_load,high,2026-08-14T21:43:57.788+08:00,1786715037788,left,foot_left_001,2402087,343640596,0.031,0.0,0.022,0.0078,0.0,0.0642,31.48,32.59,32.15,32.71,-5.20733115,1.9907499499999999,-6.913688249999999,0.4,-0.3,2.1,0,ble
person_b_session_01,right_medial_load,high,2026-08-14T21:43:57.792+08:00,1786715037792,right,foot_right_001,2402087,343640596,0.0923,0.0,0.0029,0.1778,0.0024,0.054,31.22,32.01,25.25,32.8,3.7069136999999994,3.63826715,-7.0215613999999995,-6.6,-0.8,-1.3,0,ble
person_b_session_01,right_medial_load,high,2026-08-14T21:43:57.988+08:00,1786715037988,left,foot_left_001,2402087,343640597,0.0315,0.0,0.0227,0.0085,0.0,0.0647,31.48,32.59,32.15,32.71,-5.20733115,2.0201699,-6.9333015499999995,0.6,-0.3,1.9,0,ble
person_b_session_01,right_medial_load,high,2026-08-14T21:43:57.992+08:00,1786715037992,right,foot_right_001,2402087,343640597,0.0899,0.0,0.0029,0.1775,0.002,0.054,31.22,32.01,25.25,32.8,3.7265269999999995,3.6480737999999997,-6.952914849999999,-5.5,-1.3,-1.3,0,ble
person_b_session_01,right_medial_load,high,2026-08-14T21:43:58.188+08:00,1786715038188,left,foot_left_001,2402087,343640598,0.0266,0.0,0.0249,0.009,0.0,0.0637,31.48,32.59,32.15,32.65,-5.197524499999999,1.9907499499999999,-6.9038816,0.7,0.5,2.5,0,ble
person_b_session_01,right_medial_load,high,2026-08-14T21:43:58.192+08:00,1786715038192,right,foot_right_001,2402087,343640598,0.0977,0.0,0.0032,0.1807,0.0044,0.0574,31.22,32.01,25.25,32.8,3.7265269999999995,3.6873004,-6.982334799999999,-6.5,-0.7,-1.5,0,ble
person_b_session_01,right_medial_load,high,2026-08-14T21:43:58.388+08:00,1786715038388,left,foot_left_001,2402087,343640599,0.0115,0.0,0.0205,0.0042,0.0002,0.0642,31.48,32.62,32.15,32.71,-5.197524499999999,2.0299765499999998,-6.943108199999999,0.2,0.7,2.8,0,ble
person_b_session_01,right_medial_load,high,2026-08-14T21:43:58.392+08:00,1786715038392,right,foot_right_001,2402087,343640599,0.0828,0.0,0.0002,0.1687,0.0059,0.0725,31.22,32.01,25.25,32.8,3.7069136999999994,3.7265269999999995,-6.9627215,-8.9,-0.1,-1.9,0,ble
person_b_session_01,right_medial_load,high,2026-08-14T21:43:58.588+08:00,1786715038588,left,foot_left_001,2402087,343640600,0.0208,0.0002,0.0249,0.0051,0.0032,0.0752,31.48,32.59,32.15,32.65,-5.197524499999999,2.08881645,-6.952914849999999,0.7,0.3,2.0,0,ble
person_b_session_01,right_medial_load,high,2026-08-14T21:43:58.592+08:00,1786715038592,right,foot_right_001,2402087,343640600,0.0554,0.0,0.0,0.1524,0.0,0.0479,31.22,32.01,25.27,32.8,3.7363336499999997,3.7265269999999995,-6.97252815,-6.7,-1.6,-0.9,0,ble
person_b_session_01,right_medial_load,high,2026-08-14T21:43:58.788+08:00,1786715038788,left,foot_left_001,2402087,343640601,0.0337,0.0002,0.0332,0.0088,0.0051,0.0791,31.48,32.62,32.15,32.71,-5.197524499999999,2.0397832,-6.864655,0.5,-0.2,1.7,0,ble
person_b_session_01,right_medial_load,high,2026-08-14T21:43:58.792+08:00,1786715038792,right,foot_right_001,2402087,343640601,0.0503,0.0,0.0,0.1475,0.0,0.0449,31.22,32.01,25.27,32.8,3.6480737999999997,3.7265269999999995,-6.982334799999999,-6.6,-0.3,-1.0,0,ble
person_b_session_01,right_medial_load,high,2026-08-14T21:43:58.988+08:00,1786715038988,left,foot_left_001,2402087,343640602,0.0376,0.0002,0.0339,0.0103,0.0042,0.0794,31.54,32.62,32.15,32.71,-5.2171378,2.0397832,-6.9333015499999995,0.9,0.2,2.0,0,ble
person_b_session_01,right_medial_load,high,2026-08-14T21:43:58.992+08:00,1786715038992,right,foot_right_001,2402087,343640602,0.0601,0.0,0.0,0.1536,0.0,0.0505,31.22,32.01,25.25,32.8,3.7167203499999997,3.7461402999999995,-6.913688249999999,-6.3,0.1,-0.9,0,ble
person_b_session_01,right_medial_load,high,2026-08-14T21:43:59.188+08:00,1786715039188,left,foot_left_001,2402087,343640603,0.0361,0.0002,0.0298,0.0095,0.0027,0.0735,31.48,32.62,32.15,32.71,-5.20733115,2.0299765499999998,-6.9038816,0.9,-0.1,1.8,0,ble
person_b_session_01,right_medial_load,high,2026-08-14T21:43:59.192+08:00,1786715039192,right,foot_right_001,2402087,343640603,0.0889,0.0,0.0,0.1541,0.0002,0.054,31.22,31.98,25.27,32.8,3.7461402999999995,3.6971070499999996,-6.9234949,-6.1,-0.8,-1.2,0,ble
person_b_session_01,right_medial_load,high,2026-08-14T21:43:59.388+08:00,1786715039388,left,foot_left_001,2402087,343640604,0.0288,0.0,0.0212,0.0083,0.0,0.0689,31.48,32.62,32.15,32.71,-5.197524499999999,2.0103632499999997,-6.913688249999999,0.8,0.4,2.1,0,ble
person_b_session_01,right_medial_load,high,2026-08-14T21:43:59.392+08:00,1786715039392,right,foot_right_001,2402087,343640604,0.1013,0.0,0.0,0.1595,0.0024,0.0613,31.22,32.01,25.27,32.8,3.7167203499999997,3.7559469499999993,-6.9627215,-5.2,-1.6,-1.5,0,ble
person_b_session_01,right_medial_load,high,2026-08-14T21:43:59.588+08:00,1786715039588,left,foot_left_001,2402087,343640605,0.0186,0.0,0.0115,0.0044,0.0,0.0764,31.48,32.62,32.15,32.71,-5.18771785,2.0103632499999997,-6.913688249999999,0.7,-0.2,2.2,0,ble
person_b_session_01,right_medial_load,high,2026-08-14T21:43:59.592+08:00,1786715039592,right,foot_right_001,2402087,343640605,0.0916,0.0,0.0,0.1626,0.0046,0.0686,31.22,32.01,25.27,32.8,3.6774937499999996,3.6676870999999998,-7.0019481,-6.4,-1.0,-1.7,0,ble
person_b_session_01,right_medial_load,high,2026-08-14T21:43:59.788+08:00,1786715039788,left,foot_left_001,2402087,343640606,0.02,0.0,0.0139,0.0051,0.0,0.0796,31.54,32.65,32.15,32.77,-5.16810455,1.96133,-6.9234949,0.6,0.1,2.1,0,ble
person_b_session_01,right_medial_load,high,2026-08-14T21:43:59.792+08:00,1786715039792,right,foot_right_001,2402087,343640606,0.0886,0.0,0.0,0.1653,0.0044,0.0679,31.19,31.98,25.25,32.77,3.7167203499999997,3.7167203499999997,-7.0019481,-6.5,-0.3,-1.1,0,ble
person_b_session_01,right_medial_load,high,2026-08-14T21:43:59.988+08:00,1786715039988,left,foot_left_001,2402087,343640607,0.022,0.0,0.0171,0.0061,0.0002,0.0803,31.54,32.62,32.15,32.77,-5.197524499999999,2.0299765499999998,-6.9333015499999995,0.7,0.0,2.1,0,ble
person_b_session_01,right_medial_load,high,2026-08-14T21:43:59.992+08:00,1786715039992,right,foot_right_001,2402087,343640607,0.0874,0.0,0.0,0.1663,0.0039,0.0676,31.19,31.92,25.25,32.77,3.6873004,3.6873004,-6.9627215,-6.5,-0.7,-1.2,0,ble
person_b_session_01,right_medial_load,high,2026-08-14T21:44:00.188+08:00,1786715040188,left,foot_left_001,2402087,343640608,0.0234,0.0,0.0183,0.0063,0.001,0.0813,31.48,32.62,32.15,32.71,-5.2171378,2.0201699,-6.9333015499999995,0.7,0.0,2.1,0,ble
person_b_session_01,right_medial_load,high,2026-08-14T21:44:00.192+08:00,1786715040192,right,foot_right_001,2402087,343640608,0.0845,0.0,0.0,0.1663,0.0034,0.065,31.19,31.98,25.25,32.8,3.6774937499999996,3.6480737999999997,-6.982334799999999,-6.3,-0.9,-1.3,0,ble
person_b_session_01,right_medial_load,high,2026-08-14T21:44:00.388+08:00,1786715040388,left,foot_left_001,2402087,343640609,0.0242,0.0,0.0186,0.0066,0.0012,0.0818,31.48,32.62,32.15,32.77,-5.18771785,2.0201699,-6.9038816,0.7,0.2,2.1,0,ble
person_b_session_01,right_medial_load,high,2026-08-14T21:44:00.392+08:00,1786715040392,right,foot_right_001,2402087,343640609,0.0823,0.0,0.0,0.167,0.0037,0.0654,31.19,31.92,25.25,32.8,3.6873004,3.6774937499999996,-6.9627215,-6.3,-1.0,-1.3,0,ble
person_b_session_01,right_medial_load,high,2026-08-14T21:44:00.588+08:00,1786715040588,left,foot_left_001,2402087,343640610,0.022,0.0,0.0168,0.0056,0.0012,0.0835,31.54,32.65,32.15,32.77,-5.197524499999999,1.9907499499999999,-6.9234949,0.8,0.4,2.1,0,ble
person_b_session_01,right_medial_load,high,2026-08-14T21:44:00.592+08:00,1786715040592,right,foot_right_001,2402087,343640610,0.0825,0.0,0.0,0.1651,0.0042,0.0672,31.19,31.92,25.25,32.77,3.6971070499999996,3.6774937499999996,-6.97252815,-6.2,-0.9,-1.4,0,ble
person_b_session_01,right_medial_load,high,2026-08-14T21:44:00.788+08:00,1786715040788,left,foot_left_001,2402087,343640611,0.0205,0.0,0.0149,0.0046,0.001,0.0842,31.54,32.62,32.15,32.77,-5.18771785,2.0103632499999997,-6.943108199999999,0.7,0.3,2.1,0,ble
person_b_session_01,right_medial_load,high,2026-08-14T21:44:00.792+08:00,1786715040792,right,foot_right_001,2402087,343640611,0.0799,0.0,0.0,0.1656,0.0046,0.0686,31.19,31.98,25.25,32.77,3.6676870999999998,3.6480737999999997,-6.992141449999999,-6.1,-1.1,-1.4,0,ble
person_b_session_01,right_medial_load,high,2026-08-14T21:44:00.988+08:00,1786715040988,left,foot_left_001,2402087,343640612,0.0203,0.0,0.0137,0.0044,0.0005,0.084,31.54,32.65,32.15,32.71,-5.20733115,2.0103632499999997,-6.9234949,0.7,0.2,2.1,0,ble
person_b_session_01,right_medial_load,high,2026-08-14T21:44:00.992+08:00,1786715040992,right,foot_right_001,2402087,343640612,0.0799,0.0,0.0,0.1656,0.0051,0.0703,31.19,31.98,25.25,32.8,3.7265269999999995,3.7167203499999997,-6.97252815,-6.3,-0.9,-1.5,0,ble
person_b_session_01,right_medial_load,high,2026-08-14T21:44:01.188+08:00,1786715041188,left,foot_left_001,2402087,343640613,0.0186,0.0,0.0132,0.0044,0.0,0.0835,31.54,32.62,32.15,32.77,-5.197524499999999,2.0005566,-6.943108199999999,0.7,0.2,2.1,0,ble
person_b_session_01,right_medial_load,high,2026-08-14T21:44:01.192+08:00,1786715041192,right,foot_right_001,2402087,343640613,0.0755,0.0,0.0,0.1626,0.0049,0.0723,31.19,31.98,25.25,32.8,3.7069136999999994,3.7363336499999997,-6.9234949,-6.2,-1.0,-1.2,0,ble
person_b_session_01,right_medial_load,high,2026-08-14T21:44:01.388+08:00,1786715041388,left,foot_left_001,2402087,343640614,0.0205,0.0,0.0129,0.0044,0.0,0.0842,31.54,32.62,32.15,32.71,-5.18771785,1.9907499499999999,-6.9333015499999995,0.1,-0.5,2.1,0,ble
person_b_session_01,right_medial_load,high,2026-08-14T21:44:01.392+08:00,1786715041392,right,foot_right_001,2402087,343640614,0.0764,0.0,0.0,0.1634,0.0046,0.072,31.19,32.01,25.27,32.8,3.6971070499999996,3.6774937499999996,-6.97252815,-6.7,-0.5,-1.1,0,ble
person_b_session_01,right_medial_load,high,2026-08-14T21:44:01.588+08:00,1786715041588,left,foot_left_001,2402087,343640615,0.0239,0.0,0.0173,0.0056,0.0005,0.084,31.54,32.62,32.15,32.77,-5.20733115,1.9711366499999998,-6.982334799999999,0.8,0.2,2.1,0,ble
person_b_session_01,right_medial_load,high,2026-08-14T21:44:01.592+08:00,1786715041592,right,foot_right_001,2402087,343640615,0.0737,0.0,0.0,0.1624,0.0046,0.0716,31.19,31.98,25.27,32.8,3.7265269999999995,3.7461402999999995,-6.9234949,-6.4,-0.8,-1.3,0,ble
person_b_session_01,right_medial_load,high,2026-08-14T21:44:01.788+08:00,1786715041788,left,foot_left_001,2402087,343640616,0.0242,0.0,0.0173,0.0059,0.0005,0.0847,31.54,32.65,32.15,32.77,-5.20733115,2.0103632499999997,-6.894074949999999,0.7,0.1,2.0,0,ble
person_b_session_01,right_medial_load,high,2026-08-14T21:44:01.792+08:00,1786715041792,right,foot_right_001,2402087,343640616,0.0735,0.0,0.0,0.1612,0.0049,0.0718,31.19,31.98,25.27,32.8,3.7265269999999995,3.7363336499999997,-6.9234949,-6.4,-0.7,-1.2,0,ble
person_b_session_01,right_medial_load,high,2026-08-14T21:44:01.988+08:00,1786715041988,left,foot_left_001,2402087,343640617,0.0249,0.0,0.0176,0.0063,0.0005,0.0852,31.54,32.62,32.15,32.71,-5.18771785,1.9809432999999999,-6.9627215,0.7,0.2,2.2,0,ble
person_b_session_01,right_medial_load,high,2026-08-14T21:44:01.992+08:00,1786715041992,right,foot_right_001,2402087,343640617,0.0757,0.0,0.0,0.1612,0.0049,0.072,31.22,31.98,25.27,32.8,3.7265269999999995,3.7069136999999994,-6.982334799999999,-6.2,-0.9,-1.4,0,ble
person_b_session_01,right_medial_load,high,2026-08-14T21:44:02.188+08:00,1786715042188,left,foot_left_001,2402087,343640618,0.0222,0.0,0.0132,0.0054,0.0,0.085,31.57,32.65,32.15,32.77,-5.1779112,1.9907499499999999,-6.952914849999999,0.7,0.3,2.1,0,ble
person_b_session_01,right_medial_load,high,2026-08-14T21:44:02.192+08:00,1786715042192,right,foot_right_001,2402087,343640618,0.0757,0.0,0.0,0.159,0.0054,0.0737,31.22,31.98,25.27,32.8,3.7069136999999994,3.7167203499999997,-6.97252815,-6.1,-1.1,-1.4,0,ble
person_b_session_01,right_medial_load,high,2026-08-14T21:44:02.388+08:00,1786715042388,left,foot_left_001,2402087,343640619,0.0203,0.0,0.011,0.0046,0.0,0.0847,31.54,32.65,32.15,32.77,-5.1779112,1.9809432999999999,-6.943108199999999,0.7,0.2,2.1,0,ble
person_b_session_01,right_medial_load,high,2026-08-14T21:44:02.392+08:00,1786715042392,right,foot_right_001,2402087,343640619,0.0733,0.0,0.0,0.1578,0.0051,0.0742,31.19,31.98,25.27,32.8,3.7167203499999997,3.7265269999999995,-6.9333015499999995,-6.4,-0.8,-1.5,0,ble
person_b_session_01,right_medial_load,high,2026-08-14T21:44:02.588+08:00,1786715042588,left,foot_left_001,2402087,343640620,0.0193,0.0,0.0115,0.0042,0.0,0.0855,31.54,32.65,32.15,32.77,-5.197524499999999,1.9711366499999998,-6.952914849999999,0.7,0.2,2.1,0,ble
person_b_session_01,right_medial_load,high,2026-08-14T21:44:02.592+08:00,1786715042592,right,foot_right_001,2402087,343640620,0.0654,0.0,0.0,0.147,0.0051,0.075,31.19,31.98,25.27,32.8,3.6971070499999996,3.7363336499999997,-6.913688249999999,-6.3,-1.1,-1.6,0,ble
person_b_session_01,right_medial_load,high,2026-08-14T21:44:02.788+08:00,1786715042788,left,foot_left_001,2402087,343640621,0.0215,0.0,0.0105,0.0032,0.0,0.0847,31.54,32.65,32.15,32.77,-5.16810455,2.0103632499999997,-6.9627215,0.6,0.2,2.0,0,ble
person_b_session_01,right_medial_load,high,2026-08-14T21:44:02.792+08:00,1786715042792,right,foot_right_001,2402087,343640621,0.0579,0.0,0.0,0.1158,0.0051,0.0752,31.16,31.92,25.25,32.8,3.7363336499999997,3.77556025,-7.0411747,-8.3,0.7,-1.3,0,ble
person_b_session_01,right_medial_load,high,2026-08-14T21:44:02.988+08:00,1786715042988,left,foot_left_001,2402087,343640622,0.0244,0.0,0.0098,0.0054,0.0,0.0857,31.54,32.65,32.15,32.77,-5.1582979,1.9711366499999998,-6.952914849999999,0.7,0.0,2.0,0,ble
person_b_session_01,right_medial_load,high,2026-08-14T21:44:02.992+08:00,1786715042992,right,foot_right_001,2402087,343640622,0.0606,0.0,0.0,0.1194,0.0054,0.0764,31.16,31.95,25.25,32.8,3.7069136999999994,3.7559469499999993,-6.97252815,-6.1,-1.1,-1.3,0,ble
person_b_session_01,right_medial_load,high,2026-08-14T21:44:03.188+08:00,1786715043188,left,foot_left_001,2402087,343640623,0.0266,0.0,0.0129,0.0063,0.0,0.0835,31.54,32.62,32.15,32.77,-5.197524499999999,2.0005566,-6.952914849999999,0.6,0.0,2.0,0,ble
person_b_session_01,right_medial_load,high,2026-08-14T21:44:03.192+08:00,1786715043192,right,foot_right_001,2402087,343640623,0.0686,0.0,0.0,0.1324,0.0054,0.0745,31.16,31.92,25.27,32.8,3.6971070499999996,3.6971070499999996,-6.9038816,-6.1,-0.9,-1.0,0,ble
person_b_session_01,right_medial_load,high,2026-08-14T21:44:03.388+08:00,1786715043388,left,foot_left_001,2402087,343640624,0.0295,0.0,0.0144,0.0076,0.0,0.0825,31.54,32.62,32.15,32.77,-5.1779112,1.96133,-6.97252815,0.7,0.0,2.1,0,ble
person_b_session_01,right_medial_load,high,2026-08-14T21:44:03.392+08:00,1786715043392,right,foot_right_001,2402087,343640624,0.073,0.0,0.0,0.1382,0.0046,0.072,31.19,31.98,25.27,32.8,3.6774937499999996,3.7167203499999997,-6.9627215,-5.9,-1.0,-1.3,0,ble
person_b_session_01,right_medial_load,high,2026-08-14T21:44:03.588+08:00,1786715043588,left,foot_left_001,2402087,343640625,0.03,0.0,0.0142,0.0083,0.0,0.0835,31.54,32.65,32.15,32.8,-5.18771785,1.9907499499999999,-6.9234949,0.7,0.2,2.0,0,ble
person_b_session_01,right_medial_load,high,2026-08-14T21:44:03.592+08:00,1786715043592,right,foot_right_001,2402087,343640625,0.073,0.0,0.0,0.1399,0.0049,0.0747,31.19,31.98,25.27,32.83,3.7265269999999995,3.7363336499999997,-6.982334799999999,-6.3,-0.9,-1.3,0,ble
person_b_session_01,right_medial_load,high,2026-08-14T21:44:03.788+08:00,1786715043788,left,foot_left_001,2402087,343640626,0.0288,0.0,0.0132,0.0071,0.0,0.0845,31.54,32.65,32.15,32.8,-5.20733115,1.9907499499999999,-6.9038816,0.6,0.2,2.2,0,ble
person_b_session_01,right_medial_load,high,2026-08-14T21:44:03.792+08:00,1786715043792,right,foot_right_001,2402087,343640626,0.0723,0.0,0.0002,0.1426,0.0049,0.0759,31.19,31.92,25.27,32.8,3.6676870999999998,3.7167203499999997,-6.982334799999999,-6.2,-1.0,-1.5,0,ble
person_b_session_01,right_medial_load,high,2026-08-14T21:44:03.988+08:00,1786715043988,left,foot_left_001,2402087,343640627,0.0274,0.0,0.0129,0.0061,0.0,0.085,31.54,32.65,32.15,32.77,-5.2171378,1.9907499499999999,-6.952914849999999,0.7,0.2,2.1,0,ble
person_b_session_01,right_medial_load,high,2026-08-14T21:44:03.992+08:00,1786715043992,right,foot_right_001,2402087,343640627,0.0713,0.0,0.0002,0.1429,0.0056,0.0777,31.19,31.92,25.27,32.8,3.7069136999999994,3.7559469499999993,-6.943108199999999,-6.2,-0.7,-1.2,0,ble
person_b_session_01,right_medial_load,high,2026-08-14T21:44:04.188+08:00,1786715044188,left,foot_left_001,2402087,343640628,0.0291,0.0,0.0142,0.0071,0.0,0.0835,31.54,32.62,32.15,32.77,-5.18771785,1.9809432999999999,-6.97252815,0.7,0.2,2.0,0,ble
person_b_session_01,right_medial_load,high,2026-08-14T21:44:04.192+08:00,1786715044192,right,foot_right_001,2402087,343640628,0.074,0.0,0.0,0.1431,0.0059,0.0759,31.19,31.92,25.27,32.8,3.7265269999999995,3.7167203499999997,-6.9627215,-6.3,-0.8,-1.3,0,ble
person_b_session_01,right_medial_load,high,2026-08-14T21:44:04.388+08:00,1786715044388,left,foot_left_001,2402087,343640629,0.03,0.0,0.0151,0.0083,0.0,0.0833,31.54,32.65,32.15,32.8,-5.197524499999999,2.0005566,-6.943108199999999,0.7,0.1,2.2,0,ble
person_b_session_01,right_medial_load,high,2026-08-14T21:44:04.392+08:00,1786715044392,right,foot_right_001,2402087,343640629,0.0733,0.0,0.0007,0.1438,0.0063,0.0757,31.19,31.92,25.27,32.8,3.7167203499999997,3.7265269999999995,-6.943108199999999,-6.3,-0.9,-1.3,0,ble
person_b_session_01,right_medial_load,high,2026-08-14T21:44:04.588+08:00,1786715044588,left,foot_left_001,2402087,343640630,0.03,0.0,0.0156,0.0088,0.0,0.0845,31.54,32.65,32.15,32.77,-5.1779112,2.0005566,-6.952914849999999,0.6,0.2,2.2,0,ble
person_b_session_01,right_medial_load,high,2026-08-14T21:44:04.592+08:00,1786715044592,right,foot_right_001,2402087,343640630,0.0716,0.0,0.001,0.1448,0.0059,0.0752,31.19,31.92,25.27,32.8,3.7069136999999994,3.7069136999999994,-6.952914849999999,-6.2,-1.0,-1.3,0,ble
person_b_session_01,right_medial_load,high,2026-08-14T21:44:04.788+08:00,1786715044788,left,foot_left_001,2402087,343640631,0.0286,0.0,0.0142,0.0071,0.0002,0.0869,31.57,32.65,32.15,32.8,-5.1779112,1.9907499499999999,-6.9234949,0.7,0.2,2.2,0,ble
person_b_session_01,right_medial_load,high,2026-08-14T21:44:04.792+08:00,1786715044792,right,foot_right_001,2402087,343640631,0.0716,0.0,0.0007,0.1433,0.0059,0.0757,31.19,31.98,25.27,32.83,3.6873004,3.7069136999999994,-6.9627215,-6.3,-1.0,-1.3,0,ble
person_b_session_01,right_medial_load,high,2026-08-14T21:44:04.988+08:00,1786715044988,left,foot_left_001,2402087,343640632,0.0259,0.0,0.0125,0.0061,0.0002,0.0874,31.54,32.62,32.15,32.77,-5.197524499999999,1.9907499499999999,-6.952914849999999,0.7,0.2,2.1,0,ble
person_b_session_01,right_medial_load,high,2026-08-14T21:44:04.992+08:00,1786715044992,right,foot_right_001,2402087,343640632,0.0701,0.0,0.0002,0.1399,0.0063,0.0772,31.19,31.92,25.27,32.8,3.6873004,3.7167203499999997,-6.9234949,-6.3,-0.9,-1.3,0,ble
person_b_session_01,right_medial_load,high,2026-08-14T21:44:05.188+08:00,1786715045188,left,foot_left_001,2402087,343640633,0.0254,0.0,0.011,0.0054,0.0,0.0879,31.54,32.62,32.15,32.77,-5.20733115,1.9809432999999999,-6.952914849999999,0.7,0.3,2.1,0,ble
person_b_session_01,right_medial_load,high,2026-08-14T21:44:05.192+08:00,1786715045192,right,foot_right_001,2402087,343640633,0.0679,0.0,0.0,0.1387,0.0063,0.0789,31.19,31.98,25.27,32.8,3.6873004,3.7167203499999997,-7.011754749999999,-6.3,-0.8,-1.5,0,ble
person_b_session_01,right_medial_load,high,2026-08-14T21:44:05.388+08:00,1786715045388,left,foot_left_001,2402087,343640634,0.0249,0.0,0.0107,0.0044,0.0,0.0882,31.54,32.62,32.12,32.71,-5.1779112,2.0005566,-6.913688249999999,0.7,0.2,2.1,0,ble
person_b_session_01,right_medial_load,high,2026-08-14T21:44:05.392+08:00,1786715045392,right,foot_right_001,2402087,343640634,0.0652,0.0,0.0002,0.1387,0.0063,0.0799,31.16,31.92,25.25,32.8,3.6873004,3.7265269999999995,-6.9627215,-6.2,-0.6,-1.1,0,ble
person_b_session_01,right_medial_load,high,2026-08-14T21:44:05.588+08:00,1786715045588,left,foot_left_001,2402087,343640635,0.0242,0.0,0.0103,0.0042,0.0,0.0877,31.54,32.65,32.15,32.77,-5.18771785,1.9711366499999998,-6.9627215,0.6,0.2,2.1,0,ble
person_b_session_01,right_medial_load,high,2026-08-14T21:44:05.592+08:00,1786715045592,right,foot_right_001,2402087,343640635,0.0681,0.0,0.0005,0.1392,0.0063,0.0791,31.16,31.95,25.25,32.8,3.7069136999999994,3.7167203499999997,-6.97252815,-6.3,-0.8,-1.3,0,ble
person_b_session_01,right_medial_load,high,2026-08-14T21:44:05.788+08:00,1786715045788,left,foot_left_001,2402087,343640636,0.0227,0.0,0.0095,0.0044,0.0,0.0879,31.57,32.65,32.15,32.8,-5.197524499999999,1.9711366499999998,-6.9038816,0.8,0.3,2.1,0,ble
person_b_session_01,right_medial_load,high,2026-08-14T21:44:05.792+08:00,1786715045792,right,foot_right_001,2402087,343640636,0.0642,0.0,0.0005,0.138,0.0063,0.0801,31.19,31.92,25.27,32.83,3.6676870999999998,3.7461402999999995,-6.97252815,-6.3,-1.1,-1.5,0,ble
person_b_session_01,right_medial_load,high,2026-08-14T21:44:05.988+08:00,1786715045988,left,foot_left_001,2402087,343640637,0.0225,0.0,0.0103,0.0044,0.0,0.0879,31.54,32.65,32.15,32.77,-5.16810455,1.9907499499999999,-6.97252815,0.7,0.1,2.1,0,ble
person_b_session_01,right_medial_load,high,2026-08-14T21:44:05.992+08:00,1786715045992,right,foot_right_001,2402087,343640637,0.0637,0.0,0.0002,0.1372,0.0059,0.0801,31.19,31.92,25.27,32.83,3.6774937499999996,3.7363336499999997,-6.943108199999999,-6.3,-0.9,-1.3,0,ble
person_b_session_01,right_medial_load,high,2026-08-14T21:44:06.188+08:00,1786715046188,left,foot_left_001,2402087,343640638,0.0227,0.0,0.01,0.0046,0.0,0.0879,31.54,32.65,32.15,32.77,-5.1582979,2.0005566,-6.982334799999999,0.6,0.2,2.1,0,ble
person_b_session_01,right_medial_load,high,2026-08-14T21:44:06.192+08:00,1786715046192,right,foot_right_001,2402087,343640638,0.0618,0.0,0.0002,0.1382,0.0061,0.0801,31.19,31.92,25.27,32.83,3.6971070499999996,3.7265269999999995,-6.943108199999999,-6.2,-0.9,-1.3,0,ble
person_b_session_01,right_medial_load,high,2026-08-14T21:44:06.388+08:00,1786715046388,left,foot_left_001,2402087,343640639,0.0222,0.0,0.0098,0.0046,0.0,0.0882,31.57,32.65,32.15,32.8,-5.18771785,1.9711366499999998,-6.943108199999999,0.7,0.1,2.1,0,ble
person_b_session_01,right_medial_load,high,2026-08-14T21:44:06.392+08:00,1786715046392,right,foot_right_001,2402087,343640639,0.0586,0.0,0.0,0.1355,0.0061,0.0806,31.19,31.92,25.27,32.83,3.6971070499999996,3.7657536,-6.97252815,-6.6,-0.9,-1.5,0,ble
person_b_session_01,right_medial_load,high,2026-08-14T21:44:06.588+08:00,1786715046588,left,foot_left_001,2402087,343640640,0.0208,0.0,0.0083,0.0029,0.0,0.0886,31.54,32.65,32.15,32.8,-5.197524499999999,1.9809432999999999,-6.913688249999999,0.7,0.2,2.2,0,ble
person_b_session_01,right_medial_load,high,2026-08-14T21:44:06.592+08:00,1786715046592,right,foot_right_001,2402087,343640640,0.0569,0.0,0.0,0.1336,0.0066,0.0813,31.16,31.95,25.27,32.8,3.6873004,3.7559469499999993,-6.943108199999999,-6.3,-0.9,-1.4,0,ble
person_b_session_01,right_medial_load,high,2026-08-14T21:44:06.788+08:00,1786715046788,left,foot_left_001,2402087,343640641,0.0176,0.0,0.0056,0.0034,0.0,0.0889,31.57,32.65,32.15,32.8,-5.14849125,1.9809432999999999,-6.9333015499999995,0.6,0.1,2.2,0,ble
person_b_session_01,right_medial_load,high,2026-08-14T21:44:06.792+08:00,1786715046792,right,foot_right_001,2402087,343640641,0.0564,0.0,0.0,0.1306,0.0066,0.0808,31.16,31.95,25.27,32.8,3.7559469499999993,3.7853669,-6.894074949999999,-6.4,-0.9,-1.3,0,ble
person_b_session_01,right_medial_load,high,2026-08-14T21:44:06.988+08:00,1786715046988,left,foot_left_001,2402087,343640642,0.0137,0.0,0.0044,0.0022,0.0,0.0884,31.57,32.65,32.15,32.8,-5.1582979,2.0103632499999997,-6.952914849999999,0.7,0.1,2.2,0,ble
person_b_session_01,right_medial_load,high,2026-08-14T21:44:06.992+08:00,1786715046992,right,foot_right_001,2402087,343640642,0.0525,0.0,0.0,0.1258,0.0068,0.0806,31.16,31.95,25.27,32.8,3.6873004,3.7069136999999994,-6.952914849999999,-6.6,-0.8,-1.4,0,ble
person_b_session_01,right_medial_load,high,2026-08-14T21:44:07.188+08:00,1786715047188,left,foot_left_001,2402087,343640643,0.0127,0.0,0.0032,0.0022,0.0,0.0889,31.57,32.65,32.15,32.77,-5.1386845999999995,2.0005566,-6.894074949999999,0.6,0.0,2.1,0,ble
person_b_session_01,right_medial_load,high,2026-08-14T21:44:07.192+08:00,1786715047192,right,foot_right_001,2402087,343640643,0.0464,0.0,0.0,0.1155,0.0068,0.0806,31.19,31.95,25.27,32.8,3.6971070499999996,3.7265269999999995,-6.952914849999999,-6.3,-1.0,-1.3,0,ble
person_b_session_01,right_medial_load,high,2026-08-14T21:44:07.388+08:00,1786715047388,left,foot_left_001,2402087,343640644,0.0107,0.0,0.0032,0.0015,0.0,0.0896,31.57,32.65,32.15,32.8,-5.16810455,2.0005566,-6.9333015499999995,0.6,0.2,2.1,0,ble
person_b_session_01,right_medial_load,high,2026-08-14T21:44:07.392+08:00,1786715047392,right,foot_right_001,2402087,343640644,0.0484,0.0,0.0,0.1158,0.0071,0.0808,31.16,31.92,25.27,32.83,3.6774937499999996,3.7657536,-6.9627215,-6.3,-0.8,-1.3,0,ble
person_b_session_01,right_medial_load,high,2026-08-14T21:44:07.588+08:00,1786715047588,left,foot_left_001,2402087,343640645,0.0115,0.0,0.0024,0.0017,0.0,0.0906,31.57,32.65,32.15,32.8,-5.1779112,1.96133,-6.952914849999999,0.7,0.2,2.1,0,ble
person_b_session_01,right_medial_load,high,2026-08-14T21:44:07.592+08:00,1786715047592,right,foot_right_001,2402087,343640645,0.0454,0.0,0.0,0.115,0.0063,0.0825,31.19,31.95,25.27,32.8,3.7167203499999997,3.7461402999999995,-7.0019481,-6.2,-0.8,-1.5,0,ble
person_b_session_01,right_medial_load,high,2026-08-14T21:44:07.788+08:00,1786715047788,left,foot_left_001,2402087,343640646,0.0107,0.0,0.0017,0.0015,0.0,0.0916,31.57,32.65,32.15,32.8,-5.18771785,1.9711366499999998,-6.9234949,0.7,0.1,2.2,0,ble
person_b_session_01,right_medial_load,high,2026-08-14T21:44:07.792+08:00,1786715047792,right,foot_right_001,2402087,343640646,0.0427,0.0,0.0,0.1094,0.0063,0.0845,31.19,31.95,25.27,32.83,3.6873004,3.7461402999999995,-6.952914849999999,-6.3,-0.8,-1.2,0,ble
person_b_session_01,right_medial_load,high,2026-08-14T21:44:07.988+08:00,1786715047988,left,foot_left_001,2402087,343640647,0.0132,0.0,0.002,0.0022,0.0,0.0916,31.54,32.65,32.15,32.77,-5.18771785,1.9809432999999999,-6.952914849999999,0.8,0.1,2.0,0,ble
person_b_session_01,right_medial_load,high,2026-08-14T21:44:07.992+08:00,1786715047992,right,foot_right_001,2402087,343640647,0.0462,0.0,0.0,0.114,0.0063,0.083,31.16,31.95,25.27,32.8,3.7167203499999997,3.7657536,-6.9234949,-6.1,-0.9,-1.2,0,ble
person_b_session_01,right_medial_load,high,2026-08-14T21:44:08.188+08:00,1786715048188,left,foot_left_001,2402087,343640648,0.0164,0.0,0.0037,0.0024,0.0,0.0916,31.57,32.65,32.15,32.8,-5.197524499999999,1.9711366499999998,-6.9333015499999995,0.7,0.1,2.1,0,ble
person_b_session_01,right_medial_load,high,2026-08-14T21:44:08.196+08:00,1786715048196,right,foot_right_001,2402087,343640648,0.0508,0.0,0.0,0.1177,0.0066,0.083,31.19,31.95,25.27,32.8,3.7069136999999994,3.7853669,-6.97252815,-6.4,-0.8,-1.2,0,ble
person_b_session_01,right_medial_load,high,2026-08-14T21:44:08.388+08:00,1786715048388,left,foot_left_001,2402087,343640649,0.0178,0.0,0.0056,0.0032,0.0,0.0913,31.54,32.65,32.15,32.8,-5.18771785,1.9907499499999999,-6.9627215,0.6,0.0,2.1,0,ble
person_b_session_01,right_medial_load,high,2026-08-14T21:44:08.396+08:00,1786715048396,right,foot_right_001,2402087,343640649,0.0523,0.0,0.0002,0.1214,0.0068,0.0808,31.16,31.86,25.27,32.8,3.7167203499999997,4.10898635,-6.541035549999999,-6.4,-0.8,-1.2,0,ble
person_b_session_01,right_medial_load,high,2026-08-14T21:44:08.588+08:00,1786715048588,left,foot_left_001,2402087,343640650,0.0188,0.0,0.0066,0.0039,0.0,0.0913,31.57,32.62,32.15,32.77,-5.1779112,1.9907499499999999,-6.9234949,0.8,0.1,2.0,0,ble
person_b_session_01,right_medial_load,high,2026-08-14T21:44:08.596+08:00,1786715048596,right,foot_right_001,2402087,343640650,0.054,0.0,0.0,0.1231,0.0068,0.0806,31.16,31.95,25.27,32.8,3.7265269999999995,3.2754211,-7.1392412,-6.3,-0.7,-1.3,0,ble
person_b_session_01,right_medial_load,high,2026-08-14T21:44:08.788+08:00,1786715048788,left,foot_left_001,2402087,343640651,0.0205,0.0,0.0085,0.0044,0.0,0.0906,31.57,32.65,32.15,32.8,-5.197524499999999,1.9711366499999998,-6.943108199999999,0.7,0.1,2.0,0,ble
person_b_session_01,right_medial_load,high,2026-08-14T21:44:08.796+08:00,1786715048796,right,foot_right_001,2402087,343640651,0.0537,0.0,0.0,0.1253,0.0066,0.0816,31.16,31.86,25.27,32.8,3.7363336499999997,3.93246665,-6.56064885,-6.1,-1.0,-1.3,0,ble
person_b_session_01,right_medial_load,high,2026-08-14T21:44:08.988+08:00,1786715048988,left,foot_left_001,2402087,343640652,0.021,0.0,0.009,0.0046,0.0,0.0908,31.57,32.65,32.15,32.8,-5.197524499999999,1.9907499499999999,-6.9333015499999995,0.6,0.1,2.1,0,ble
person_b_session_01,right_medial_load,high,2026-08-14T21:44:08.996+08:00,1786715048996,right,foot_right_001,2402087,343640652,0.0542,0.0,0.0,0.1241,0.0068,0.0823,31.16,31.95,25.27,32.8,3.6578804499999995,4.10898635,-6.9627215,-6.1,-1.1,-1.2,0,ble
person_b_session_01,right_medial_load,high,2026-08-14T21:44:09.188+08:00,1786715049188,left,foot_left_001,2402087,343640653,0.021,0.0,0.0088,0.0046,0.0,0.0913,31.57,32.65,32.15,32.8,-5.197524499999999,2.0005566,-6.943108199999999,0.6,0.1,2.1,0,ble
person_b_session_01,right_medial_load,high,2026-08-14T21:44:09.196+08:00,1786715049196,right,foot_right_001,2402087,343640653,0.054,0.0,0.0002,0.1255,0.0068,0.083,31.16,31.86,25.27,32.8,3.63826715,3.26561445,-7.16866115,-6.3,-0.7,-1.4,0,ble
person_b_session_01,right_medial_load,high,2026-08-14T21:44:09.388+08:00,1786715049388,left,foot_left_001,2402087,343640654,0.021,0.0,0.009,0.0046,0.0,0.0918,31.57,32.65,32.15,32.8,-5.197524499999999,2.04958985,-6.894074949999999,0.3,-0.3,2.1,0,ble
person_b_session_01,right_medial_load,high,2026-08-14T21:44:09.396+08:00,1786715049396,right,foot_right_001,2402087,343640654,0.053,0.0,0.0002,0.1243,0.0068,0.083,31.16,31.95,25.27,32.8,3.6676870999999998,3.59904055,-6.756781849999999,-6.1,-0.9,-1.4,0,ble
person_b_session_01,right_medial_load,high,2026-08-14T21:44:09.588+08:00,1786715049588,left,foot_left_001,2402087,343640655,0.0215,0.0,0.009,0.0042,0.0,0.0918,31.57,32.65,32.15,32.8,-5.1386845999999995,1.95152335,-6.9333015499999995,0.3,-0.1,2.1,0,ble
person_b_session_01,right_medial_load,high,2026-08-14T21:44:09.596+08:00,1786715049596,right,foot_right_001,2402087,343640655,0.0462,0.0,0.0002,0.1187,0.0059,0.0867,31.16,31.86,25.27,32.8,3.7265269999999995,3.8245934999999998,-6.50180895,-7.3,-0.3,-1.4,0,ble
person_b_session_01,right_medial_load,high,2026-08-14T21:44:09.788+08:00,1786715049788,left,foot_left_001,2402087,343640656,0.022,0.0,0.0093,0.0044,0.0,0.0891,31.57,32.65,32.15,32.8,-5.2269444499999995,1.9711366499999998,-6.9234949,0.6,0.2,2.0,0,ble
person_b_session_01,right_medial_load,high,2026-08-14T21:44:09.796+08:00,1786715049796,right,foot_right_001,2402087,343640656,0.0415,0.0,0.0,0.0799,0.0059,0.0901,31.16,31.86,25.27,32.8,3.7461402999999995,3.6873004,-7.894353249999999,-8.8,0.2,-1.0,0,ble
person_b_session_01,right_medial_load,high,2026-08-14T21:44:09.986+08:00,1786715049986,right,foot_right_001,2402087,343640657,0.0325,0.0,0.0,0.0427,0.0042,0.0845,31.16,31.86,25.27,32.8,3.6774937499999996,3.8638201,-6.9234949,-6.6,-0.8,-2.6,0,ble
person_b_session_01,right_medial_load,high,2026-08-14T21:44:09.988+08:00,1786715049988,left,foot_left_001,2402087,343640657,0.0225,0.0,0.0095,0.0046,0.0,0.0904,31.57,32.65,32.15,32.8,-5.197524499999999,2.0005566,-6.9627215,1.0,0.6,2.2,0,ble
person_b_session_01,right_lateral_load,high,2026-08-14T21:44:10.188+08:00,1786715050188,left,foot_left_001,2402087,343640658,0.0244,0.0,0.0115,0.0054,0.0,0.0901,31.57,32.65,32.15,32.8,-5.1779112,1.96133,-6.9333015499999995,0.7,-0.3,1.8,0,ble
person_b_session_01,right_lateral_load,high,2026-08-14T21:44:10.196+08:00,1786715050196,right,foot_right_001,2402087,343640658,0.0335,0.0,0.001,0.0405,0.0066,0.0855,31.16,31.86,25.27,32.8,3.85401345,3.9030467,-6.83523505,-5.9,-1.1,-1.4,0,ble
person_b_session_01,right_lateral_load,high,2026-08-14T21:44:10.388+08:00,1786715050388,left,foot_left_001,2402087,343640659,0.0342,0.0,0.0188,0.0073,0.0002,0.0764,31.57,32.65,32.15,32.8,-5.236751099999999,2.0103632499999997,-6.9038816,0.4,-0.5,1.8,0,ble
person_b_session_01,right_lateral_load,high,2026-08-14T21:44:10.396+08:00,1786715050396,right,foot_right_001,2402087,343640659,0.0332,0.0,0.0012,0.0425,0.0066,0.0869,31.16,31.86,25.27,32.8,3.7853669,3.85401345,-6.913688249999999,-6.4,-0.7,-1.4,0,ble
person_b_session_01,right_lateral_load,high,2026-08-14T21:44:10.588+08:00,1786715050588,left,foot_left_001,2402087,343640660,0.0408,0.0,0.023,0.0093,0.0002,0.075,31.57,32.65,32.15,32.8,-5.2171378,1.9907499499999999,-6.9234949,0.9,0.3,2.0,0,ble
person_b_session_01,right_lateral_load,high,2026-08-14T21:44:10.596+08:00,1786715050596,right,foot_right_001,2402087,343640660,0.0283,0.0,0.0,0.0178,0.0083,0.0757,31.16,31.86,25.27,32.8,3.87362675,3.99130655,-6.7665885,-7.7,0.1,-1.6,0,ble
person_b_session_01,right_lateral_load,high,2026-08-14T21:44:10.788+08:00,1786715050788,left,foot_left_001,2402087,343640661,0.0339,0.0,0.0208,0.009,0.0002,0.0847,31.57,32.65,32.15,32.8,-5.20733115,1.96133,-6.9234949,0.6,0.1,2.2,0,ble
person_b_session_01,right_lateral_load,high,2026-08-14T21:44:10.796+08:00,1786715050796,right,foot_right_001,2402087,343640661,0.0134,0.0,0.0,0.0,0.0127,0.0611,31.16,31.95,25.27,32.8,3.79517355,3.9814998999999998,-6.7960084499999995,-8.5,0.2,-2.0,0,ble
person_b_session_01,right_lateral_load,high,2026-08-14T21:44:10.988+08:00,1786715050988,left,foot_left_001,2402087,343640662,0.0342,0.0,0.0212,0.0093,0.0002,0.0886,31.57,32.65,32.15,32.8,-5.18771785,2.0005566,-6.894074949999999,0.7,0.4,2.2,0,ble
person_b_session_01,right_lateral_load,high,2026-08-14T21:44:10.996+08:00,1786715050996,right,foot_right_001,2402087,343640662,0.0044,0.0,0.0,0.0,0.0154,0.053,31.19,31.95,25.27,32.8,3.8245934999999998,4.05014645,-6.83523505,-9.6,-0.8,-2.6,0,ble
person_b_session_01,right_lateral_load,high,2026-08-14T21:44:11.188+08:00,1786715051188,left,foot_left_001,2402087,343640663,0.0298,0.0,0.021,0.0095,0.0002,0.0913,31.57,32.65,32.15,32.8,-5.24655775,1.95152335,-6.992141449999999,1.0,-0.1,1.8,0,ble
person_b_session_01,right_lateral_load,high,2026-08-14T21:44:11.189+08:00,1786715051189,right,foot_right_001,2402087,343640663,0.0007,0.0022,0.0,0.0,0.019,0.0418,31.19,31.92,25.33,32.8,3.79517355,4.2756994,-6.6194887499999995,-9.1,-2.9,-3.2,0,ble
person_b_session_01,right_lateral_load,high,2026-08-14T21:44:11.388+08:00,1786715051388,left,foot_left_001,2402087,343640664,0.0293,0.0,0.0215,0.01,0.0,0.0874,31.57,32.65,32.15,32.83,-5.20733115,2.0103632499999997,-6.992141449999999,0.5,-0.2,2.1,0,ble
person_b_session_01,right_lateral_load,high,2026-08-14T21:44:11.389+08:00,1786715051389,right,foot_right_001,2402087,343640664,0.0,0.0154,0.0,0.0,0.0222,0.0349,31.19,31.92,25.27,32.8,4.069759749999999,4.1776329,-5.48191735,-12.5,-1.7,-1.8,0,ble
person_b_session_01,right_lateral_load,high,2026-08-14T21:44:11.588+08:00,1786715051588,left,foot_left_001,2402087,343640665,0.0242,0.0,0.0139,0.0056,0.0,0.0847,31.57,32.62,32.15,32.8,-5.16810455,1.9221034,-6.952914849999999,0.6,0.2,2.3,0,ble
person_b_session_01,right_lateral_load,high,2026-08-14T21:44:11.589+08:00,1786715051589,right,foot_right_001,2402087,343640665,0.0012,0.0386,0.0,0.0,0.0222,0.0325,31.19,31.92,25.25,32.77,4.5698989,4.63854545,-5.472110699999999,-19.7,2.6,-4.8,0,ble
person_b_session_01,right_lateral_load,high,2026-08-14T21:44:11.788+08:00,1786715051788,left,foot_left_001,2402087,343640666,0.0183,0.0,0.0105,0.0049,0.0,0.0794,31.57,32.62,32.15,32.8,-5.18771785,1.9711366499999998,-6.913688249999999,0.7,-0.2,1.8,0,ble
person_b_session_01,right_lateral_load,high,2026-08-14T21:44:11.789+08:00,1786715051789,right,foot_right_001,2402087,343640666,0.0046,0.0562,0.0,0.0,0.0252,0.0308,31.22,31.92,25.25,32.77,3.8245934999999998,4.903325,-5.295590999999999,-3.9,-1.1,0.4,0,ble
person_b_session_01,right_lateral_load,high,2026-08-14T21:44:11.988+08:00,1786715051988,left,foot_left_001,2402087,343640667,0.0171,0.0,0.0083,0.0042,0.0,0.074,31.57,32.65,32.15,32.8,-5.20733115,1.9907499499999999,-6.9627215,0.3,-0.4,2.2,0,ble
person_b_session_01,right_lateral_load,high,2026-08-14T21:44:11.989+08:00,1786715051989,right,foot_right_001,2402087,343640667,0.0071,0.0796,0.002,0.0,0.0266,0.0237,31.19,31.92,25.25,32.71,3.7363336499999997,4.9131316499999995,-4.8248717999999995,-13.2,3.1,-2.2,0,ble
person_b_session_01,right_lateral_load,high,2026-08-14T21:44:12.188+08:00,1786715052188,left,foot_left_001,2402087,343640668,0.02,0.0,0.0132,0.0059,0.0,0.0652,31.57,32.62,32.15,32.8,-5.20733115,2.0299765499999998,-6.874461649999999,0.5,-0.2,2.0,0,ble
person_b_session_01,right_lateral_load,high,2026-08-14T21:44:12.189+08:00,1786715052189,right,foot_right_001,2402087,343640668,0.0078,0.0974,0.0037,0.0,0.0252,0.0149,31.19,31.92,25.22,32.71,4.6483521,5.0406181,-4.20705285,-13.4,2.1,-2.6,0,ble
person_b_session_01,right_lateral_load,high,2026-08-14T21:44:12.388+08:00,1786715052388,left,foot_left_001,2402087,343640669,0.0252,0.0,0.0193,0.0068,0.0,0.0574,31.57,32.65,32.15,32.8,-5.2269444499999995,2.0201699,-6.874461649999999,0.6,-0.4,2.1,0,ble
person_b_session_01,right_lateral_load,high,2026-08-14T21:44:12.389+08:00,1786715052389,right,foot_right_001,2402087,343640669,0.0063,0.1016,0.0059,0.0,0.0266,0.0149,31.19,31.92,25.19,32.71,3.83440015,6.001669799999999,-7.5707338,-7.3,-0.5,-2.0,0,ble
person_b_session_01,right_lateral_load,high,2026-08-14T21:44:12.588+08:00,1786715052588,left,foot_left_001,2402087,343640670,0.0261,0.0,0.0212,0.0081,0.0,0.0571,31.57,32.62,32.15,32.8,-5.26617105,2.04958985,-6.874461649999999,0.5,-0.4,2.0,0,ble
person_b_session_01,right_lateral_load,high,2026-08-14T21:44:12.589+08:00,1786715052589,right,foot_right_001,2402087,343640670,0.0066,0.1045,0.0056,0.0,0.0266,0.0127,31.19,31.98,25.19,32.71,3.2852277500000002,5.0406181,-5.099457999999999,-7.2,-0.7,-1.4,0,ble
person_b_session_01,right_lateral_load,high,2026-08-14T21:44:12.788+08:00,1786715052788,left,foot_left_001,2402087,343640671,0.0288,0.0,0.0227,0.0071,0.0,0.0527,31.57,32.65,32.15,32.8,-5.24655775,1.9809432999999999,-6.943108199999999,0.9,0.2,2.1,0,ble
person_b_session_01,right_lateral_load,high,2026-08-14T21:44:12.789+08:00,1786715052789,right,foot_right_001,2402087,343640671,0.0068,0.1065,0.0061,0.0,0.0259,0.0105,31.19,31.92,25.19,32.71,4.1482129500000005,5.42307745,-6.178189499999999,-6.3,-0.7,-1.1,0,ble
person_b_session_01,right_lateral_load,high,2026-08-14T21:44:12.988+08:00,1786715052988,left,foot_left_001,2402087,343640672,0.0269,0.0,0.0227,0.0068,0.0,0.0562,31.6,32.65,32.15,32.83,-5.236751099999999,2.0299765499999998,-6.894074949999999,0.6,0.2,2.2,0,ble
person_b_session_01,right_lateral_load,high,2026-08-14T21:44:12.989+08:00,1786715052989,right,foot_right_001,2402087,343640672,0.0061,0.1065,0.0066,0.0,0.0259,0.0144,31.22,31.98,25.19,32.65,4.01091985,5.413270799999999,-5.834956749999999,-6.4,-1.0,-1.4,0,ble
person_b_session_01,right_lateral_load,high,2026-08-14T21:44:13.188+08:00,1786715053188,left,foot_left_001,2402087,343640673,0.0256,0.0002,0.022,0.0068,0.0,0.0579,31.57,32.62,32.15,32.8,-5.197524499999999,1.96133,-6.9627215,0.9,0.7,2.2,0,ble
person_b_session_01,right_lateral_load,high,2026-08-14T21:44:13.189+08:00,1786715053189,right,foot_right_001,2402087,343640673,0.0056,0.107,0.0063,0.0,0.0254,0.0137,31.22,31.98,25.19,32.65,3.9814998999999998,5.42307745,-5.834956749999999,-6.0,-1.5,-1.5,0,ble
person_b_session_01,right_lateral_load,high,2026-08-14T21:44:13.388+08:00,1786715053388,left,foot_left_001,2402087,343640674,0.0252,0.0005,0.0215,0.0078,0.0002,0.0601,31.57,32.65,32.15,32.83,-5.20733115,2.0397832,-6.913688249999999,0.8,0.2,2.0,0,ble
person_b_session_01,right_lateral_load,high,2026-08-14T21:44:13.389+08:00,1786715053389,right,foot_right_001,2402087,343640674,0.0059,0.1072,0.0059,0.0,0.0256,0.0147,31.22,31.98,25.16,32.65,4.03053315,5.44269075,-5.8251501,-6.3,-0.8,-1.1,0,ble
person_b_session_01,right_lateral_load,high,2026-08-14T21:44:13.588+08:00,1786715053588,left,foot_left_001,2402087,343640675,0.0261,0.0005,0.0225,0.0085,0.0002,0.0601,31.57,32.65,32.15,32.8,-5.2269444499999995,2.0201699,-6.8842683,0.7,0.1,2.1,0,ble
person_b_session_01,right_lateral_load,high,2026-08-14T21:44:13.589+08:00,1786715053589,right,foot_right_001,2402087,343640675,0.0068,0.1072,0.0063,0.0,0.0259,0.0129,31.22,32.01,25.16,32.65,4.01091985,5.4524973999999995,-5.79573015,-6.7,-0.9,-1.4,0,ble
person_b_session_01,right_lateral_load,high,2026-08-14T21:44:13.788+08:00,1786715053788,left,foot_left_001,2402087,343640676,0.0254,0.0005,0.0212,0.0083,0.0002,0.0613,31.57,32.62,32.15,32.8,-5.2171378,2.0005566,-6.9038816,0.8,0.3,2.2,0,ble
person_b_session_01,right_lateral_load,high,2026-08-14T21:44:13.789+08:00,1786715053789,right,foot_right_001,2402087,343640676,0.0061,0.1067,0.0061,0.0,0.0264,0.0117,31.22,31.98,25.11,32.65,4.0011132,5.42307745,-5.8643767,-5.6,-1.1,-0.9,0,ble
person_b_session_01,right_lateral_load,high,2026-08-14T21:44:13.988+08:00,1786715053988,left,foot_left_001,2402087,343640677,0.0261,0.0005,0.0222,0.0085,0.0005,0.0611,31.57,32.62,32.15,32.8,-5.236751099999999,2.0005566,-6.9333015499999995,0.6,0.1,2.1,0,ble
person_b_session_01,right_lateral_load,high,2026-08-14T21:44:13.989+08:00,1786715053989,right,foot_right_001,2402087,343640677,0.0059,0.1074,0.0066,0.0,0.0264,0.0132,31.19,31.98,25.08,32.65,4.0011132,5.40346415,-5.834956749999999,-6.3,-1.0,-1.4,0,ble
person_b_session_01,right_lateral_load,high,2026-08-14T21:44:14.188+08:00,1786715054188,left,foot_left_001,2402087,343640678,0.0264,0.0005,0.0225,0.0088,0.0005,0.0615,31.57,32.62,32.15,32.8,-5.2269444499999995,2.0201699,-6.8842683,0.5,0.0,2.1,0,ble
person_b_session_01,right_lateral_load,high,2026-08-14T21:44:14.189+08:00,1786715054189,right,foot_right_001,2402087,343640678,0.0063,0.1079,0.0066,0.0,0.0259,0.012,31.22,32.01,25.11,32.65,4.020726499999999,5.40346415,-5.8055368,-6.0,-1.1,-1.3,0,ble
person_b_session_01,right_lateral_load,high,2026-08-14T21:44:14.388+08:00,1786715054388,left,foot_left_001,2402087,343640679,0.0261,0.0005,0.022,0.0088,0.0002,0.0618,31.57,32.65,32.15,32.83,-5.2269444499999995,2.0397832,-6.913688249999999,0.7,0.2,2.1,0,ble
person_b_session_01,right_lateral_load,high,2026-08-14T21:44:14.389+08:00,1786715054389,right,foot_right_001,2402087,343640679,0.0051,0.1079,0.0068,0.0,0.0271,0.0127,31.22,32.01,25.05,32.65,3.99130655,5.3936575,-5.88399,-5.7,-1.2,-1.3,0,ble
person_b_session_01,right_lateral_load,high,2026-08-14T21:44:14.588+08:00,1786715054588,left,foot_left_001,2402087,343640680,0.0266,0.0005,0.0234,0.0088,0.0002,0.0603,31.57,32.62,32.15,32.8,-5.20733115,2.0103632499999997,-6.83523505,0.6,-0.1,2.0,0,ble
person_b_session_01,right_lateral_load,high,2026-08-14T21:44:14.589+08:00,1786715054589,right,foot_right_001,2402087,343640680,0.0054,0.1087,0.0066,0.0,0.0266,0.0132,31.22,32.01,25.03,32.62,3.9814998999999998,5.413270799999999,-5.8251501,-6.9,-0.6,-1.3,0,ble
person_b_session_01,right_lateral_load,high,2026-08-14T21:44:14.788+08:00,1786715054788,left,foot_left_001,2402087,343640681,0.0281,0.0007,0.0242,0.0088,0.0002,0.0598,31.6,32.65,32.15,32.83,-5.2171378,2.0103632499999997,-6.894074949999999,0.7,0.1,2.1,0,ble
person_b_session_01,right_lateral_load,high,2026-08-14T21:44:14.789+08:00,1786715054789,right,foot_right_001,2402087,343640681,0.0049,0.1101,0.0071,0.0,0.0261,0.0115,31.22,32.01,25.03,32.62,3.9814998999999998,5.432884099999999,-5.8447634,-6.5,-0.9,-1.3,0,ble
person_b_session_01,right_lateral_load,high,2026-08-14T21:44:14.988+08:00,1786715054988,left,foot_left_001,2402087,343640682,0.0288,0.0007,0.0247,0.0085,0.0002,0.0579,31.57,32.65,32.15,32.83,-5.2269444499999995,2.0299765499999998,-6.9234949,0.7,0.2,2.1,0,ble
person_b_session_01,right_lateral_load,high,2026-08-14T21:44:14.989+08:00,1786715054989,right,foot_right_001,2402087,343640682,0.0049,0.1109,0.0071,0.0,0.0276,0.0115,31.22,32.01,25.0,32.59,4.020726499999999,5.40346415,-5.874183349999999,-7.0,-0.5,-1.2,0,ble
person_b_session_01,right_lateral_load,high,2026-08-14T21:44:15.188+08:00,1786715055188,left,foot_left_001,2402087,343640683,0.03,0.0002,0.0254,0.0078,0.0002,0.0545,31.57,32.62,32.15,32.83,-5.1779112,2.0103632499999997,-6.913688249999999,0.7,0.3,2.1,0,ble
person_b_session_01,right_lateral_load,high,2026-08-14T21:44:15.189+08:00,1786715055189,right,foot_right_001,2402087,343640683,0.0056,0.1121,0.0071,0.0,0.0266,0.0105,31.22,32.01,25.0,32.56,4.01091985,5.3936575,-5.8251501,-6.6,-0.7,-1.3,0,ble
person_b_session_01,right_lateral_load,high,2026-08-14T21:44:15.388+08:00,1786715055388,left,foot_left_001,2402087,343640684,0.0339,0.0,0.0266,0.0081,0.0007,0.0486,31.6,32.65,32.15,32.83,-5.24655775,2.0299765499999998,-6.854848349999999,0.6,0.1,2.1,0,ble
person_b_session_01,right_lateral_load,high,2026-08-14T21:44:15.389+08:00,1786715055389,right,foot_right_001,2402087,343640684,0.0054,0.1116,0.0076,0.0,0.0261,0.011,31.22,32.01,25.0,32.59,4.0011132,5.432884099999999,-5.815343449999999,-6.5,-0.9,-1.3,0,ble
person_b_session_01,right_lateral_load,high,2026-08-14T21:44:15.588+08:00,1786715055588,left,foot_left_001,2402087,343640685,0.0342,0.0,0.0274,0.009,0.0007,0.0488,31.57,32.65,32.15,32.83,-5.2171378,1.9711366499999998,-6.874461649999999,0.7,0.3,2.1,0,ble
person_b_session_01,right_lateral_load,high,2026-08-14T21:44:15.589+08:00,1786715055589,right,foot_right_001,2402087,343640685,0.0051,0.1123,0.0076,0.0,0.0269,0.0117,31.19,32.01,24.95,32.5,4.01091985,5.432884099999999,-5.834956749999999,-6.2,-1.0,-1.1,0,ble
person_b_session_01,right_lateral_load,high,2026-08-14T21:44:15.788+08:00,1786715055788,left,foot_left_001,2402087,343640686,0.033,0.0,0.0261,0.0088,0.0007,0.0508,31.57,32.62,32.15,32.83,-5.24655775,2.0103632499999997,-6.854848349999999,0.7,0.2,2.2,0,ble
person_b_session_01,right_lateral_load,high,2026-08-14T21:44:15.789+08:00,1786715055789,right,foot_right_001,2402087,343640686,0.0049,0.1123,0.0073,0.0,0.0281,0.0127,31.22,32.01,24.97,32.5,3.97169325,5.432884099999999,-5.79573015,-5.8,-1.1,-1.1,0,ble
person_b_session_01,right_lateral_load,high,2026-08-14T21:44:15.988+08:00,1786715055988,left,foot_left_001,2402087,343640687,0.0327,0.0,0.0261,0.0088,0.0007,0.0518,31.6,32.62,32.15,32.83,-5.2171378,2.0201699,-6.894074949999999,0.7,0.1,2.1,0,ble
person_b_session_01,right_lateral_load,high,2026-08-14T21:44:15.989+08:00,1786715055989,right,foot_right_001,2402087,343640687,0.0049,0.1121,0.0076,0.0,0.0278,0.0129,31.22,32.01,24.97,32.5,4.0011132,5.42307745,-5.8545700499999995,-6.1,-1.0,-1.1,0,ble
person_b_session_01,right_lateral_load,high,2026-08-14T21:44:16.188+08:00,1786715056188,left,foot_left_001,2402087,343640688,0.0332,0.0,0.0264,0.0093,0.001,0.0518,31.57,32.65,32.15,32.83,-5.20733115,2.0005566,-6.9333015499999995,0.7,0.1,2.1,0,ble
person_b_session_01,right_lateral_load,high,2026-08-14T21:44:16.189+08:00,1786715056189,right,foot_right_001,2402087,343640688,0.0051,0.1131,0.0076,0.0,0.0278,0.0122,31.22,32.01,24.97,32.5,3.9618865999999997,5.432884099999999,-5.815343449999999,-6.2,-1.1,-1.4,0,ble
person_b_session_01,right_lateral_load,high,2026-08-14T21:44:16.388+08:00,1786715056388,left,foot_left_001,2402087,343640689,0.0303,0.0,0.0254,0.0085,0.001,0.053,31.6,32.62,32.15,32.83,-5.20733115,2.0201699,-6.864655,0.7,0.4,2.2,0,ble
person_b_session_01,right_lateral_load,high,2026-08-14T21:44:16.389+08:00,1786715056389,right,foot_right_001,2402087,343640689,0.0042,0.114,0.0073,0.0,0.0288,0.0122,31.22,32.01,24.97,32.5,3.99130655,5.44269075,-5.8251501,-5.8,-1.2,-1.3,0,ble
person_b_session_01,right_lateral_load,high,2026-08-14T21:44:16.588+08:00,1786715056588,left,foot_left_001,2402087,343640690,0.0293,0.0,0.0252,0.0088,0.0007,0.0542,31.57,32.62,32.15,32.83,-5.18771785,2.0005566,-6.8842683,0.7,0.2,2.1,0,ble
person_b_session_01,right_lateral_load,high,2026-08-14T21:44:16.589+08:00,1786715056589,right,foot_right_001,2402087,343640690,0.0039,0.1143,0.0071,0.0,0.0293,0.011,31.22,32.01,24.97,32.5,4.01091985,5.4524973999999995,-5.8447634,-6.5,-0.6,-1.1,0,ble
person_b_session_01,right_lateral_load,high,2026-08-14T21:44:16.788+08:00,1786715056788,left,foot_left_001,2402087,343640691,0.0286,0.0,0.0247,0.0083,0.001,0.0554,31.57,32.62,32.15,32.8,-5.20733115,2.0201699,-6.894074949999999,0.6,0.2,2.1,0,ble
person_b_session_01,right_lateral_load,high,2026-08-14T21:44:16.789+08:00,1786715056789,right,foot_right_001,2402087,343640691,0.0042,0.114,0.0071,0.0,0.0298,0.0125,31.22,32.01,24.97,32.45,3.99130655,5.413270799999999,-5.8447634,-6.4,-0.8,-1.2,0,ble
person_b_session_01,right_lateral_load,high,2026-08-14T21:44:16.988+08:00,1786715056988,left,foot_left_001,2402087,343640692,0.0283,0.0002,0.0249,0.0081,0.0007,0.0567,31.6,32.62,32.15,32.83,-5.20733115,2.0005566,-6.9038816,0.7,0.1,2.0,0,ble
person_b_session_01,right_lateral_load,high,2026-08-14T21:44:16.989+08:00,1786715056989,right,foot_right_001,2402087,343640692,0.0042,0.1148,0.0071,0.0,0.0305,0.0122,31.22,32.01,24.97,32.45,3.97169325,5.42307745,-5.8545700499999995,-6.3,-0.9,-1.2,0,ble
person_b_session_01,right_lateral_load,high,2026-08-14T21:44:17.188+08:00,1786715057188,left,foot_left_001,2402087,343640693,0.0291,0.0002,0.0254,0.0088,0.001,0.0564,31.6,32.62,32.15,32.83,-5.20733115,2.0201699,-6.9038816,0.7,0.1,2.1,0,ble
person_b_session_01,right_lateral_load,high,2026-08-14T21:44:17.189+08:00,1786715057189,right,foot_right_001,2402087,343640693,0.0044,0.1155,0.0071,0.0,0.0305,0.0127,31.22,32.01,24.97,32.45,4.020726499999999,5.44269075,-5.8055368,-6.1,-1.0,-1.3,0,ble
person_b_session_01,right_lateral_load,high,2026-08-14T21:44:17.388+08:00,1786715057388,left,foot_left_001,2402087,343640694,0.0286,0.0002,0.0249,0.0081,0.0007,0.0571,31.6,32.62,32.15,32.83,-5.2171378,2.0201699,-6.8450416999999995,0.7,0.2,2.2,0,ble
person_b_session_01,right_lateral_load,high,2026-08-14T21:44:17.389+08:00,1786715057389,right,foot_right_001,2402087,343640694,0.0032,0.1148,0.0066,0.0,0.0308,0.0132,31.22,32.01,24.92,32.45,4.020726499999999,5.44269075,-5.8447634,-6.4,-1.1,-1.6,0,ble
person_b_session_01,right_lateral_load,high,2026-08-14T21:44:17.588+08:00,1786715057588,left,foot_left_001,2402087,343640695,0.0261,0.0,0.0225,0.0066,0.0005,0.0584,31.57,32.62,32.15,32.8,-5.197524499999999,2.0397832,-6.864655,0.4,-0.2,2.2,0,ble
person_b_session_01,right_lateral_load,high,2026-08-14T21:44:17.589+08:00,1786715057589,right,foot_right_001,2402087,343640695,0.0029,0.1145,0.0059,0.0,0.033,0.0134,31.22,32.03,24.92,32.45,3.97169325,5.432884099999999,-5.815343449999999,-6.3,-0.8,-1.2,0,ble
person_b_session_01,right_lateral_load,high,2026-08-14T21:44:17.788+08:00,1786715057788,left,foot_left_001,2402087,343640696,0.0249,0.0,0.0217,0.0066,0.0005,0.0596,31.57,32.62,32.15,32.8,-5.20733115,2.0005566,-6.9333015499999995,0.6,0.2,2.2,0,ble
person_b_session_01,right_lateral_load,high,2026-08-14T21:44:17.789+08:00,1786715057789,right,foot_right_001,2402087,343640696,0.0034,0.1145,0.0056,0.0,0.033,0.0129,31.22,32.03,24.92,32.47,3.9814998999999998,5.44269075,-5.8055368,-6.6,-1.0,-1.4,0,ble
person_b_session_01,right_lateral_load,high,2026-08-14T21:44:17.988+08:00,1786715057988,left,foot_left_001,2402087,343640697,0.0244,0.0,0.0215,0.0061,0.0002,0.0603,31.57,32.62,32.15,32.83,-5.236751099999999,2.0201699,-6.9333015499999995,0.6,0.0,2.1,0,ble
person_b_session_01,right_lateral_load,high,2026-08-14T21:44:17.989+08:00,1786715057989,right,foot_right_001,2402087,343640697,0.0039,0.114,0.0061,0.0,0.0327,0.0139,31.22,32.03,24.92,32.45,3.97169325,5.413270799999999,-5.834956749999999,-6.2,-1.2,-1.4,0,ble
person_b_session_01,right_lateral_load,high,2026-08-14T21:44:18.188+08:00,1786715058188,left,foot_left_001,2402087,343640698,0.0247,0.0,0.0212,0.0066,0.0002,0.0606,31.57,32.65,32.15,32.83,-5.24655775,2.0005566,-6.913688249999999,0.6,-0.2,2.0,0,ble
person_b_session_01,right_lateral_load,high,2026-08-14T21:44:18.189+08:00,1786715058189,right,foot_right_001,2402087,343640698,0.0037,0.1138,0.0061,0.0,0.033,0.0142,31.22,32.03,24.92,32.45,3.97169325,5.42307745,-5.8643767,-6.0,-0.6,-0.8,0,ble
person_b_session_01,right_lateral_load,high,2026-08-14T21:44:18.388+08:00,1786715058388,left,foot_left_001,2402087,343640699,0.0283,0.0,0.0252,0.0083,0.0005,0.0576,31.6,32.62,32.15,32.83,-5.2563644,2.0005566,-6.894074949999999,0.7,0.0,2.0,0,ble
person_b_session_01,right_lateral_load,high,2026-08-14T21:44:18.389+08:00,1786715058389,right,foot_right_001,2402087,343640699,0.0029,0.1158,0.0078,0.0,0.0327,0.0125,31.22,32.03,24.92,32.47,3.9814998999999998,5.44269075,-5.815343449999999,-6.2,-0.6,-1.0,0,ble
person_b_session_01,right_lateral_load,high,2026-08-14T21:44:18.588+08:00,1786715058588,left,foot_left_001,2402087,343640700,0.0293,0.0002,0.0259,0.0093,0.0007,0.0576,31.57,32.62,32.15,32.8,-5.2269444499999995,2.0005566,-6.874461649999999,0.7,0.0,2.1,0,ble
person_b_session_01,right_lateral_load,high,2026-08-14T21:44:18.589+08:00,1786715058589,right,foot_right_001,2402087,343640700,0.0046,0.1158,0.0085,0.0,0.0313,0.012,31.22,32.03,24.86,32.47,3.9814998999999998,5.3936575,-5.8643767,-5.8,-0.8,-0.8,0,ble
person_b_session_01,right_lateral_load,high,2026-08-14T21:44:18.788+08:00,1786715058788,left,foot_left_001,2402087,343640701,0.0317,0.0002,0.0271,0.0088,0.0007,0.0559,31.6,32.65,32.15,32.83,-5.2563644,2.0790097999999997,-6.9234949,0.7,0.0,2.0,0,ble
person_b_session_01,right_lateral_load,high,2026-08-14T21:44:18.789+08:00,1786715058789,right,foot_right_001,2402087,343640701,0.0044,0.1158,0.0085,0.0,0.0315,0.011,31.22,32.03,24.86,32.45,4.020726499999999,5.42307745,-5.874183349999999,-5.8,-1.1,-1.1,0,ble
person_b_session_01,right_lateral_load,high,2026-08-14T21:44:18.988+08:00,1786715058988,left,foot_left_001,2402087,343640702,0.0344,0.0002,0.0283,0.0081,0.0007,0.0537,31.6,32.62,32.15,32.83,-5.236751099999999,2.0103632499999997,-6.864655,0.7,0.0,2.1,0,ble
person_b_session_01,right_lateral_load,high,2026-08-14T21:44:18.989+08:00,1786715058989,right,foot_right_001,2402087,343640702,0.0037,0.1153,0.0083,0.0,0.0327,0.0129,31.22,32.03,24.86,32.45,4.01091985,5.432884099999999,-5.8545700499999995,-6.3,-0.9,-1.2,0,ble
person_b_session_01,right_lateral_load,high,2026-08-14T21:44:19.188+08:00,1786715059188,left,foot_left_001,2402087,343640703,0.0344,0.0002,0.0281,0.0088,0.0007,0.0542,31.6,32.62,32.15,32.83,-5.2563644,2.0103632499999997,-6.913688249999999,0.7,0.3,2.2,0,ble
person_b_session_01,right_lateral_load,high,2026-08-14T21:44:19.189+08:00,1786715059189,right,foot_right_001,2402087,343640703,0.0034,0.1153,0.0083,0.0,0.0335,0.0129,31.22,32.03,24.86,32.45,3.99130655,5.40346415,-5.8447634,-6.2,-1.2,-1.5,0,ble
person_b_session_01,right_lateral_load,high,2026-08-14T21:44:19.388+08:00,1786715059388,left,foot_left_001,2402087,343640704,0.0337,0.0002,0.0266,0.0093,0.0007,0.0559,31.6,32.62,32.15,32.83,-5.2269444499999995,2.0005566,-6.874461649999999,0.6,0.1,2.1,0,ble
person_b_session_01,right_lateral_load,high,2026-08-14T21:44:19.389+08:00,1786715059389,right,foot_right_001,2402087,343640704,0.0037,0.1155,0.0076,0.0,0.0337,0.0134,31.22,32.03,24.84,32.45,3.9814998999999998,5.4524973999999995,-5.815343449999999,-6.4,-1.1,-1.4,0,ble
person_b_session_01,right_lateral_load,high,2026-08-14T21:44:19.588+08:00,1786715059588,left,foot_left_001,2402087,343640705,0.0332,0.0002,0.0264,0.009,0.0007,0.0564,31.66,32.62,32.15,32.83,-5.24655775,1.9907499499999999,-6.952914849999999,0.7,0.3,2.2,0,ble
person_b_session_01,right_lateral_load,high,2026-08-14T21:44:19.589+08:00,1786715059589,right,foot_right_001,2402087,343640705,0.0034,0.1155,0.0073,0.0,0.0339,0.0137,31.22,32.03,24.84,32.42,3.9618865999999997,5.413270799999999,-5.834956749999999,-6.4,-1.1,-1.4,0,ble
person_b_session_01,right_lateral_load,high,2026-08-14T21:44:19.788+08:00,1786715059788,left,foot_left_001,2402087,343640706,0.0303,0.0002,0.0252,0.0088,0.0005,0.0579,31.6,32.62,32.15,32.83,-5.2171378,2.0103632499999997,-6.894074949999999,0.6,0.1,2.0,0,ble
person_b_session_01,right_lateral_load,high,2026-08-14T21:44:19.789+08:00,1786715059789,right,foot_right_001,2402087,343640706,0.0032,0.1155,0.0073,0.0,0.0347,0.0144,31.22,32.06,24.84,32.42,3.97169325,5.432884099999999,-5.8251501,-6.5,-0.8,-1.2,0,ble
person_b_session_01,right_lateral_load,high,2026-08-14T21:44:19.988+08:00,1786715059988,left,foot_left_001,2402087,343640707,0.0335,0.0005,0.0266,0.0093,0.0007,0.0569,31.6,32.62,32.15,32.83,-5.197524499999999,2.0201699,-6.913688249999999,0.6,0.1,2.0,0,ble
person_b_session_01,right_lateral_load,high,2026-08-14T21:44:19.989+08:00,1786715059989,right,foot_right_001,2402087,343640707,0.0029,0.1162,0.0073,0.0,0.0347,0.0144,31.22,32.03,24.84,32.42,3.99130655,5.42307745,-5.8251501,-6.4,-0.9,-1.3,0,ble
person_b_session_01,right_lateral_load,high,2026-08-14T21:44:20.188+08:00,1786715060188,left,foot_left_001,2402087,343640708,0.0342,0.0005,0.0274,0.0093,0.0005,0.0562,31.66,32.62,32.15,32.89,-5.24655775,2.0103632499999997,-6.894074949999999,0.6,0.1,2.1,0,ble
person_b_session_01,right_lateral_load,high,2026-08-14T21:44:20.189+08:00,1786715060189,right,foot_right_001,2402087,343640708,0.0044,0.1175,0.0076,0.0,0.0347,0.0142,31.22,32.03,24.84,32.39,3.9618865999999997,5.44269075,-5.75650355,-6.3,-0.7,-1.2,0,ble
person_b_session_01,right_lateral_load,high,2026-08-14T21:44:20.388+08:00,1786715060388,left,foot_left_001,2402087,343640709,0.0361,0.0002,0.0283,0.0078,0.0007,0.0525,31.6,32.62,32.15,32.83,-5.197524499999999,1.9907499499999999,-6.9234949,0.7,0.3,2.0,0,ble
person_b_session_01,right_lateral_load,high,2026-08-14T21:44:20.389+08:00,1786715060389,right,foot_right_001,2402087,343640709,0.0027,0.1175,0.0085,0.0,0.0347,0.0137,31.22,32.03,24.78,32.39,3.95207995,5.40346415,-5.7859235,-6.4,-0.7,-1.1,0,ble
person_b_session_01,right_lateral_load,high,2026-08-14T21:44:20.588+08:00,1786715060588,left,foot_left_001,2402087,343640710,0.0386,0.0002,0.0298,0.0093,0.001,0.0457,31.57,32.62,32.15,32.83,-5.24655775,2.0201699,-6.854848349999999,0.7,0.1,2.0,0,ble
person_b_session_01,right_lateral_load,high,2026-08-14T21:44:20.589+08:00,1786715060589,right,foot_right_001,2402087,343640710,0.0037,0.1177,0.0083,0.0,0.0347,0.0132,31.22,32.03,24.78,32.39,3.97169325,5.4524973999999995,-5.8055368,-6.5,-0.8,-1.3,0,ble
person_b_session_01,right_lateral_load,high,2026-08-14T21:44:20.788+08:00,1786715060788,left,foot_left_001,2402087,343640711,0.0388,0.0007,0.0295,0.0085,0.001,0.0457,31.6,32.62,32.15,32.83,-5.2269444499999995,2.0201699,-6.9333015499999995,0.7,0.3,2.1,0,ble
person_b_session_01,right_lateral_load,high,2026-08-14T21:44:20.789+08:00,1786715060789,right,foot_right_001,2402087,343640711,0.0032,0.1184,0.0088,0.0,0.0344,0.0129,31.22,32.03,24.78,32.39,3.97169325,5.472110699999999,-5.776116849999999,-6.1,-1.0,-1.2,0,ble
person_b_session_01,right_lateral_load,high,2026-08-14T21:44:20.988+08:00,1786715060988,left,foot_left_001,2402087,343640712,0.0342,0.0005,0.0278,0.0085,0.0007,0.0498,31.6,32.62,32.15,32.83,-5.20733115,2.0005566,-6.874461649999999,0.7,0.3,2.3,0,ble
person_b_session_01,right_lateral_load,high,2026-08-14T21:44:20.989+08:00,1786715060989,right,foot_right_001,2402087,343640712,0.0037,0.1182,0.0088,0.0,0.0352,0.0132,31.22,32.03,24.78,32.33,3.99130655,5.4524973999999995,-5.815343449999999,-6.4,-1.0,-1.4,0,ble
person_b_session_01,right_lateral_load,high,2026-08-14T21:44:21.188+08:00,1786715061188,left,foot_left_001,2402087,343640713,0.0298,0.0005,0.0242,0.0068,0.0002,0.0552,31.66,32.62,32.15,32.83,-5.20733115,2.04958985,-6.952914849999999,0.7,0.6,2.4,0,ble
person_b_session_01,right_lateral_load,high,2026-08-14T21:44:21.189+08:00,1786715061189,right,foot_right_001,2402087,343640713,0.0034,0.1177,0.0085,0.0,0.0354,0.0144,31.22,32.03,24.78,32.33,3.9618865999999997,5.4524973999999995,-5.815343449999999,-6.6,-0.9,-1.5,0,ble
person_b_session_01,right_lateral_load,high,2026-08-14T21:44:21.388+08:00,1786715061388,left,foot_left_001,2402087,343640714,0.0276,0.0002,0.022,0.0061,0.0002,0.0579,31.6,32.62,32.15,32.83,-5.236751099999999,2.0103632499999997,-6.9333015499999995,0.6,0.2,2.2,0,ble
person_b_session_01,right_lateral_load,high,2026-08-14T21:44:21.389+08:00,1786715061389,right,foot_right_001,2402087,343640714,0.0027,0.1165,0.0083,0.0,0.0354,0.0142,31.22,32.03,24.75,32.33,4.0011132,5.42307745,-5.8447634,-6.1,-0.9,-1.1,0,ble
person_b_session_01,right_lateral_load,high,2026-08-14T21:44:21.588+08:00,1786715061588,left,foot_left_001,2402087,343640715,0.0281,0.0005,0.0227,0.0073,0.0005,0.0593,31.6,32.62,32.15,32.83,-5.2171378,2.0005566,-6.864655,0.6,0.0,1.9,0,ble
person_b_session_01,right_lateral_load,high,2026-08-14T21:44:21.589+08:00,1786715061589,right,foot_right_001,2402087,343640715,0.0039,0.116,0.0081,0.0,0.0359,0.0137,31.22,32.03,24.78,32.33,3.9814998999999998,5.432884099999999,-5.8447634,-6.1,-0.8,-1.0,0,ble
person_b_session_01,right_lateral_load,high,2026-08-14T21:44:21.788+08:00,1786715061788,left,foot_left_001,2402087,343640716,0.0305,0.0007,0.0252,0.0083,0.0007,0.0584,31.6,32.62,32.15,32.83,-5.2269444499999995,2.0201699,-6.9234949,0.6,-0.1,2.0,0,ble
person_b_session_01,right_lateral_load,high,2026-08-14T21:44:21.789+08:00,1786715061789,right,foot_right_001,2402087,343640716,0.0029,0.116,0.0083,0.0,0.0359,0.0151,31.22,32.03,24.73,32.33,3.97169325,5.432884099999999,-5.8251501,-5.8,-0.9,-1.0,0,ble
person_b_session_01,right_lateral_load,high,2026-08-14T21:44:21.988+08:00,1786715061988,left,foot_left_001,2402087,343640717,0.0335,0.0005,0.0264,0.0093,0.0007,0.0571,31.6,32.62,32.15,32.83,-5.236751099999999,2.0005566,-6.8842683,0.5,-0.1,2.0,0,ble
person_b_session_01,right_lateral_load,high,2026-08-14T21:44:21.989+08:00,1786715061989,right,foot_right_001,2402087,343640717,0.0024,0.116,0.0085,0.0,0.0357,0.0137,31.22,32.06,24.78,32.33,3.97169325,5.42307745,-5.8055368,-6.4,-0.7,-1.2,0,ble
person_b_session_01,right_lateral_load,high,2026-08-14T21:44:22.188+08:00,1786715062188,left,foot_left_001,2402087,343640718,0.0371,0.0007,0.0293,0.01,0.0007,0.0532,31.66,32.62,32.15,32.89,-5.2171378,2.0103632499999997,-6.9333015499999995,0.6,0.1,2.0,0,ble
person_b_session_01,right_lateral_load,high,2026-08-14T21:44:22.189+08:00,1786715062189,right,foot_right_001,2402087,343640718,0.0037,0.1167,0.0088,0.0,0.0344,0.0125,31.22,32.03,24.67,32.33,3.9814998999999998,5.462304049999999,-5.8251501,-6.3,-0.9,-1.2,0,ble
person_b_session_01,right_lateral_load,high,2026-08-14T21:44:22.388+08:00,1786715062388,left,foot_left_001,2402087,343640719,0.04,0.0005,0.0308,0.009,0.001,0.0508,31.6,32.62,32.15,32.83,-5.2269444499999995,2.0005566,-6.9038816,0.6,0.1,2.1,0,ble
person_b_session_01,right_lateral_load,high,2026-08-14T21:44:22.389+08:00,1786715062389,right,foot_right_001,2402087,343640719,0.0027,0.1179,0.0093,0.0,0.0344,0.0122,31.22,32.03,24.67,32.33,4.01091985,5.40346415,-5.79573015,-6.3,-1.0,-1.3,0,ble
person_b_session_01,right_lateral_load,high,2026-08-14T21:44:22.588+08:00,1786715062588,left,foot_left_001,2402087,343640720,0.0403,0.0002,0.0305,0.0095,0.0007,0.0491,31.6,32.62,32.15,32.89,-5.20733115,2.0005566,-6.8842683,0.6,0.2,2.0,0,ble
person_b_session_01,right_lateral_load,high,2026-08-14T21:44:22.589+08:00,1786715062589,right,foot_right_001,2402087,343640720,0.0024,0.1175,0.0093,0.0,0.0342,0.0117,31.22,32.03,24.67,32.33,4.0011132,5.413270799999999,-5.8055368,-6.3,-1.0,-1.4,0,ble
person_b_session_01,right_lateral_load,high,2026-08-14T21:44:22.788+08:00,1786715062788,left,foot_left_001,2402087,343640721,0.0383,0.0002,0.03,0.0098,0.0007,0.0505,31.6,32.62,32.15,32.83,-5.236751099999999,2.0201699,-6.874461649999999,0.7,0.2,2.2,0,ble
person_b_session_01,right_lateral_load,high,2026-08-14T21:44:22.789+08:00,1786715062789,right,foot_right_001,2402087,343640721,0.0024,0.1167,0.0093,0.0,0.0347,0.012,31.22,32.03,24.62,32.33,3.9814998999999998,5.462304049999999,-5.834956749999999,-6.1,-1.2,-1.4,0,ble
person_b_session_01,right_lateral_load,high,2026-08-14T21:44:22.988+08:00,1786715062988,left,foot_left_001,2402087,343640722,0.0337,0.0,0.0264,0.0071,0.0007,0.0554,31.66,32.62,32.15,32.89,-5.197524499999999,1.9711366499999998,-6.8450416999999995,0.5,0.3,2.3,0,ble
person_b_session_01,right_lateral_load,high,2026-08-14T21:44:22.989+08:00,1786715062989,right,foot_right_001,2402087,343640722,0.002,0.1153,0.009,0.0,0.0361,0.0125,31.22,32.06,24.67,32.33,3.99130655,5.432884099999999,-5.79573015,-5.4,-1.5,-1.4,0,ble
person_b_session_01,right_lateral_load,high,2026-08-14T21:44:23.188+08:00,1786715063188,left,foot_left_001,2402087,343640723,0.0327,0.0005,0.0259,0.0073,0.0007,0.0569,31.66,32.62,32.15,32.83,-5.2171378,2.0005566,-6.943108199999999,0.7,0.1,2.0,0,ble
person_b_session_01,right_lateral_load,high,2026-08-14T21:44:23.189+08:00,1786715063189,right,foot_right_001,2402087,343640723,0.002,0.1145,0.009,0.0,0.0364,0.0127,31.22,32.03,24.62,32.33,3.97169325,5.40346415,-5.8545700499999995,-6.6,-0.8,-1.3,0,ble
person_b_session_01,right_lateral_load,high,2026-08-14T21:44:23.388+08:00,1786715063388,left,foot_left_001,2402087,343640724,0.0342,0.0005,0.0274,0.009,0.0007,0.0564,31.66,32.65,32.15,32.89,-5.236751099999999,2.0299765499999998,-6.864655,0.5,-0.4,2.0,0,ble
person_b_session_01,right_lateral_load,high,2026-08-14T21:44:23.389+08:00,1786715063389,right,foot_right_001,2402087,343640724,0.002,0.1148,0.0093,0.0,0.0364,0.0127,31.22,32.03,24.62,32.3,3.99130655,5.40346415,-5.834956749999999,-6.5,-0.6,-1.3,0,ble
person_b_session_01,right_lateral_load,high,2026-08-14T21:44:23.588+08:00,1786715063588,left,foot_left_001,2402087,343640725,0.0357,0.0005,0.0286,0.0093,0.0007,0.0562,31.6,32.62,32.15,32.83,-5.236751099999999,2.0103632499999997,-6.894074949999999,0.6,0.1,2.1,0,ble
person_b_session_01,right_lateral_load,high,2026-08-14T21:44:23.589+08:00,1786715063589,right,foot_right_001,2402087,343640725,0.002,0.1158,0.0095,0.0,0.0366,0.0132,31.22,32.03,24.62,32.3,4.01091985,5.432884099999999,-5.8251501,-6.2,-1.0,-1.3,0,ble
person_b_session_01,right_lateral_load,high,2026-08-14T21:44:23.788+08:00,1786715063788,left,foot_left_001,2402087,343640726,0.0359,0.0005,0.0286,0.0095,0.0007,0.0564,31.6,32.62,32.15,32.89,-5.236751099999999,2.0103632499999997,-6.9038816,0.7,0.1,2.1,0,ble
person_b_session_01,right_lateral_load,high,2026-08-14T21:44:23.789+08:00,1786715063789,right,foot_right_001,2402087,343640726,0.0022,0.1162,0.0095,0.0,0.0366,0.0137,31.22,32.03,24.62,32.3,4.0011132,5.44269075,-5.8251501,-6.4,-0.9,-1.3,0,ble
person_b_session_01,right_lateral_load,high,2026-08-14T21:44:23.974+08:00,1786715063974,right,foot_right_001,2402087,343640727,0.002,0.1162,0.0093,0.0,0.0366,0.0147,31.22,32.03,24.62,32.27,4.0011132,5.42307745,-5.834956749999999,-6.3,-0.8,-1.2,0,ble
person_b_session_01,right_lateral_load,high,2026-08-14T21:44:23.988+08:00,1786715063988,left,foot_left_001,2402087,343640727,0.0352,0.0007,0.0283,0.0095,0.0007,0.0569,31.66,32.62,32.15,32.89,-5.20733115,1.9809432999999999,-6.913688249999999,0.7,0.2,2.1,0,ble
person_b_session_01,right_lateral_load,high,2026-08-14T21:44:24.188+08:00,1786715064188,left,foot_left_001,2402087,343640728,0.0327,0.0005,0.0259,0.0085,0.0007,0.0579,31.6,32.62,32.15,32.89,-5.2171378,1.9907499499999999,-6.9333015499999995,0.7,0.4,2.2,0,ble
person_b_session_01,right_lateral_load,high,2026-08-14T21:44:24.195+08:00,1786715064195,right,foot_right_001,2402087,343640728,0.001,0.1158,0.009,0.0,0.0364,0.0159,31.22,32.03,24.62,32.27,4.697385349999999,5.3936575,-6.4821956499999995,-5.3,-1.2,-1.1,0,ble
person_b_session_01,right_lateral_load,high,2026-08-14T21:44:24.388+08:00,1786715064388,left,foot_left_001,2402087,343640729,0.0269,0.0002,0.0222,0.0061,0.0005,0.0606,31.66,32.62,32.15,32.89,-5.197524499999999,2.0103632499999997,-6.97252815,0.6,0.2,2.2,0,ble
person_b_session_01,right_lateral_load,high,2026-08-14T21:44:24.393+08:00,1786715064393,right,foot_right_001,2402087,343640729,0.0017,0.1158,0.0088,0.0,0.0366,0.0134,31.22,32.06,24.62,32.3,4.069759749999999,6.0310897500000005,-7.0019481,-6.0,-0.6,-1.1,0,ble
person_b_session_01,right_lateral_load,high,2026-08-14T21:44:24.588+08:00,1786715064588,left,foot_left_001,2402087,343640730,0.0264,0.0005,0.022,0.0063,0.0005,0.0611,31.66,32.62,32.15,32.89,-5.2269444499999995,2.0005566,-6.894074949999999,0.6,0.2,2.1,0,ble
person_b_session_01,right_lateral_load,high,2026-08-14T21:44:24.593+08:00,1786715064593,right,foot_right_001,2402087,343640730,0.0015,0.1153,0.0088,0.0,0.0364,0.0144,31.22,32.06,24.62,32.27,4.2756994,5.501530649999999,-6.0310897500000005,-6.1,-1.0,-1.3,0,ble
person_b_session_01,right_lateral_load,high,2026-08-14T21:44:24.788+08:00,1786715064788,left,foot_left_001,2402087,343640731,0.0266,0.0007,0.022,0.0071,0.0005,0.0618,31.66,32.62,32.15,32.89,-5.18771785,1.9907499499999999,-6.913688249999999,0.7,0.2,2.1,0,ble
person_b_session_01,right_lateral_load,high,2026-08-14T21:44:24.793+08:00,1786715064793,right,foot_right_001,2402087,343640731,0.0015,0.115,0.0085,0.0,0.0369,0.0154,31.22,32.06,24.62,32.27,3.5892338999999995,5.0406181,-4.118792999999999,-6.6,-0.8,-1.3,0,ble
person_b_session_01,right_lateral_load,high,2026-08-14T21:44:24.988+08:00,1786715064988,left,foot_left_001,2402087,343640732,0.0278,0.0007,0.023,0.0078,0.0005,0.0613,31.66,32.62,32.18,32.89,-5.2171378,2.0005566,-6.9038816,0.7,0.2,2.2,0,ble
person_b_session_01,right_lateral_load,high,2026-08-14T21:44:24.993+08:00,1786715064993,right,foot_right_001,2402087,343640732,0.0017,0.1153,0.0088,0.0,0.0371,0.0144,31.22,32.06,24.62,32.27,4.03053315,6.07031635,-7.05098135,-6.1,-0.8,-1.4,0,ble
person_b_session_01,right_lateral_load,high,2026-08-14T21:44:25.188+08:00,1786715065188,left,foot_left_001,2402087,343640733,0.0252,0.0005,0.0212,0.0063,0.0002,0.0628,31.66,32.62,32.15,32.89,-5.18771785,2.06920315,-6.8842683,0.5,0.3,2.2,0,ble
person_b_session_01,right_lateral_load,high,2026-08-14T21:44:25.193+08:00,1786715065193,right,foot_right_001,2402087,343640733,0.0012,0.1111,0.0068,0.0,0.0379,0.0149,31.22,32.06,24.59,32.27,3.7853669,5.28578435,-6.403742449999999,-5.0,-1.5,-1.1,0,ble
person_b_session_01,right_lateral_load,high,2026-08-14T21:44:25.388+08:00,1786715065388,left,foot_left_001,2402087,343640734,0.0208,0.0002,0.0173,0.0037,0.0,0.0642,31.66,32.62,32.18,32.89,-5.3152042999999995,2.0986230999999997,-6.8842683,0.3,-0.1,2.5,0,ble
person_b_session_01,right_lateral_load,high,2026-08-14T21:44:25.393+08:00,1786715065393,right,foot_right_001,2402087,343640734,0.0005,0.1016,0.0059,0.0,0.0383,0.0161,31.22,32.06,24.62,32.27,3.9618865999999997,5.42307745,-5.89379665,-5.8,-1.4,-1.5,0,ble
person_b_session_01,right_lateral_load,high,2026-08-14T21:44:25.588+08:00,1786715065588,left,foot_left_001,2402087,343640735,0.01,0.0,0.0078,0.0029,0.0,0.0674,31.6,32.62,32.15,32.83,-5.1779112,2.0201699,-6.952914849999999,0.7,0.2,2.1,0,ble
person_b_session_01,right_lateral_load,high,2026-08-14T21:44:25.593+08:00,1786715065593,right,foot_right_001,2402087,343640735,0.0005,0.0913,0.0022,0.0,0.0398,0.0227,31.22,32.06,24.59,32.24,3.92266,5.462304049999999,-5.8447634,-6.6,-1.3,-1.7,0,ble
person_b_session_01,right_lateral_load,high,2026-08-14T21:44:25.788+08:00,1786715065788,left,foot_left_001,2402087,343640736,0.0112,0.0,0.0071,0.0032,0.0,0.0667,31.66,32.62,32.18,32.89,-5.2269444499999995,2.0397832,-6.913688249999999,0.6,0.3,2.2,0,ble
person_b_session_01,right_lateral_load,high,2026-08-14T21:44:25.793+08:00,1786715065793,right,foot_right_001,2402087,343640736,0.0002,0.0926,0.0042,0.0,0.0408,0.0254,31.22,32.06,24.59,32.24,3.8834334,5.4524973999999995,-5.776116849999999,-6.1,-1.5,-1.9,0,ble
person_b_session_01,right_lateral_load,high,2026-08-14T21:44:25.988+08:00,1786715065988,left,foot_left_001,2402087,343640737,0.0103,0.0,0.0056,0.0032,0.0,0.0669,31.66,32.62,32.18,32.89,-5.20733115,2.0299765499999998,-6.9038816,0.6,-0.1,2.0,0,ble
person_b_session_01,right_lateral_load,high,2026-08-14T21:44:25.993+08:00,1786715065993,right,foot_right_001,2402087,343640737,0.0,0.0889,0.0027,0.0,0.0418,0.0259,31.22,32.03,24.59,32.24,3.8638201,5.501530649999999,-5.8251501,-6.6,-1.2,-1.7,0,ble
person_b_session_01,right_lateral_load,high,2026-08-14T21:44:26.188+08:00,1786715066188,left,foot_left_001,2402087,343640738,0.0105,0.0,0.0061,0.0029,0.0,0.0652,31.66,32.62,32.15,32.89,-5.24655775,2.0103632499999997,-6.9234949,0.6,0.2,2.1,0,ble
person_b_session_01,right_lateral_load,high,2026-08-14T21:44:26.193+08:00,1786715066193,right,foot_right_001,2402087,343640738,0.0015,0.0913,0.0027,0.0,0.044,0.0269,31.22,32.06,24.59,32.24,3.93246665,5.462304049999999,-5.89379665,-5.9,-1.3,-1.4,0,ble
person_b_session_01,right_lateral_load,high,2026-08-14T21:44:26.388+08:00,1786715066388,left,foot_left_001,2402087,343640739,0.0107,0.0,0.0056,0.0037,0.0,0.0647,31.66,32.62,32.18,32.89,-5.2269444499999995,2.0397832,-6.8842683,0.6,0.0,2.1,0,ble
person_b_session_01,right_lateral_load,high,2026-08-14T21:44:26.393+08:00,1786715066393,right,foot_right_001,2402087,343640739,0.001,0.0894,0.0024,0.0,0.0437,0.03,31.22,32.06,24.59,32.24,3.87362675,5.3936575,-5.89379665,-6.0,-1.2,-1.5,0,ble
person_b_session_01,right_lateral_load,high,2026-08-14T21:44:26.588+08:00,1786715066588,left,foot_left_001,2402087,343640740,0.0107,0.0,0.0059,0.0037,0.0,0.0642,31.66,32.62,32.15,32.89,-5.2269444499999995,2.0005566,-6.9333015499999995,0.8,0.2,2.0,0,ble
person_b_session_01,right_lateral_load,high,2026-08-14T21:44:26.593+08:00,1786715066593,right,foot_right_001,2402087,343640740,0.0012,0.0926,0.0027,0.0,0.0452,0.0295,31.22,32.03,24.56,32.18,3.85401345,5.3936575,-5.88399,-5.6,-0.9,-1.0,0,ble
person_b_session_01,right_lateral_load,high,2026-08-14T21:44:26.788+08:00,1786715066788,left,foot_left_001,2402087,343640741,0.0117,0.0,0.0061,0.0042,0.0,0.0637,31.66,32.62,32.18,32.89,-5.18771785,2.0397832,-6.9234949,0.6,0.1,2.1,0,ble
person_b_session_01,right_lateral_load,high,2026-08-14T21:44:26.793+08:00,1786715066793,right,foot_right_001,2402087,343640741,0.0015,0.0962,0.0032,0.0,0.0454,0.0293,31.22,32.03,24.56,32.15,3.8834334,5.44269075,-5.89379665,-6.5,-0.8,-1.4,0,ble
person_b_session_01,right_lateral_load,high,2026-08-14T21:44:26.988+08:00,1786715066988,left,foot_left_001,2402087,343640742,0.0122,0.0,0.0059,0.0044,0.0,0.0637,31.6,32.59,32.15,32.83,-5.20733115,2.0103632499999997,-6.9333015499999995,0.7,0.2,2.1,0,ble
person_b_session_01,right_lateral_load,high,2026-08-14T21:44:26.993+08:00,1786715066993,right,foot_right_001,2402087,343640742,0.0012,0.0989,0.0044,0.0,0.0454,0.0286,31.22,32.06,24.56,32.24,3.85401345,5.4524973999999995,-5.89379665,-6.5,-1.1,-1.6,0,ble
person_b_session_01,right_lateral_load,high,2026-08-14T21:44:27.188+08:00,1786715067188,left,foot_left_001,2402087,343640743,0.0127,0.0,0.0061,0.0042,0.0,0.064,31.6,32.59,32.15,32.83,-5.236751099999999,2.0201699,-6.894074949999999,0.5,0.1,2.2,0,ble
person_b_session_01,right_lateral_load,high,2026-08-14T21:44:27.193+08:00,1786715067193,right,foot_right_001,2402087,343640743,0.0007,0.0991,0.0044,0.0,0.0459,0.03,31.22,32.06,24.59,32.15,3.83440015,5.462304049999999,-5.903603299999999,-6.3,-1.1,-1.6,0,ble
person_b_session_01,right_lateral_load,high,2026-08-14T21:44:27.388+08:00,1786715067388,left,foot_left_001,2402087,343640744,0.0098,0.0,0.0039,0.0024,0.0,0.0647,31.6,32.62,32.15,32.89,-5.28578435,2.06920315,-6.9038816,0.3,-0.4,2.2,0,ble
person_b_session_01,right_lateral_load,high,2026-08-14T21:44:27.393+08:00,1786715067393,right,foot_right_001,2402087,343640744,0.0005,0.0923,0.0032,0.0,0.0466,0.0335,31.22,32.03,24.56,32.15,3.8932400499999997,5.48191735,-5.89379665,-6.1,-1.1,-1.6,0,ble
person_b_session_01,right_lateral_load,high,2026-08-14T21:44:27.588+08:00,1786715067588,left,foot_left_001,2402087,343640745,0.0083,0.0,0.001,0.0029,0.0,0.0652,31.6,32.62,32.15,32.89,-5.2171378,2.06920315,-6.9038816,0.7,0.3,2.2,0,ble
person_b_session_01,right_lateral_load,high,2026-08-14T21:44:27.593+08:00,1786715067593,right,foot_right_001,2402087,343640745,0.0005,0.0869,0.0027,0.0,0.0486,0.0337,31.22,32.03,24.56,32.12,3.81478685,5.462304049999999,-5.913409949999999,-5.7,-1.3,-1.2,0,ble
person_b_session_01,right_lateral_load,high,2026-08-14T21:44:27.788+08:00,1786715067788,left,foot_left_001,2402087,343640746,0.009,0.0,0.0017,0.0027,0.0,0.0654,31.6,32.62,32.15,32.89,-5.2171378,2.0103632499999997,-6.864655,0.6,0.0,2.1,0,ble
person_b_session_01,right_lateral_load,high,2026-08-14T21:44:27.793+08:00,1786715067793,right,foot_right_001,2402087,343640746,0.0005,0.0862,0.0027,0.0,0.0479,0.0364,31.22,32.06,24.59,32.18,3.8049802,5.44269075,-5.9232166,-5.9,-0.9,-1.1,0,ble
person_b_session_01,right_lateral_load,high,2026-08-14T21:44:27.988+08:00,1786715067988,left,foot_left_001,2402087,343640747,0.0071,0.0,0.0017,0.0024,0.0,0.0657,31.66,32.62,32.18,32.89,-5.20733115,2.0593964999999996,-6.894074949999999,0.7,0.2,2.1,0,ble
person_b_session_01,right_lateral_load,high,2026-08-14T21:44:27.993+08:00,1786715067993,right,foot_right_001,2402087,343640747,0.0005,0.0867,0.0034,0.0,0.0486,0.0364,31.22,32.06,24.59,32.18,3.83440015,5.3936575,-5.933023249999999,-6.0,-0.8,-1.0,0,ble
person_b_session_01,right_lateral_load,high,2026-08-14T21:44:28.188+08:00,1786715068188,left,foot_left_001,2402087,343640748,0.0049,0.0,0.0012,0.0024,0.0,0.0667,31.6,32.62,32.15,32.89,-5.2171378,2.04958985,-6.894074949999999,0.7,0.4,2.2,0,ble
person_b_session_01,right_lateral_load,high,2026-08-14T21:44:28.193+08:00,1786715068193,right,foot_right_001,2402087,343640748,0.0007,0.085,0.0037,0.0,0.0469,0.0366,31.19,32.03,24.56,32.09,3.83440015,5.432884099999999,-5.933023249999999,-6.2,-1.3,-1.3,0,ble
person_b_session_01,right_lateral_load,high,2026-08-14T21:44:28.388+08:00,1786715068388,left,foot_left_001,2402087,343640749,0.0,0.0,0.0,0.0022,0.0,0.0679,31.66,32.62,32.15,32.83,-5.18771785,2.0103632499999997,-6.894074949999999,1.5,0.4,2.6,0,ble
person_b_session_01,right_lateral_load,high,2026-08-14T21:44:28.393+08:00,1786715068393,right,foot_right_001,2402087,343640749,0.0,0.0825,0.0027,0.0,0.0462,0.0359,31.22,32.03,24.56,32.09,3.8638201,5.374044199999999,-5.9820565,-6.8,-0.7,-1.3,0,ble
person_b_session_01,right_lateral_load,high,2026-08-14T21:44:28.588+08:00,1786715068588,left,foot_left_001,2402087,343640750,0.0,0.0,0.0002,0.0027,0.0,0.0679,31.6,32.59,32.15,32.89,-5.1582979,2.0005566,-7.0019481,0.7,0.2,2.1,0,ble
person_b_session_01,right_lateral_load,high,2026-08-14T21:44:28.593+08:00,1786715068593,right,foot_right_001,2402087,343640750,0.0007,0.084,0.0029,0.0,0.0469,0.0361,31.22,32.03,24.56,32.09,3.81478685,5.472110699999999,-5.89379665,-6.7,-1.0,-1.5,0,ble
person_b_session_01,right_lateral_load,high,2026-08-14T21:44:28.788+08:00,1786715068788,left,foot_left_001,2402087,343640751,0.0,0.0,0.001,0.0034,0.0,0.0664,31.6,32.59,32.18,32.89,-5.16810455,2.04958985,-6.894074949999999,0.5,0.1,2.1,0,ble
person_b_session_01,right_lateral_load,high,2026-08-14T21:44:28.793+08:00,1786715068793,right,foot_right_001,2402087,343640751,0.0005,0.0874,0.0032,0.0,0.0484,0.0359,31.22,32.03,24.56,32.09,3.79517355,5.374044199999999,-5.972249849999999,-4.9,-1.2,-1.0,0,ble
person_b_session_01,right_lateral_load,high,2026-08-14T21:44:28.988+08:00,1786715068988,left,foot_left_001,2402087,343640752,0.0005,0.0,0.0015,0.0034,0.0,0.0642,31.6,32.59,32.15,32.89,-5.197524499999999,2.0593964999999996,-6.874461649999999,0.3,-0.4,1.9,0,ble
person_b_session_01,right_lateral_load,high,2026-08-14T21:44:28.993+08:00,1786715068993,right,foot_right_001,2402087,343640752,0.0,0.0896,0.0037,0.0,0.0498,0.0376,31.22,32.06,24.56,32.12,3.8049802,5.432884099999999,-5.903603299999999,-0.1,-5.5,0.2,0,ble
person_b_session_01,right_lateral_load,high,2026-08-14T21:44:29.188+08:00,1786715069188,left,foot_left_001,2402087,343640753,0.0027,0.0,0.0017,0.0044,0.0,0.0547,31.6,32.59,32.15,32.89,-5.24655775,2.04958985,-6.9038816,0.3,-0.6,2.0,0,ble
person_b_session_01,right_lateral_load,high,2026-08-14T21:44:29.193+08:00,1786715069193,right,foot_right_001,2402087,343640753,0.0002,0.0855,0.0059,0.0,0.053,0.0422,31.22,32.06,24.56,32.09,3.6774937499999996,5.14849125,-6.138962899999999,-4.8,-2.1,-1.9,0,ble
person_b_session_01,right_lateral_load,high,2026-08-14T21:44:29.388+08:00,1786715069388,left,foot_left_001,2402087,343640754,0.0039,0.0,0.0027,0.0046,0.0,0.0554,31.6,32.59,32.15,32.89,-5.2171378,2.04958985,-6.9038816,0.7,0.1,2.1,0,ble
person_b_session_01,right_lateral_load,high,2026-08-14T21:44:29.393+08:00,1786715069393,right,foot_right_001,2402087,343640754,0.0007,0.0703,0.0059,0.0,0.0484,0.0476,31.19,32.03,24.56,32.09,3.7069136999999994,5.03081145,-6.276255999999999,8.4,-4.3,1.3,0,ble
person_b_session_01,right_lateral_load,high,2026-08-14T21:44:29.588+08:00,1786715069588,left,foot_left_001,2402087,343640755,0.0125,0.0,0.0081,0.0046,0.0,0.0532,31.6,32.59,32.15,32.89,-5.26617105,2.0299765499999998,-6.9333015499999995,0.8,0.1,2.1,0,ble
person_b_session_01,right_lateral_load,high,2026-08-14T21:44:29.593+08:00,1786715069593,right,foot_right_001,2402087,343640755,0.0083,0.0347,0.009,0.0,0.0437,0.0486,31.22,32.03,24.56,32.09,3.7265269999999995,4.61893215,-6.5312289,6.2,2.4,2.3,0,ble
person_b_session_01,right_lateral_load,high,2026-08-14T21:44:29.788+08:00,1786715069788,left,foot_left_001,2402087,343640756,0.0171,0.0,0.0149,0.0054,0.0012,0.0652,31.6,32.59,32.15,32.89,-5.20733115,2.06920315,-6.894074949999999,0.0,0.3,2.5,0,ble
person_b_session_01,right_lateral_load,high,2026-08-14T21:44:29.793+08:00,1786715069793,right,foot_right_001,2402087,343640756,0.0149,0.0166,0.0044,0.0,0.0276,0.0298,31.22,32.06,24.62,32.15,3.7559469499999993,4.314926,-6.668522,-2.3,0.8,0.6,0,ble
person_b_session_01,right_lateral_load,high,2026-08-14T21:44:29.988+08:00,1786715069988,left,foot_left_001,2402087,343640757,0.0295,0.0007,0.0332,0.0078,0.0083,0.0733,31.6,32.59,32.15,32.89,-5.2563644,2.06920315,-6.952914849999999,0.4,0.5,2.2,0,ble
person_b_session_01,right_lateral_load,high,2026-08-14T21:44:29.993+08:00,1786715069993,right,foot_right_001,2402087,343640757,0.0149,0.0063,0.0017,0.0,0.0129,0.0137,31.22,32.06,24.62,32.15,3.8245934999999998,4.256086099999999,-6.65871535,-5.3,-0.6,-1.0,0,ble
